RecordID,FullName,Phone,ZodiacSign,FavoriteColor,Hobby,pickup_datetime,pickup_latitude,pickup_longitude,dropoff_latitude,dropoff_longitude,passenger_count,trip_distance,trip_distance_miles,hour,day_of_week,is_weekend,weather,VendorID,trip_duration,total_fare
REC00001,Sofia Miller,3449545056.0,Cancer,Yellow,Cooking,01/06/2023 00:00:00,40.66061751356196,-73.9791912166106,40.66940627121527,-74.00388319642704,2.0,,9.091600657061864,21,4,0,Fog,A,2296.6175263739087,40.22962351644303
REC00002,John Gonzalez,3648211104.0,Capricorn,White,Gaming,01/06/2023 00:17:00,40.71704916937726,-73.91179310637997,40.724526525792896,-73.91877637914172,2.0,11.823875057376123,7.347013068276858,22,4,0,Rain,A,1861.81521093853,32.84216419104907
REC00003,Thomas Perez,3374371140.0,Aries,Green,Reading,01/06/2023 00:34:00,,-74.00684390634865,40.71624689373528,-74.0087320667127,1.0,5.2865191469693595,3.284889688871498,9,1,0,Clear,A,838.8919831786714,15.233691403707878
REC00004,Joseph Thomas,3697255099.0,Libra,Yellow,Hiking,01/06/2023 00:51:00,,-73.97113617953885,40.75109372411159,-73.95187294369354,1.0,5.120515126038892,3.181739604381913,18,3,0,Snow,A,1223.4551394788043,19.487708489752336
REC00005,Charles Lopez,3432575777.0,Sagittarius,Red,Reading,01/06/2023 01:08:00,40.817389907278375,-74.0552831593015,40.83575415488216,-73.99703009993998,,2.633423666122927,1.6363330968424694,18,1,0,Clear,A,646.1338598579365,11.904101131244742
REC00006,Thomas Wilson,3711701263.0,Sagittarius,Black,Dancing,01/06/2023 01:25:00,40.73308309116734,-73.96202065363916,40.729446460152005,-73.96330464604247,2.0,2.3478442687888554,1.4588823411415999,2,4,0,Clear,A,327.25025244033066,6.377763450692346
REC00007,Charles Brown,3854006962.0,Pisces,Purple,Travel,01/06/2023 01:42:00,40.74832770138124,-74.00022630523972,40.79827241031949,-73.99914009769711,1.0,9.597646039120992,5.96369891697465,7,2,0,Clear,A,1612.0789596917114,26.98205703757835
REC00008,John Martinez,3944476012.0,Virgo,White,Photography,01/06/2023 01:59:00,40.74075445088461,-73.95380689827448,40.69619251906351,-73.97335234866658,,12.966685106569638,8.057122091354282,18,3,0,Clear,A,1948.095754551981,36.66321792492151
REC00009,William Garcia,3286742128.0,Taurus,Green,Gaming,01/06/2023 02:16:00,40.69892462850198,-74.02221876685242,40.67672882645231,-74.04540516561497,1.0,2.0380136314183996,1.2663625681680823,22,1,0,Rain,A,679.2006303063979,9.404473655395288
REC00010,Richard Hernandez,3919370504.0,Aries,Purple,Music,01/06/2023 02:33:00,40.74856435712498,-73.96401395060028,40.729507552520765,-73.94369518604805,,1.6019805428165725,0.9954242518704765,16,6,1,Rain,A,340.64174512177823,5.391182147569048
REC00011,Isabel Brown,3605588447.0,Taurus,White,Hiking,01/06/2023 02:50:00,40.739040629893914,-73.99751239247293,40.73931860845158,-73.99634122343527,,4.535185499689371,2.818032749127484,0,5,1,Clear,A,913.4421317178618,16.996113364796194
REC00012,Charles Smith,3049149210.0,Sagittarius,Red,Gaming,01/06/2023 03:07:00,40.75438028074244,-74.11189580278244,40.73498579091844,-74.0744846521184,1.0,1.4329473575138714,0.8903919324857518,20,5,1,Clear,A,159.37390937733733,4.514194452984618
REC00013,Michael Ramirez,3138528109.0,Leo,Orange,Reading,01/06/2023 03:24:00,,-73.97560677397355,40.715749696082995,-73.94146153407725,5.0,5.355301748205804,3.3276292025843888,12,0,0,Rain,A,1023.3891575773094,15.374909605395196
REC00014,Sofia Brown,3236609711.0,Sagittarius,Red,Hiking,01/06/2023 03:41:00,40.75008492399016,-73.91694619352995,40.739411415301525,-73.89086276169469,2.0,3.5106595450925475,2.1814220321937015,10,3,0,Clear,A,560.5809828551727,8.687013318321945
REC00015,James Garcia,3935311724.0,Taurus,Gray,Hiking,01/06/2023 03:58:00,40.75482335196202,-74.03482193717234,40.78526714442684,-74.07865081233032,2.0,7.460448896357605,4.6357065911786215,11,2,0,Clear,A,1159.0460926352866,21.135972561553384
REC00016,David Davis,3212290461.0,Aquarius,Gray,Travel,01/06/2023 04:15:00,,-74.0122280129146,40.82760211547902,-73.99172885607288,1.0,7.481607823027998,4.64885413460273,23,2,0,Fog,A,1184.8938657249398,22.797667240409517
REC00017,Robert Brown,3826321917.0,Taurus,Green,Music,01/06/2023 04:32:00,40.70111427669417,-73.913732646663,40.68026679536852,-73.94177532312659,1.0,2.553609276931134,1.5867387500159755,1,4,0,Rain,A,880.5302225995375,12.414847047321391
REC00018,John Rodriguez,3982696026.0,Leo,White,Travel,01/06/2023 04:49:00,,-73.9521758689537,40.70260577901743,-74.00869337285195,1.0,7.047732541536745,4.379256617067229,23,4,0,Clear,A,1054.177479787553,21.150539763493985
REC00019,Sofia Gonzalez,3849546133.0,Leo,Green,Music,01/06/2023 05:06:00,40.82084158603365,-73.99644599825443,40.797512486936824,-73.98981751236443,,6.102606245727783,3.7919825455141183,9,0,0,Clear,A,916.5237965869347,17.582334233189066
REC00020,Sofia Moore,3879875989.0,Capricorn,Pink,Music,01/06/2023 05:23:00,40.81353323276219,-73.96521184596263,40.77568941829347,-73.92447291145233,2.0,3.6510612128254354,2.2686635568745537,8,5,1,Clear,A,1007.6127038920042,13.142526931511686
REC00021,Michael Martinez,3980383474.0,Libra,Blue,Music,01/06/2023 05:40:00,40.76294974123548,-74.01128352145322,40.7757590497241,-73.98993160457198,3.0,2.922815822884333,1.8161529906814609,15,2,0,Clear,A,493.62650905325586,10.860224442967478
REC00022,Robert Sanchez,3341317399.0,Gemini,Pink,Music,01/06/2023 05:57:00,40.8512072163997,-73.85642647256272,40.812773754463194,-73.8828789331647,4.0,9.174160293758387,5.700557155892943,3,4,0,Clear,A,1357.7000490718203,26.29357932679936
REC00023,John Sanchez,3900999373.0,Scorpio,Red,Travel,01/06/2023 06:14:00,40.77443894863855,-73.93565663345439,40.794324636303834,-73.85176238139344,2.0,3.352386240237627,2.0830755904826947,15,1,0,Clear,A,442.370905117277,11.802760016425426
REC00024,Laura Thomas,3676024613.0,Gemini,Purple,Photography,01/06/2023 06:31:00,40.843695081781235,-73.89455963153345,40.898254360628506,-73.87005939278163,4.0,2.0902341103874718,1.2988108594055738,3,5,1,Rain,A,540.0968905469049,8.082407180280157
REC00025,James Smith,3520124805.0,Libra,Orange,Photography,01/06/2023 06:48:00,40.82298719501556,-73.97540432818994,40.8342576274509,-74.00065672067842,6.0,4.279821575304404,2.659357012068473,23,4,0,,A,1004.5752240655315,14.849458488826748
REC00026,Marta Davis,3206373264.0,Aries,Blue,Cooking,01/06/2023 07:05:00,,-74.04369176401254,40.85005973283607,-74.10506117915743,5.0,8.82971751518169,5.486530402125962,22,6,1,Rain,A,1338.0080469445995,25.088959511055254
REC00027,Joseph Ramirez,3737115867.0,Capricorn,White,Sports,01/06/2023 07:22:00,40.692573802233916,-73.95483306694508,40.710402226699735,-73.96097006717626,,18.300055102994005,11.371123539402488,6,0,0,Clear,A,2374.702739229308,44.06696870816447
REC00028,William Garcia,3468140347.0,Leo,Purple,Gardening,01/06/2023 07:39:00,,-73.9172443867334,40.76875113440135,-73.97616367680352,1.0,1.1133968675346042,0.6918325249768446,14,0,0,Clear,A,243.76064208283086,4.917839614644071
REC00029,Sofia Ramirez,3497671091.0,Sagittarius,Blue,Photography,01/06/2023 07:56:00,40.74583731798323,-73.91514331357733,40.756936708623506,-73.94603652997884,1.0,,7.538023552255174,23,1,0,,A,1838.5954041286748,32.880259678992594
REC00030,Robert Lopez,3828340247.0,Cancer,Red,Dancing,01/06/2023 08:13:00,40.68308828567838,-74.06438309397335,40.69245926864992,-74.11535319435595,6.0,5.941617218369463,3.6919486325954516,10,3,0,Rain,A,1030.1554060292463,18.570353346296965
REC00031,David Gonzalez,3471276524.0,Gemini,Gray,Photography,01/06/2023 08:30:00,40.81680558694758,-73.96942881748873,40.7980288639873,-73.9920378807043,1.0,1.7118752044312298,1.0637096076526378,9,6,1,Fog,A,271.90105223715466,5.414526991333097
REC00032,Maria Wilson,3894084530.0,Leo,Green,Travel,01/06/2023 08:47:00,40.80971661047097,-74.05989558083665,40.73422715533362,-74.07590212952734,1.0,3.84449908192794,2.388860239036646,9,2,0,,A,617.7796564432603,12.633880879539163
REC00033,Charles Johnson,3678175758.0,Aquarius,Pink,Dancing,01/06/2023 09:04:00,40.7427364503196,-74.00929516863707,40.7112989097177,-74.03550670050483,1.0,3.67654766665217,2.284500100175326,5,0,0,Clear,A,590.4530795444583,12.56361620970577
REC00034,Elena Ramirez,3903013875.0,Sagittarius,White,Gardening,01/06/2023 09:21:00,40.719113522996146,-73.95072894557141,40.69085100579418,-73.8817226940195,2.0,2.443747922664887,1.5184740904542033,19,2,0,Clear,A,322.46047318092343,9.926357003048068
REC00035,Michael Smith,3890034843.0,Taurus,Black,Cooking,01/06/2023 09:38:00,40.75290122176489,-73.91343069848662,40.76793129915282,-73.91903189819836,4.0,15.65550209506582,9.727874992313144,4,1,0,Clear,A,2646.7252058099134,44.41157258110194
REC00036,Ana Taylor,3300727053.0,Libra,White,Travel,01/06/2023 09:55:00,40.65927507317407,-73.96887580386796,40.61490786312758,-73.92903195532864,1.0,3.689574077555026,2.292594334144444,19,1,0,Fog,B,1023.8199900000608,12.925121840675768
REC00037,Paula Smith,3873925770.0,Sagittarius,Pink,Cooking,01/06/2023 10:12:00,,-74.0373872884464,40.73876710685387,-74.02030959459698,1.0,1.4955949208906847,0.9293193115887657,0,3,0,Fog,A,587.2249338881783,9.616987548488487
REC00038,Laura Taylor,3542200320.0,Cancer,Purple,Hiking,01/06/2023 10:29:00,40.73502308199844,-73.95003146158113,40.78390005814953,-73.9562424800116,3.0,8.507446093358054,5.2862802864759875,21,5,1,Clear,A,1370.7404299390666,23.926463446029203
REC00039,Elena Torres,3264725483.0,Leo,Red,Dancing,01/06/2023 10:46:00,40.78077842899657,-74.02254357192243,40.812343823932395,-74.03688748625616,1.0,3.7195867681811996,2.3112433497315203,14,0,0,Rain,A,979.091675874259,15.760954989930552
REC00040,Sofia Gonzalez,3947630808.0,Leo,Blue,Photography,01/06/2023 11:03:00,,-73.99461606147818,40.72542919407954,-73.95408588010774,,3.0069461501866805,1.868429136287648,22,1,0,Clear,A,814.8922894834087,13.84703733671325
REC00041,Ana Sanchez,3991024437.0,Libra,White,Travel,01/06/2023 11:20:00,40.72220908120141,-73.97547797075761,40.6598523013006,-74.00656261394329,4.0,,2.6005481637327073,13,4,0,Rain,A,995.979589926633,15.080227165995995
REC00042,Laura Miller,3835901249.0,Sagittarius,Blue,Reading,01/06/2023 11:37:00,40.708607591747615,-74.01349274311296,40.73357310372776,-74.03229829139619,,6.411858752742493,3.9841430850503556,3,2,0,Snow,A,1358.1373360803088,20.709177928809286
REC00043,Michael Rodriguez,3043441857.0,Scorpio,Orange,Gaming,01/06/2023 11:54:00,,-73.94817745709871,40.84949092409671,-73.96743060083502,1.0,4.6767262281723285,2.905982053125668,11,2,0,Clear,A,1179.506318618134,16.966775392199928
REC00044,Michael Miller,3705293311.0,Aquarius,White,Sports,01/06/2023 12:11:00,40.69630479178749,-73.94237708722443,40.7199311017279,-73.94013473294463,1.0,,2.879986596512178,14,5,1,Clear,A,895.3465698940313,16.260984381159236
REC00045,Marta Anderson,3804352102.0,Libra,Pink,Travel,01/06/2023 12:28:00,40.658606350016065,-73.9285907029959,40.676643217106346,-73.95585308138534,1.0,10.029241820358594,6.23188001915804,16,4,0,Clear,A,1765.408717407594,29.455507749375684
REC00046,Charles Anderson,3954809844.0,Scorpio,Blue,Dancing,01/06/2023 12:45:00,40.721215789616934,-73.90873337828859,40.70801431859187,-73.88063134858757,3.0,8.749353895360231,5.436594779313882,15,2,0,Clear,A,1661.0979510694287,26.432369884805453
REC00047,Charles Sanchez,3993166222.0,Pisces,Red,Hiking,01/06/2023 13:02:00,40.77589268283928,-73.987158711803,40.73928791858558,-73.95491720593523,1.0,1.504743700526049,0.9350040979395716,14,5,1,Clear,A,60.0,4.850728875852744
REC00048,Richard Brown,3506779340.0,Cancer,Yellow,Dancing,01/06/2023 13:19:00,40.75540795194428,-74.04134776262794,40.76102357250129,-74.06288150954202,1.0,7.763233806639162,4.823848353665183,7,5,1,Rain,A,1439.2318169477633,23.036988236519782
REC00049,Thomas Torres,3660292427.0,Leo,Gray,Dancing,01/06/2023 13:36:00,40.71245217802408,-74.03652760177324,40.66536124484143,-74.02070470157526,1.0,5.501999488878921,3.418782924404184,11,4,0,Clear,A,869.6653047190821,18.034753946030715
REC00050,Robert Torres,3409900618.0,Taurus,Orange,Sports,01/06/2023 13:53:00,40.759615679153825,-73.89324202956996,40.76804952393247,-73.91844500052554,1.0,0.9534120383249396,0.5924225916660061,17,6,1,Clear,C,396.01960710741673,6.206947409191965
REC00051,Thomas Moore,3553348956.0,Leo,White,Cooking,01/06/2023 14:10:00,40.805451556314246,-73.89923551151992,40.819556370372474,-73.89387143892336,1.0,0.9390430840733871,0.5834941401937647,13,5,1,Clear,A,468.93062964066195,7.135142716554691
REC00052,William Wilson,3730615737.0,Capricorn,Green,Dancing,01/06/2023 14:27:00,40.7602029089198,-73.91308172238435,40.74041732594836,-73.87797900773514,2.0,1.1610265382451352,0.721428221095918,1,2,0,Fog,A,321.88376611891454,5.773356975523959
REC00053,Paula Rodriguez,3847104370.0,Taurus,Purple,Photography,01/06/2023 14:44:00,40.75769337466093,-74.00927532621347,40.7125993152117,-74.00617707398094,1.0,7.960394188756693,4.946358097461935,22,1,0,Clear,A,1463.4759354139387,24.995420156334905
REC00054,Ana Lopez,3466804227.0,Aries,Gray,Travel,01/06/2023 15:01:00,40.757859842120034,-73.89559478305402,40.80670787889466,-73.89874662938709,4.0,2.5262548170314463,1.5697414819136468,11,3,0,Rain,A,863.1598375005915,13.946276056344578
REC00055,Paula Garcia,3670108224.0,Scorpio,Red,Sports,01/06/2023 15:18:00,40.71270925600288,-73.98848420450285,40.696665070781194,-73.9198542889781,3.0,0.7117652880170371,0.4422703087804344,23,5,1,Rain,A,621.4320341867793,8.03347607556135
REC00056,Robert Thomas,3987459052.0,Taurus,Orange,Dancing,01/06/2023 15:35:00,40.77247134862574,-73.96284617084096,40.76625291023306,-73.95203750936929,,1.8512272356824722,1.1502989186632535,1,6,1,,A,614.5403992839289,9.415144775991424
REC00057,Robert Garcia,3041302682.0,Aries,Orange,Sports,01/06/2023 15:52:00,40.80209356846662,-73.93867822955784,40.83483638406161,-73.9639715991392,1.0,9.2436383924323,5.743728831544051,17,0,0,Clear,A,1456.9994356035431,26.961400609487807
REC00058,Ana Perez,3561363371.0,Sagittarius,Green,Photography,01/06/2023 16:09:00,40.81761151915045,-73.91693914769886,40.80056232138594,-73.94456527560033,1.0,6.245739194642442,3.880921209114169,3,0,0,Clear,A,1060.040584392537,19.644658705100028
REC00059,Michael Miller,3992104162.0,Virgo,Red,Hiking,01/06/2023 16:26:00,40.77148417045485,-73.95293849664581,40.74863912178757,-73.88455910828888,2.0,0.22454427381403283,0.1395252999640994,8,0,0,Rain,A,772.9429614863092,7.007174050513791
REC00060,Richard Smith,3722349619.0,Sagittarius,Green,Dancing,01/06/2023 16:43:00,40.75073470975248,-73.91124946844371,40.811038557748226,-73.93346797825092,2.0,6.040306519270432,3.753271302185588,7,0,0,Snow,A,1370.2150401307072,20.19798308095991
REC00061,William Gonzalez,3404775341.0,Pisces,Purple,Cooking,01/06/2023 17:00:00,,-73.97933580275637,40.82185663771485,-74.00037748931474,3.0,2.369815808147939,1.472534818524693,6,0,0,Fog,A,619.202168766027,9.11570855802665
REC00062,Joseph Moore,3487938142.0,Leo,Blue,Dancing,01/06/2023 17:17:00,40.756016748988245,-73.9901436499832,40.79252113500418,-73.98934002264538,1.0,1.557938573303013,0.9680578492318666,12,4,0,Clear,A,89.29784913641159,5.416314152858154
REC00063,Marta Rodriguez,3226531384.0,Libra,Purple,Gardening,01/06/2023 17:34:00,40.725794010063225,-73.99601697125344,40.73038431150455,-73.97406116290661,1.0,2.9270794741867965,1.818802299954924,23,1,0,Clear,A,412.7776123598755,8.514591908349386
REC00064,William Anderson,3016286730.0,Virgo,Black,Photography,01/06/2023 17:51:00,,-74.03746866597696,40.719502193029825,-74.07468547423308,2.0,0.8581832910159176,0.5332502097218518,11,3,0,Clear,A,402.66338638887663,7.768952587101439
REC00065,Laura Ramirez,3526127689.0,Gemini,Red,Gardening,01/06/2023 18:08:00,40.709813187444965,-74.11991535472546,40.69461728451007,-74.1282707205065,2.0,1.6357366061204481,1.016399290681669,11,0,0,Rain,A,485.0498803109749,7.896631546851815
REC00066,Elena Perez,3069016100.0,Aries,Orange,Cooking,01/06/2023 18:25:00,40.72483552610312,-73.92792874851745,40.71884837613513,-73.96817027816851,3.0,0.5726088932407145,0.35580256060187604,22,6,1,Clear,A,260.49445876216055,6.314291024967378
REC00067,Ana Hernandez,3628245447.0,Pisces,Green,Photography,01/06/2023 18:42:00,40.84632510226811,-73.99170572510535,40.89993925006917,-73.99629139465846,1.0,17.32182495200553,10.76327969225263,12,2,0,Clear,A,2300.6535459331394,45.48623254935732
REC00068,John Brown,3918325903.0,Taurus,Red,Music,01/06/2023 18:59:00,40.71216503246638,-73.94284278475972,40.73782109883507,-73.91819682743676,5.0,3.4874924851805345,2.167026693009114,18,6,1,Clear,A,748.2192138762263,13.307963509487221
REC00069,Richard Torres,3264648260.0,Virgo,Green,Travel,01/06/2023 19:16:00,40.82633814110871,-73.95008604394806,40.78545651334409,-73.95761963446016,1.0,10.414376893881233,6.471191784927876,3,5,1,Snow,A,2043.2272868263426,32.39965773793426
REC00070,Robert Garcia,3966971988.0,Leo,White,Sports,01/06/2023 19:33:00,40.73973170368807,-73.97209522712127,40.7099892589931,-73.91301451935287,1.0,,4.377231971227067,1,2,0,Clear,A,1105.41678467367,19.802789385253625
REC00071,Isabel Davis,3146345791.0,Libra,Blue,Gardening,01/06/2023 19:50:00,40.80209799464223,-73.9327758232292,40.813586432687394,-73.958177835557,1.0,7.516933648035442,4.67080457781343,23,3,0,Rain,A,1610.1839573162956,23.356332938824593
REC00072,David Garcia,3144563463.0,Virgo,Blue,Sports,01/06/2023 20:07:00,40.69606867009464,-73.92642473193601,40.71523154583351,-73.9198914259568,1.0,2.3309599563397585,1.4483909190307922,12,5,1,Clear,A,562.7172976553741,10.834290930425876
REC00073,Maria Ramirez,3520939268.0,Gemini,White,Photography,01/06/2023 20:24:00,40.74910868237871,-74.02758610636579,40.772109751178554,-73.98836315798728,,1.7792377784290632,1.1055667576202455,10,0,0,Clear,A,503.73135407214914,8.723792243138746
REC00074,Richard Martinez,3167193548.0,Sagittarius,Yellow,Gardening,01/06/2023 20:41:00,40.66919516142366,-73.90335352633365,40.66689129623077,-73.87308645062869,1.0,2.8241083040726505,1.754819001009927,23,0,0,Clear,A,752.3811070889537,13.691717629261962
REC00075,Ana Garcia,3883558540.0,Pisces,Yellow,Gaming,01/06/2023 20:58:00,,-73.93678176121342,40.72562542702404,-73.85750327527762,1.0,2.164995364582823,1.3452653346861931,6,1,0,Rain,A,923.8954392898678,12.163686566871755
REC00076,Sofia Moore,3784015620.0,Leo,Blue,Cooking,01/06/2023 21:15:00,40.78933973565172,-74.02377946004525,40.76503999105198,-74.01406610456655,,9.946266054522498,6.180321284564699,8,6,1,Clear,A,1471.8805484013212,26.42094451015239
REC00077,James Smith,3527092495.0,Aquarius,Yellow,Cooking,01/06/2023 21:32:00,40.79833383904008,-74.01246101944434,40.72931625080172,-74.03930659424263,1.0,5.8878644745213515,3.658548236397807,6,2,0,Rain,A,1329.8505414347035,19.96711559648135
REC00078,Maria Anderson,3294599410.0,Libra,Blue,Gaming,01/06/2023 21:49:00,40.74977097067089,-74.0421434077533,40.7987775182686,-74.03962792719345,5.0,0.7684778131096979,0.4775098272097861,2,6,1,Fog,A,359.4535035128579,4.849412824614598
REC00079,Elena Torres,3049533203.0,Leo,White,Gardening,01/06/2023 22:06:00,40.732080099148426,-73.94860958149161,40.65320220968694,-73.97375383608878,3.0,4.279209615807765,2.6589767581840866,23,2,0,Clear,A,981.0093103958276,15.254742304079759
REC00080,David Torres,3037806505.0,Aquarius,Gray,Dancing,01/06/2023 22:23:00,40.75435862791297,-73.98884260262524,40.74711533578839,-73.9852263834309,1.0,,2.4846429797234624,2,4,0,Rain,A,716.1894537102735,11.891850283139606
REC00081,Lucia Brown,3384798693.0,Gemini,Blue,Gaming,01/06/2023 22:40:00,40.72139975285698,-74.10464417282371,40.66825397193848,-74.06763893088105,1.0,4.163337636194881,2.5869772703400495,0,5,1,Rain,A,845.248406696116,13.386977635498344
REC00082,Sofia Martinez,3110839579.0,Leo,Yellow,Music,01/06/2023 22:57:00,40.72132990490364,-74.00771541208267,40.70379701620327,-73.98681587080696,4.0,13.706492734547082,8.516817096958254,0,2,0,Clear,A,1953.778761301676,36.88529282674346
REC00083,Thomas Taylor,3800259637.0,Libra,Orange,Hiking,01/06/2023 23:14:00,40.72959119845229,-73.99904572038074,40.74687711095639,-74.00217785813237,3.0,5.207868279462842,3.2360183206781055,19,0,0,Clear,A,1119.9264479834073,16.679700489708473
REC00084,Charles Ramirez,3285782223.0,Scorpio,Orange,Cooking,01/06/2023 23:31:00,40.76139378168821,-73.97471632779707,40.69279702946053,-73.99532388262067,,2.5403989014032735,1.5785302057638535,13,0,0,Snow,A,943.6900163839814,13.216126960481798
REC00085,Marta Gonzalez,3062311796.0,Libra,White,Travel,01/06/2023 23:48:00,40.82180873675732,-74.05695879353267,40.8323867984253,-74.0472054825487,1.0,5.52666032077621,3.434106450181034,1,2,0,Clear,A,902.0516567286946,15.76601589349023
REC00086,David Thomas,3951311711.0,Leo,Green,Music,02/06/2023 00:05:00,40.81494812310428,-73.97416744697897,40.841092779973195,-73.95827441241234,2.0,2.2800894286217304,1.4167814483521133,10,4,0,Clear,A,357.8456349400913,8.389559623982557
REC00087,Michael Taylor,3654423007.0,Gemini,Blue,Travel,02/06/2023 00:22:00,40.734067030091126,-73.90496330728021,40.7215496283714,-73.94258302132178,1.0,,7.313903245353652,9,6,1,Rain,A,2264.8551061535254,35.033263566042656
REC00088,Robert Garcia,3226127626.0,Virgo,Pink,Gardening,02/06/2023 00:39:00,40.70923367675551,-73.9706496220645,40.79141461063021,-74.00122270806497,1.0,0.9834505000284341,0.6110876206531681,14,5,1,,A,431.5629440933535,7.165083586749057
REC00089,Thomas Wilson,3045545409.0,Capricorn,Pink,Cooking,02/06/2023 00:56:00,40.71336419197883,-73.95052755179077,40.64601445410616,-73.95921626958567,1.0,4.553849880047146,2.8296302538147753,10,3,0,Clear,A,683.2303239702092,13.887693901598961
REC00090,Carmen Thomas,3230685635.0,Sagittarius,Gray,Photography,02/06/2023 01:13:00,40.676048381362584,-73.90183080436495,40.62466069538305,-73.94177655911317,4.0,3.4657841081047716,2.15353773703717,7,5,1,Fog,A,599.4051605493623,11.02302847509085
REC00091,Joseph Davis,3977426362.0,Sagittarius,Red,Reading,02/06/2023 01:30:00,,-73.98472717600949,40.77730379279688,-74.03905446186079,1.0,,2.672718202182858,0,2,0,Clear,A,886.7625053795674,16.026195456692754
REC00092,David Rodriguez,3021066444.0,Pisces,Pink,Photography,02/06/2023 01:47:00,40.68032369272978,-73.98634072083418,40.67183783366677,-74.01725951284172,1.0,12.749375682810706,7.922092317403772,5,3,0,Clear,A,1954.4988546043103,33.23482219939769
REC00093,David Smith,3697187588.0,Virgo,Black,Reading,02/06/2023 02:04:00,40.63710991494161,-73.96275736167343,40.64054405029364,-73.95127939330635,1.0,2.8197862418885347,1.7521333969085207,19,2,0,,A,432.74862300932335,8.740725992143878
REC00094,Michael Sanchez,3642512006.0,Libra,Pink,Sports,02/06/2023 02:21:00,40.78644710322307,-74.02424272876046,40.81429558710111,-74.02118544077872,2.0,3.2130697237211607,1.9965083472983414,7,3,0,Clear,A,879.0893589289955,11.705900875595642
REC00095,John Garcia,3637448652.0,Libra,Blue,Reading,02/06/2023 02:38:00,40.784273882736336,-74.01472800484457,40.746595773276304,-74.02807308875006,2.0,1.552164859356435,0.9644702308231674,18,6,1,Fog,A,499.97158720740083,7.214495796735602
REC00096,James Rodriguez,3994524181.0,Leo,Purple,Music,02/06/2023 02:55:00,40.695954235401466,-74.08196009829375,40.65520945845732,-74.11004596448107,1.0,8.351126029988958,5.189147532380269,20,0,0,Snow,A,1983.745361806865,28.09997506459806
REC00097,Marta Thomas,3702670270.0,Aquarius,Red,Gardening,02/06/2023 03:12:00,40.7651297769367,-73.86558273731409,40.74429494713873,-73.85451892591055,2.0,1.610825444322331,1.0009202171640112,22,6,1,Rain,A,785.0626191399651,8.35724332002451
REC00098,James Rodriguez,3665543809.0,Aquarius,Red,Gardening,02/06/2023 03:29:00,40.684071690813575,-73.93846489232847,40.714999926120235,-73.92897246266257,,2.510505280343714,1.5599551765524537,16,0,0,Rain,A,690.3851814724027,11.494825947313535
REC00099,Joseph Hernandez,3819965287.0,Scorpio,Orange,Photography,02/06/2023 03:46:00,40.745131268567675,-74.02736652359687,40.76941541156823,-73.99008013659048,1.0,8.043176949071608,4.997796904021574,13,3,0,Rain,A,1344.5645783799525,24.727153479482272
REC00100,James Moore,3030140249.0,Gemini,Orange,Photography,02/06/2023 04:03:00,40.767944830350466,-73.92880714107827,40.76585156739584,-74.00414637396244,1.0,5.484327152250462,3.4078018469210223,3,6,1,,A,1506.668051366635,21.985783430345876
REC00101,Lucia Ramirez,3392042076.0,Virgo,Purple,Travel,02/06/2023 04:20:00,40.78467958482409,-74.02040231996155,40.76941726123136,-74.07278231688022,,7.243805282105669,4.501090531947281,1,1,0,Rain,A,1283.6870450931604,20.15504103026052
REC00102,Maria Moore,3199345789.0,Aries,Orange,Hiking,02/06/2023 04:37:00,40.76980936761364,-73.97659721120557,40.76522565737578,-73.94845327508948,2.0,2.476161760096037,1.5386151090326348,15,5,1,Clear,A,176.65083419299927,7.138132624557777
REC00103,Joseph Davis,3369440505.0,Pisces,Purple,Dancing,02/06/2023 04:54:00,40.6552897363765,-73.97685076186407,40.666151580844435,-73.96264559146002,2.0,5.245424736175892,3.25935481374235,19,6,1,Clear,A,654.9458123635583,15.180990249195622
REC00104,Charles Garcia,3879850375.0,Cancer,Orange,Reading,02/06/2023 05:11:00,40.76511057543975,-74.00230878411438,40.76807983495909,-73.97428427963388,4.0,1.592713174939415,0.9896657782252792,1,0,0,Clear,A,60.0,6.171031977837171
REC00105,James Perez,3140697299.0,Scorpio,Blue,Cooking,02/06/2023 05:28:00,40.85904400604254,-74.02064143201808,40.81679514156157,-74.04740571658213,1.0,3.5142424738072537,2.183648360192087,10,5,1,Clear,A,863.7120988598041,13.530606266540316
REC00106,Maria Ramirez,3753485808.0,Aquarius,Black,Gaming,02/06/2023 05:45:00,40.76963755386014,-73.91957261580218,40.72529195301447,-73.93124700243986,1.0,0.6933314355679399,0.43081604745028634,13,4,0,Fog,A,599.3866253647235,6.761284736254864
REC00107,Joseph Brown,3707197698.0,Aquarius,White,Cooking,02/06/2023 06:02:00,40.68074279594993,-73.97577519820126,40.67298238540208,-74.01410446454254,1.0,,8.775825402012117,17,6,1,Rain,A,2329.253412062241,39.76362679298767
REC00108,Marta Perez,3532023144.0,Aquarius,Orange,Sports,02/06/2023 06:19:00,40.71449304948809,-73.8959033529279,40.73623980068996,-73.96595853950099,1.0,5.519108816620628,3.4294141644923766,9,4,0,Clear,A,769.8574477931303,16.505205038440273
REC00109,William Moore,3353942661.0,Gemini,Red,Sports,02/06/2023 06:36:00,40.72441960149801,-74.03204760321373,40.692594961720985,-74.02786081428758,3.0,2.455497339615503,1.5257748374142248,22,3,0,Clear,A,720.4329816249455,11.562862616599437
REC00110,William Rodriguez,3879993472.0,Cancer,Yellow,Sports,02/06/2023 06:53:00,40.63341925552021,-74.00364080736357,40.64564371808049,-73.96117084246605,1.0,5.405863325851039,3.3590467006473856,23,5,1,Fog,A,977.4106557924172,17.70526367721963
REC00111,Ana Gonzalez,3846060754.0,Cancer,Purple,Photography,02/06/2023 07:10:00,40.75503119643514,-73.98228407574902,40.70137444031885,-73.98731139504524,1.0,7.290264951736828,4.5299592233256645,11,1,0,Rain,C,1603.8942644564504,25.617739111014664
REC00112,Carmen Anderson,3372445031.0,Gemini,Orange,Travel,02/06/2023 07:27:00,40.73247965704719,-73.9248394605136,40.734612317075026,-73.94632923972372,1.0,8.487812413207562,5.274080487007196,10,4,0,Clear,A,1406.590932507002,24.526189328006833
REC00113,Maria Torres,3811365835.0,Taurus,Black,Sports,02/06/2023 07:44:00,40.7348216857195,-74.01946061394594,40.711373067251536,-74.05304879127833,5.0,,1.2779704977928785,22,0,0,Clear,A,202.22681775878664,5.905122406117206
REC00114,William Garcia,3442934209.0,Taurus,White,Dancing,02/06/2023 08:01:00,40.74377400610161,-73.95143539710519,40.68107707549052,-73.91801980625536,2.0,5.609756830966605,3.48574021181455,8,2,0,Clear,A,1189.551191011781,18.884739983818584
REC00115,Maria Torres,3356163048.0,Libra,Orange,Sports,02/06/2023 08:18:00,40.71389564673519,-73.96285413931999,40.697502520945655,-73.96042156384702,2.0,5.2556749905953755,3.265724024581239,23,5,1,Rain,A,833.8490374730101,15.073171164792374
REC00116,Richard Torres,3371398584.0,Aries,Orange,Photography,02/06/2023 08:35:00,40.792751130877335,-73.90857772471898,40.75485147689011,-73.90493984061364,1.0,12.212323898801616,7.588383913322259,15,2,0,Rain,A,1893.1087460240485,34.08560482353751
REC00117,Richard Anderson,3362125667.0,Gemini,Orange,Reading,02/06/2023 08:52:00,40.759197797782996,-73.95510135675646,40.750902524610176,-73.99841922655908,1.0,2.620063829708873,1.6280316819300322,7,6,1,Clear,A,861.806798743821,13.366144292553663
REC00118,Joseph Perez,3846394035.0,Virgo,Green,Gaming,02/06/2023 09:09:00,40.723310916456114,-74.06981614487587,40.735690067533454,-74.09732087835805,3.0,1.6638624320826756,1.0338758632856442,21,6,1,Clear,A,576.7316272511979,9.537450868691215
REC00119,James Sanchez,3815871268.0,Capricorn,Green,Gaming,02/06/2023 09:26:00,40.772248866285324,-74.03069571763768,40.78595276527731,-74.00865038466279,2.0,1.9058225422344242,1.1842228588907464,4,5,1,Clear,A,261.6728273254873,5.831585804257997
REC00120,Isabel Wilson,3004490236.0,Aquarius,Orange,Travel,02/06/2023 09:43:00,40.76777454785453,-74.02816357540574,40.708461658086705,-74.04395205274172,1.0,6.006415315304288,3.7322122908859408,14,0,0,Rain,A,1007.6989064471373,18.789432629752508
REC00121,Charles Sanchez,3101594599.0,Gemini,Purple,Photography,02/06/2023 10:00:00,40.702250506822686,-74.00262459574988,40.719501899017374,-74.02217032519316,2.0,3.5209964936070763,2.1878451122291227,14,5,1,Snow,C,1129.525415189605,18.365826099065305
REC00122,Michael Taylor,3785726771.0,Aries,Blue,Hiking,02/06/2023 10:17:00,40.74135253792534,-73.9137802528835,40.753740481874296,-73.83849385406114,1.0,10.482955732507408,6.51380468646386,16,1,0,Snow,A,2404.3259851669573,33.79831934756663
REC00123,Marta Hernandez,3113481224.0,Gemini,Gray,Gardening,02/06/2023 10:34:00,40.74127901435836,-73.99325938566348,40.72856882388442,-73.99117274535304,1.0,3.495763030573836,2.1721657700706953,1,3,0,,A,982.3950733992034,14.169795504387666
REC00124,Paula Anderson,3058498594.0,Cancer,Blue,Sports,02/06/2023 10:51:00,,-73.97827338821847,40.68268917936861,-73.98344306109571,2.0,,4.765419004457292,12,0,0,,A,1855.8232408233218,26.38267775063641
REC00125,Paula Davis,3824591208.0,Aries,Orange,Music,02/06/2023 11:08:00,40.682163590569786,-73.99124769124762,40.66991969004285,-73.99532107799564,1.0,1.8118741574951616,1.125846057116926,10,2,0,Clear,A,389.5471050725267,8.148462348214276
REC00126,David Perez,3222189228.0,Cancer,Green,Gardening,02/06/2023 11:25:00,40.7191869022392,-73.95305794532901,40.76752397578534,-73.97339909823413,3.0,5.515121413358385,3.4269365077399128,0,3,0,,A,1066.9870829827385,17.198255138934137
REC00127,James Anderson,3060870192.0,Sagittarius,Red,Travel,02/06/2023 11:42:00,40.813317016464566,-74.01609246480258,40.83121301076448,-74.01826788538867,2.0,11.777510781425152,7.318203651764928,8,1,0,Clear,A,1827.7596483946127,33.54517908714749
REC00128,James Wilson,3535076135.0,Capricorn,Blue,Gaming,02/06/2023 11:59:00,40.71754920473845,-73.98852993798438,40.74672503533796,-73.93032674567101,4.0,7.583855250110737,4.712387720616559,3,5,1,Clear,A,1037.0476286433918,22.734165084528016
REC00129,Paula Moore,3424407254.0,Taurus,Orange,Cooking,02/06/2023 12:16:00,,-73.98913497884803,40.76528147348675,-73.97674264401539,1.0,2.0917864991634265,1.2997754687716776,15,4,0,Fog,A,284.8382441086605,6.335990427950674
REC00130,Richard Ramirez,3567305593.0,Gemini,Purple,Reading,02/06/2023 12:33:00,40.74823476206382,-73.98354583826969,40.732259251534956,-74.03140701407695,,1.5832876453641647,0.9838090274875764,15,6,1,Snow,A,932.6283357952152,11.096334749874798
REC00131,Marta Ramirez,3320145415.0,Leo,White,Gardening,02/06/2023 12:50:00,40.75838352685632,-74.00828955149372,40.71947464294999,-74.02140867028281,3.0,5.231614544116586,3.250773560892267,2,5,1,Clear,A,1103.6343605876252,17.583613347865104
REC00132,Sofia Moore,3617487502.0,Virgo,Green,Cooking,02/06/2023 13:07:00,40.68879046310915,-74.04675090789424,40.66883070234661,-74.04362320783699,1.0,5.309878765917468,3.299404678656903,17,2,0,Clear,A,822.1097072759347,15.066131091270043
REC00133,Sofia Lopez,3833559921.0,Leo,Purple,Dancing,02/06/2023 13:24:00,40.80819740362247,-73.93336784350485,40.84894400700771,-73.97855746771067,2.0,6.753088021091855,4.196173056753867,6,1,0,Clear,A,1327.250590095576,23.058872512382383
REC00134,Paula Smith,3766564905.0,Scorpio,Orange,Sports,02/06/2023 13:41:00,40.85300797601691,-73.98582026825963,40.83953274001558,-73.99985607936338,2.0,7.3198395672260155,4.548336031726796,21,0,0,Rain,A,1715.760389206149,25.144966797564052
REC00135,Lucia Smith,3945953878.0,Leo,Gray,Gardening,02/06/2023 13:58:00,40.71509055146722,-73.92357439578527,40.69441737830748,-73.95240513896088,1.0,1.332156450851572,0.8277633860220921,9,1,0,Clear,A,662.0275917024361,8.69413650659035
REC00136,Lucia Perez,3538534499.0,Leo,Purple,Dancing,02/06/2023 14:15:00,40.81517586228248,-73.95602647222483,40.82233777515784,-73.96791188979776,3.0,0.9364073599896159,0.5818563776841076,9,1,0,Clear,A,512.4327976054498,6.254302862454123
REC00137,Robert Gonzalez,3409316592.0,Aries,Pink,Gaming,02/06/2023 14:32:00,40.68653783562703,-73.9542663425582,40.66930265518224,-73.95216566966891,1.0,5.400622479789632,3.3557901908893637,6,3,0,Rain,A,1012.2048844280226,17.450430645383317
REC00138,Maria Martinez,3984196210.0,Virgo,Pink,Gardening,02/06/2023 14:49:00,40.74730962966882,-73.92346650349167,40.75009163939958,-73.90250609994915,4.0,4.26616498433942,2.6508712024839696,0,2,0,Fog,A,977.643159147014,15.397529601713858
REC00139,Isabel Garcia,3741025124.0,Aquarius,White,Cooking,02/06/2023 15:06:00,40.69138456381202,-73.8501047089464,40.67432274430483,-73.88472049852192,3.0,0.8713552612542348,0.5414348900408051,16,2,0,Clear,A,89.66095043502763,5.375576324753501
REC00140,John Taylor,3552510475.0,Libra,Blue,Hiking,02/06/2023 15:23:00,40.76887000576913,-73.91481343931905,40.77459636122849,-73.91738344756243,2.0,2.5945521111971876,1.6121794398867078,19,1,0,Clear,A,631.7894042594345,11.111442145472495
REC00141,Paula Wilson,3419326515.0,Leo,Gray,Reading,02/06/2023 15:40:00,40.739795571994605,-73.93568011688426,40.728393781638644,-73.94549900458571,4.0,0.5005385838422818,0.3110201603806625,4,6,1,Clear,A,60.0,4.6252849891179535
REC00142,Sofia Anderson,3278174903.0,Gemini,Red,Sports,02/06/2023 15:57:00,,-73.9653847572723,40.7139199570305,-73.9719912616263,1.0,11.838826704949897,7.356303588481422,10,0,0,Rain,A,1792.3930671843182,32.26465294987015
REC00143,Robert Hernandez,3500331857.0,Aquarius,Orange,Reading,02/06/2023 16:14:00,40.81559718919632,-73.91705921312075,40.84721982682611,-73.94164051261143,0.0,4.486631461034403,2.7878626775744078,1,1,0,Clear,A,761.1889813405392,15.455969110621718
REC00144,William Lopez,3673760183.0,Libra,Gray,Dancing,02/06/2023 16:31:00,40.812176281213446,-74.01732628898156,40.86671523979342,-74.01875006393091,,,6.686638807150056,9,5,1,,A,1877.183217790114,31.650502391819835
REC00145,John Anderson,3334439385.0,Aquarius,Red,Travel,02/06/2023 16:48:00,40.74138999405906,-73.95076234825643,40.7563170929789,-73.93595179539662,1.0,,0.7209825231452484,13,5,1,Rain,A,754.0268638606751,10.854805524288436
REC00146,Sofia Smith,3147949625.0,Scorpio,Pink,Gaming,02/06/2023 17:05:00,40.80536476424993,-73.9161394308231,40.7603114098907,-73.95789432338542,2.0,2.6760531957602476,1.6628218503027408,5,5,1,Clear,A,533.9648016773234,8.972445388996125
REC00147,Joseph Anderson,3681071796.0,Sagittarius,Orange,Gardening,02/06/2023 17:22:00,40.80751795496366,-73.9323804938494,40.80067082570436,-73.8805283939075,1.0,7.019880292521091,4.361950037244123,1,6,1,Clear,A,1031.4676892701762,20.42805094711762
REC00148,Laura Garcia,3313327517.0,Libra,Orange,Dancing,02/06/2023 17:39:00,40.80547297144828,-73.98380954439673,40.81281987831018,-73.95556071842607,2.0,7.196751597177725,4.47185273668992,6,0,0,Snow,A,1467.7554042759689,22.506403078448265
REC00149,Joseph Sanchez,3072573105.0,Gemini,Gray,Music,02/06/2023 17:56:00,40.757387198441236,-73.95722837708864,40.7068310425537,-74.00446612044871,1.0,1.4016868569882495,0.8709675640136456,9,5,1,,A,881.0260023032831,10.486738864047927
REC00150,Thomas Brown,3379970779.0,Leo,Gray,Sports,02/06/2023 18:13:00,40.76652951614756,-73.99645766866124,40.75044447438048,-73.95305244045664,5.0,7.4698014280126745,4.641517983125664,17,5,1,Rain,A,1525.0718194717438,24.720106268410664
REC00151,Sofia Martinez,3666137257.0,Libra,Black,Music,02/06/2023 18:30:00,40.73581757846639,-74.01841148974381,40.69367700992084,-73.97297453420715,1.0,6.911212531946605,4.294427042188194,0,3,0,Clear,A,1124.2323581407222,20.006519205377092
REC00152,William Lopez,3300652427.0,Virgo,Purple,Gaming,02/06/2023 18:47:00,40.866700930184166,-73.9074603277481,40.835809535140875,-73.92254450839113,1.0,0.8002746725404791,0.4972674735511501,11,2,0,Snow,A,819.9357526494257,8.599504946530596
REC00153,Joseph Rodriguez,3215340487.0,Virgo,White,Reading,02/06/2023 19:04:00,40.76995022484827,-74.00171097008747,40.780134091257004,-73.9955408238267,1.0,2.555340383667633,1.5878144095399407,3,2,0,Clear,A,805.5990510977038,13.12527284272196
REC00154,Laura Smith,3122922237.0,Gemini,Pink,Sports,02/06/2023 19:21:00,40.745892636981125,-74.0021340616602,40.7444081328037,-73.99941962033904,3.0,4.52235282046119,2.81005889440279,0,2,0,Clear,A,959.9469505876881,15.595796968446244
REC00155,Ana Sanchez,3676323552.0,Aquarius,Black,Gardening,02/06/2023 19:38:00,40.775157809582495,-74.00103265230948,40.742307289637004,-74.04235753666262,4.0,4.857408455333063,3.0182527492987608,13,5,1,Clear,A,566.4279110589865,14.147958756302643
REC00156,Laura Torres,3783878605.0,Leo,Pink,Gardening,02/06/2023 19:55:00,40.76358126661664,-74.01479492236017,40.76156896153681,-73.98398574583565,1.0,5.0425431879700096,3.1332901032521128,23,2,0,Snow,A,1485.3782707321568,20.44806371826382
REC00157,Charles Johnson,3737375732.0,Scorpio,Blue,Gaming,02/06/2023 20:12:00,40.85312177208699,-74.01623635184988,40.84224994152513,-74.07266225131794,1.0,7.687448769878974,4.776757729588468,8,3,0,Fog,A,1593.3726269142066,24.913758775934433
REC00158,Joseph Ramirez,3893447488.0,Sagittarius,Red,Gardening,02/06/2023 20:29:00,40.7489041462844,-74.06626272107847,40.775389730113716,-74.05758106060745,4.0,,1.6110049375617421,21,1,0,Rain,A,614.7027149403447,10.259507913818334
REC00159,Thomas Smith,3677884480.0,Taurus,Blue,Gardening,02/06/2023 20:46:00,40.78828390938802,-74.05760695313944,40.72606904241291,-74.01056699205223,6.0,5.402380289387256,3.356882442796849,9,2,0,Fog,A,1213.8100307119162,20.400437919835742
REC00160,Charles Miller,3079912250.0,Taurus,Green,Travel,02/06/2023 21:03:00,40.74402588850202,-73.98963294090744,40.72179988446072,-74.04029538014031,1.0,4.708804536093345,2.9259145833968576,11,6,1,Clear,A,1342.5961954417303,19.428167826038322
REC00161,Isabel Hernandez,3213791066.0,Gemini,Blue,Cooking,02/06/2023 21:20:00,40.6656251559812,-73.95717992753416,40.71114755476499,-73.96597291227764,1.0,0.4489348074737975,0.27895507025480104,13,4,0,Clear,A,326.08791651065593,5.026654834006045
REC00162,Michael Sanchez,3258512801.0,Pisces,Red,Photography,02/06/2023 21:37:00,40.75007316889258,-74.06380912485946,40.71515204392334,-74.02961377038194,2.0,2.3761186204027642,1.476451203278286,11,6,1,Clear,A,451.22123132819854,7.923851460773204
REC00163,Carmen Hernandez,3071060679.0,Libra,Purple,Hiking,02/06/2023 21:54:00,40.792673368139965,-73.97090540985798,40.76023975555802,-73.95883624112176,1.0,7.917726541989188,4.919845659122363,19,5,1,Clear,A,1206.9985614032403,21.21997390061477
REC00164,Thomas Gonzalez,3369200585.0,Capricorn,Black,Reading,02/06/2023 22:11:00,40.75679768250994,-73.9158453394123,40.74125733044868,-73.89084050302985,2.0,1.283033926514712,0.7972400739523731,1,0,0,Rain,A,612.9723027668083,9.007172766065326
REC00165,Thomas Ramirez,3366208275.0,Taurus,Blue,Photography,02/06/2023 22:28:00,40.692187905928655,-74.00357552718707,40.730250751934605,-74.02419449751196,1.0,4.7594411861378125,2.957378729271639,23,0,0,Clear,A,524.3539575301526,14.620064905238898
REC00166,Michael Gonzalez,3262327486.0,Capricorn,Yellow,Gardening,02/06/2023 22:45:00,40.82926341068747,-74.02946480526352,40.84132969725743,-74.05768628086804,,0.4513130456729323,0.2804328385028356,2,2,0,Clear,A,60.0,2.0819555690361424
REC00167,Laura Ramirez,3779441211.0,Cancer,Green,Music,02/06/2023 23:02:00,,-73.98300624357077,40.65864264408179,-73.98899696564214,2.0,0.6438828123258832,0.4000901069777464,12,6,1,Rain,A,553.6754237192843,4.979127450463251
REC00168,Thomas Taylor,3497308772.0,Scorpio,White,Gardening,02/06/2023 23:19:00,40.71135098836749,-73.95403983699843,40.70881729332816,-73.94607972082328,,9.851834326533556,6.121644147312482,21,0,0,Clear,A,1471.6657378787775,25.58863795774365
REC00169,William Gonzalez,3826723136.0,Cancer,Green,Gaming,02/06/2023 23:36:00,40.693747277257906,-74.00796451765193,40.683198240078696,-73.98996852076445,1.0,,1.876835860850019,5,0,0,Clear,A,698.0492423071012,13.688073249208438
REC00170,Michael Anderson,3753307229.0,Aries,Gray,Music,02/06/2023 23:53:00,40.69818529836253,-73.93235674044985,40.711679202602305,-73.91901857820166,2.0,3.289738546438426,2.044148130338991,16,3,0,Clear,A,100000.0,11.809596468724871
REC00171,Joseph Garcia,3117604440.0,Cancer,Pink,Gaming,03/06/2023 00:10:00,,-73.95653396677673,40.75099295824265,-73.92717180271693,1.0,2.627119205457262,1.6324156878141842,22,6,1,Rain,A,781.6424341399103,11.37218763798697
REC00172,Robert Perez,3445674548.0,Libra,Purple,Gaming,03/06/2023 00:27:00,40.7805479572193,-73.89344797968272,40.78644041482513,-73.88997346070393,,0.694078302580637,0.43128012895283296,15,0,0,Snow,A,922.7247559256268,8.270312654165638
REC00173,John Lopez,3931640861.0,Sagittarius,Green,Cooking,03/06/2023 00:44:00,40.720652989696646,-74.0640704789608,40.711004743852584,-74.09549774956089,2.0,3.7352667018714985,2.3209864058085947,22,3,0,Snow,A,743.3840169792774,13.088945468359146
REC00174,Joseph Brown,3307932249.0,Scorpio,Gray,Travel,03/06/2023 01:01:00,40.77821717686608,-74.05058583160272,40.817892070765694,-74.09123810059626,1.0,9.816836979458515,6.0998978107631165,4,5,1,Clear,A,1310.8758374875881,25.450633902125787
REC00175,John Ramirez,3788799551.0,Virgo,Yellow,Travel,03/06/2023 01:18:00,40.78845399453536,-74.00092242039324,40.7871698261441,-73.97817241495896,2.0,2.389253804068336,1.484613025487746,17,0,0,Clear,A,401.1472285391215,7.9466643228113245
REC00176,Robert Smith,3087751997.0,Virgo,Blue,Gaming,03/06/2023 01:35:00,,-74.04695445345124,40.71476253921298,-74.01677895232054,1.0,1.6338104532039088,1.015202435117766,3,6,1,Clear,A,367.11002975827495,7.664870868575548
REC00177,Isabel Rodriguez,3222475537.0,Sagittarius,Red,Gaming,03/06/2023 01:52:00,40.67430976717302,-73.90130540041737,40.70612754646374,-73.842165018964,1.0,13.758705221444865,8.549260422154417,22,5,1,Clear,A,1741.0467332524697,32.36301533100942
REC00178,Robert Wilson,3382810249.0,Scorpio,Blue,Music,03/06/2023 02:09:00,40.82569788595655,-73.96835779715282,40.84341490905549,-73.89565155957601,2.0,1.0098113551274803,0.6274674915469176,14,5,1,Rain,A,389.7507044593692,7.646405542939323
REC00179,Elena Gonzalez,3126264070.0,Aries,Blue,Sports,03/06/2023 02:26:00,40.71646842341177,-73.99649553004393,40.68917755275967,-73.96732405631467,1.0,3.9577516817910463,2.459232120266184,12,6,1,Clear,A,828.2886544052806,12.658366427680049
REC00180,Lucia Brown,3609536585.0,Taurus,White,Reading,03/06/2023 02:43:00,40.639496132216586,-73.90231550996388,40.52129588087772,-73.89131801110622,1.0,,3.5754661591696792,13,3,0,Clear,A,1023.2407250213687,19.203786159508724
REC00181,Carmen Johnson,3632705221.0,Scorpio,Yellow,Reading,03/06/2023 03:00:00,40.73054800032694,-73.9653703568527,40.746760658290704,-73.97798442304162,1.0,1.9359910821195068,1.20296871468768,21,0,0,Clear,A,60.0,3.408940719315629
REC00182,Laura Anderson,3550535811.0,Gemini,Yellow,Gardening,03/06/2023 03:17:00,40.779186272567486,-73.99044310802273,40.766110240475385,-74.01665592345299,1.0,3.103282429149134,1.9282897062828266,8,6,1,Clear,A,699.0942138152034,11.48634169774205
REC00183,William Sanchez,3698831399.0,Taurus,Yellow,Cooking,03/06/2023 03:34:00,40.78668044435719,-74.01908327505777,40.78795418747856,-74.01707826470074,2.0,7.667920181475303,4.76462323108349,7,5,1,,A,1316.5591834754302,22.61117788483529
REC00184,William Anderson,3892421897.0,Capricorn,Black,Travel,03/06/2023 03:51:00,40.69315093463029,-73.95220944002004,40.72861763142608,-73.95535744229288,1.0,3.6023844500492554,2.238417228111556,13,4,0,Clear,A,491.156764750363,12.278915355149291
REC00185,Paula Hernandez,3504839961.0,Leo,Pink,Gardening,03/06/2023 04:08:00,40.65756460001979,-73.95388889127959,40.62897568628662,-73.89673308017132,5.0,5.677099994297805,3.5275853005568214,20,1,0,Rain,C,1143.8133080139958,19.576356989048403
REC00186,Charles Martinez,3689314536.0,Aries,Purple,Hiking,03/06/2023 04:25:00,40.765294945663,-73.94590850931182,40.73155277866765,-73.92832805066752,1.0,2.107593056905194,1.3095972053622373,6,3,0,Clear,A,528.8752187493535,10.314707664934256
REC00187,David Davis,3675166682.0,Aries,Black,Photography,03/06/2023 04:42:00,40.775845925943074,-73.93969162845177,40.733962487029565,-73.9465864924448,1.0,6.5698412112224105,4.0823088032584804,2,4,0,Clear,A,1175.9253281146216,20.11338854801145
REC00188,Richard Taylor,3835469692.0,Capricorn,Red,Cooking,03/06/2023 04:59:00,40.805896082022876,-73.9074717308192,40.87199834224148,-73.93392320931436,1.0,,2.125242633950069,3,6,1,Clear,A,649.6943461993411,13.056216457460868
REC00189,James Miller,3273596127.0,Virgo,Purple,Photography,03/06/2023 05:16:00,40.8001610739503,-74.02139861295944,40.83591190124534,-74.00537371497893,1.0,7.526515263714282,4.6767583159294075,22,1,0,,A,1529.9333155915654,23.043163711207164
REC00190,Marta Ramirez,3790251461.0,Cancer,Pink,Music,03/06/2023 05:33:00,40.75733368413981,-73.86816103070329,40.77748243567524,-73.86402085331265,6.0,9.11063914426173,5.661086955709056,16,6,1,Rain,A,1624.5688001333083,25.354514855273255
REC00191,Joseph Hernandez,3982085916.0,Scorpio,Purple,Gaming,03/06/2023 05:50:00,40.70407060930355,-73.88999836219584,40.6462625768578,-73.90354324923453,2.0,3.6677067555422127,2.2790066143980203,8,1,0,Clear,A,402.8790028671561,12.552352227373866
REC00192,Robert Garcia,3062502310.0,Gemini,Green,Sports,03/06/2023 06:07:00,40.72586877186236,-73.89413746555935,40.68315531378867,-73.91473222949091,,3.541975297480197,2.2008807325705675,22,4,0,,A,623.4538546328458,12.598276271462186
REC00193,David Taylor,3582211764.0,Capricorn,Black,Gaming,03/06/2023 06:24:00,40.737852120519314,-73.99030997995229,40.75892997477368,-73.97383596879673,1.0,8.44193759296923,5.245575204080883,22,2,0,Rain,A,1313.1244032825878,22.79071655534412
REC00194,Richard Davis,3352790450.0,Gemini,Orange,Gaming,03/06/2023 06:41:00,40.70423217077682,-74.01569896017396,40.71627962989455,-74.02791429866566,,6.418636204562752,3.9883543970653617,10,2,0,Clear,A,1047.6793308161245,19.61121658716238
REC00195,James Brown,3789291414.0,Scorpio,Purple,Music,03/06/2023 06:58:00,40.804048798631705,-73.97475442393659,40.79589481442657,-73.98445654185895,6.0,,3.5922699825814686,20,5,1,Clear,A,903.5185396215743,16.44205660707327
REC00196,Marta Brown,3802237150.0,Taurus,Black,Hiking,03/06/2023 07:15:00,40.80139295862699,-73.96582763795014,40.760830864701106,-73.98036604555395,1.0,0.884804424816714,0.5497918102527863,0,3,0,Clear,A,255.4972744510334,6.294831590958949
REC00197,Marta Anderson,3802417379.0,Taurus,Gray,Dancing,03/06/2023 07:32:00,40.68020176700827,-73.93713928984455,40.71185889805905,-73.85210746014808,1.0,1.8465811051071432,1.1474119478615308,11,2,0,Snow,A,752.9424879246754,9.876092679636972
REC00198,Michael Anderson,3839915319.0,Libra,Pink,Travel,03/06/2023 07:49:00,40.73391606574907,-73.98821180795092,40.78767333655539,-73.98347668895194,1.0,,0.7167323010260531,6,3,0,Clear,A,260.4625986938206,5.812644222589675
REC00199,James Garcia,3133160124.0,Capricorn,Gray,Travel,03/06/2023 08:06:00,40.85310897837435,-73.93393258809787,40.86626754027195,-73.95862877285957,1.0,6.199097785040502,3.851939589788402,8,6,1,Clear,A,1203.5400456535242,19.83273624084237
REC00200,Richard Thomas,3094672004.0,Cancer,Yellow,Reading,03/06/2023 08:23:00,,-73.99737218094558,40.7854642756478,-74.07455850657354,2.0,0.9212427822760034,0.5724335488656225,2,4,0,Rain,A,377.1890116010435,7.723637426032332
REC00201,John Gonzalez,3709419460.0,Cancer,Purple,Cooking,03/06/2023 08:40:00,40.75941065779596,-73.97761254048756,40.80513644241545,-74.02683062948226,1.0,1.0645262166243623,0.6614657197500966,10,2,0,Clear,A,208.6963920621098,6.967550931424947
REC00202,Carmen Moore,3483334789.0,Libra,White,Reading,03/06/2023 08:57:00,40.804793807235114,-73.94385977809645,40.80985075913289,-73.95264694200061,4.0,6.983589037956927,4.339399704104333,20,2,0,Clear,A,786.3652374386909,17.879047285206898
REC00203,Michael Ramirez,3433905555.0,Sagittarius,Green,Hiking,03/06/2023 09:14:00,,-73.97391245217614,40.881366443202154,-73.92306124517799,,7.490058423299778,4.6541050925442065,9,0,0,Snow,A,1848.9318688674941,24.60711723771087
REC00204,Robert Martinez,3169414897.0,Capricorn,Blue,Reading,03/06/2023 09:31:00,40.75473052496917,-74.0137919766338,40.743990479178464,-73.94518608635056,1.0,,1.3418038030540045,18,5,1,Clear,A,235.3404155263429,6.602464856907853
REC00205,Elena Rodriguez,3161936197.0,Aries,Black,Photography,03/06/2023 09:48:00,40.68215395147586,-74.025096909576,40.744016548594956,-74.03224505397573,4.0,,6.656835412661626,0,0,0,Fog,A,1599.1465316518706,29.860265156537704
REC00206,Michael Moore,3608071579.0,Sagittarius,Purple,Travel,03/06/2023 10:05:00,40.79298357125571,-73.92674175268442,40.77952912013129,-73.91581634978625,2.0,,0.19191551263501402,13,1,0,Rain,A,587.9103527740134,5.665903192269441
REC00207,Richard Martinez,3691733195.0,Scorpio,Pink,Gardening,03/06/2023 10:22:00,40.79557364592161,-73.95518687605566,40.77573178488202,-73.9601485882811,3.0,0.8763386128954149,0.5445314002334368,7,6,1,,A,1154.5091956046747,13.568946797430856
REC00208,Thomas Davis,3547301536.0,Gemini,Red,Cooking,03/06/2023 10:39:00,40.69971291350509,-73.91063359522721,40.724589590428494,-73.89697436243924,1.0,6.911390565577413,4.294537667123403,6,0,0,Clear,A,1034.4376062645347,18.139296461068028
REC00209,Richard Anderson,3330784141.0,Virgo,Blue,Dancing,03/06/2023 10:56:00,40.76302557024322,-73.92274084200976,40.76083057603683,-73.92995451381412,,2.2081593375611073,1.3720861757396827,9,5,1,Clear,A,733.9264995236542,9.698844436083618
REC00210,Joseph Wilson,3425118367.0,Leo,Red,Hiking,03/06/2023 11:13:00,40.7104669647472,-73.99407996425657,40.72209090875187,-74.01079649292454,4.0,1.5320296719005397,0.9519588092585103,23,4,0,Clear,A,380.89639515007826,5.711286668787306
REC00211,Paula Wilson,3453510691.0,Virgo,Yellow,Cooking,03/06/2023 11:30:00,40.66776297418025,-73.9296659385344,40.63720840186834,-73.9493673391763,2.0,,1.981180555899726,11,3,0,,A,263.83642827068354,9.333166952089892
REC00212,James Wilson,3595760605.0,Gemini,Pink,Sports,03/06/2023 11:47:00,40.76103497443947,-73.96237791064448,40.731015629051996,-73.94107657932712,1.0,10.16974120886272,6.319182264692237,18,3,0,Clear,A,1254.8675192706621,25.27666904112412
REC00213,James Davis,3467665344.0,Pisces,Orange,Music,03/06/2023 12:04:00,40.82260679998484,-73.98567816415556,40.811164562168926,-73.94659493376051,1.0,2.8909886592058114,1.7963765141593742,20,6,1,Clear,A,714.1196150520991,11.896203547843573
REC00214,Laura Torres,3699412107.0,Gemini,Yellow,Dancing,03/06/2023 12:21:00,40.766061834558336,-73.84750114488331,40.776812997878544,-73.86098029689569,,1.8150845123147445,1.1278408785015253,6,5,1,Clear,A,627.9451954881213,9.812591231123527
REC00215,John Gonzalez,3102508469.0,Leo,Gray,Music,03/06/2023 12:38:00,40.75884423745056,-73.86270094794563,40.73550763420708,-73.84087894681029,4.0,4.808258014458051,2.9877120907018138,8,0,0,,A,583.2779505099408,14.147593923544399
REC00216,Thomas Ramirez,3997406213.0,Cancer,White,Reading,03/06/2023 12:55:00,40.683368438652266,-73.94747792131977,40.71544407704981,-73.94277781182366,,4.3368486422590475,2.6947919776891465,21,5,1,,A,812.5352848228547,13.187032187658291
REC00217,Marta Torres,3975992461.0,Gemini,White,Dancing,03/06/2023 13:12:00,40.78141374737281,-74.0224972571062,40.778194694974495,-74.0339718539279,,8.06503301989385,5.011377632604462,18,6,1,Rain,A,1533.001351889544,24.494298615229937
REC00218,Laura Garcia,3056320498.0,Taurus,Green,Sports,03/06/2023 13:29:00,40.722323371011825,-74.00392025176495,40.77354253415922,-73.98357434250275,3.0,,9.450708057651102,6,0,0,,A,2043.188517428935,40.56010073067216
REC00219,Charles Sanchez,3507574864.0,Capricorn,Red,Sports,03/06/2023 13:46:00,40.711100687558385,-74.00709592340635,40.679537373719754,-73.96665689840371,4.0,9.481103080876242,5.891282502467151,15,3,0,,A,1528.912302123743,25.935372592222617
REC00220,Thomas Davis,3432142879.0,Aries,Orange,Gardening,03/06/2023 14:03:00,40.79411150001517,-73.93928625121445,40.80438212416743,-73.96400953570604,3.0,7.483921386706728,4.650291715979346,6,1,0,Clear,A,977.7137642074512,19.554278604807823
REC00221,Paula Ramirez,3956129762.0,Scorpio,White,Music,03/06/2023 14:20:00,40.6892191960987,-73.96079819981023,40.70299626476148,-73.97047713179859,1.0,3.9596703216866977,2.460424307456785,11,5,1,Clear,A,356.87567613257795,10.597625440162417
REC00222,James Anderson,3935365883.0,Gemini,Black,Music,03/06/2023 14:37:00,40.739408934224635,-73.99561165882191,40.747543310433564,-73.95160987059016,1.0,3.2791663130316655,2.037578851094799,2,5,1,Clear,A,423.1437321666519,10.567978370139851
REC00223,Marta Rodriguez,3210172666.0,Cancer,Purple,Music,03/06/2023 14:54:00,40.692606737145525,-73.87668427647566,40.69113905955349,-73.87796140023791,2.0,2.3603754671369668,1.4666688643903643,4,2,0,Snow,A,1096.9104355146587,12.700452372901976
REC00224,Laura Brown,3822602811.0,Aries,White,Gaming,03/06/2023 15:11:00,40.73502588566917,-74.00148531637001,40.7604411152718,-74.02532532953511,,1.5025477703779855,0.9336396106275392,5,1,0,Rain,A,100000.0,8.68804596366237
REC00225,Ana Martinez,3056061616.0,Virgo,Orange,Cooking,03/06/2023 15:28:00,40.64039003382256,-73.88681633129487,40.60331701479273,-73.88172004047775,3.0,2.940839820385579,1.8273525800328076,16,4,0,Clear,A,700.2971528517779,11.832019324655874
REC00226,Richard Anderson,3583804439.0,Aquarius,Black,Sports,03/06/2023 15:45:00,40.777080374984386,-73.92145954994348,40.78556660943222,-73.92120024347413,1.0,6.42876837488302,3.994650233869437,16,4,0,Clear,A,668.3686881529087,17.445616004153543
REC00227,Michael Gonzalez,3323663782.0,Virgo,Pink,Cooking,03/06/2023 16:02:00,40.76950895481917,-73.94780061799479,40.739916430089266,-73.91613256797383,1.0,3.6229684826458493,2.251207549030134,3,2,0,Rain,A,977.3638498284445,15.245719806098231
REC00228,Ana Johnson,3642933570.0,Cancer,Gray,Music,03/06/2023 16:19:00,40.85884190091789,-74.01894471451625,40.84146682164701,-74.02025442782202,,2.7131156412728914,1.6858513791333778,9,2,0,Clear,A,828.0866637815208,10.414100524281112
REC00229,Elena Anderson,3438889423.0,Taurus,Pink,Photography,03/06/2023 16:36:00,40.76211695515445,-73.89978646910549,40.77016986165453,-73.9000909517639,1.0,4.1436009579108335,2.5747134708180126,22,1,0,Clear,A,256.5620682016563,10.746199131536065
REC00230,Laura Wilson,3140690327.0,Scorpio,Black,Hiking,03/06/2023 16:53:00,40.70489116825968,-73.88135067033846,40.73333589319196,-73.88290675101736,1.0,2.510136580583019,1.5597260772134511,22,3,0,Clear,A,416.49335146486186,8.563208263202696
REC00231,Lucia Anderson,3418279497.0,Aries,Purple,Cooking,03/06/2023 17:10:00,40.799583569776495,-73.96819119179312,40.758370719146534,-73.96316522039025,1.0,4.158039383189774,2.583685089572013,7,2,0,Clear,A,940.767616558048,13.585657945542007
REC00232,Carmen Miller,3328263441.0,Cancer,Blue,Reading,03/06/2023 17:27:00,40.79844503415206,-73.91761280184446,40.84796931970993,-73.87211525637818,1.0,3.2276360859047566,2.0055594623347246,13,1,0,Clear,A,840.5963130033075,14.173336563165027
REC00233,Ana Brown,3748925323.0,Aquarius,Black,Photography,03/06/2023 17:44:00,40.81533583958937,-73.97508947972837,40.84540610384188,-73.95334426304804,1.0,5.853082209987509,3.636935545902148,10,5,1,Clear,A,704.3925037375976,14.674689166124507
REC00234,Robert Sanchez,3412801941.0,Sagittarius,White,Cooking,03/06/2023 18:01:00,40.651960902467195,-73.90474909293212,40.653266409672014,-73.93602236675186,4.0,3.141970605642233,1.95232941719852,5,6,1,,A,1084.4422968870435,12.809371214132263
REC00235,Richard Garcia,3706477551.0,Cancer,Yellow,Dancing,03/06/2023 18:18:00,40.71494668824521,-74.02741623526991,40.68292123760949,-74.01896907862057,1.0,7.795630622253241,4.843978795380119,12,1,0,Fog,A,1287.9803600196183,22.13216344545925
REC00236,Paula Brown,3156376168.0,Gemini,Green,Cooking,03/06/2023 18:35:00,40.704621637570085,-73.93053185304869,40.750487971758254,-73.92015921436118,,2.3496962742231946,1.4600331236103408,14,3,0,Snow,A,789.665389631192,11.050072574442687
REC00237,Robert Anderson,3570939686.0,Cancer,Pink,Photography,03/06/2023 18:52:00,,-74.10593263075934,40.84029976578675,-74.09463427880608,2.0,4.54226484507418,2.822431649048588,22,5,1,Clear,A,958.2750014647936,15.226466054634553
REC00238,David Garcia,3316923364.0,Aries,White,Gaming,03/06/2023 19:09:00,,-74.03849197004972,40.80412114332203,-74.08288681152412,4.0,18.46228309383301,11.47192730829811,11,5,1,Clear,B,3031.5243214914585,52.84993999724842
REC00239,Paula Lopez,3314281810.0,Aquarius,Pink,Gaming,03/06/2023 19:26:00,40.80652282563313,-74.03297925282816,40.78619007535265,-74.02859088527796,,4.744009899090726,2.947790175007903,21,1,0,Clear,A,745.8275507876126,14.220292060714776
REC00240,Lucia Martinez,3977430836.0,Sagittarius,Pink,Sports,03/06/2023 19:43:00,40.69575256512503,-73.9793130252267,40.70157735144867,-73.99635027909746,1.0,0.4362218357526434,0.27105559830345577,20,4,0,Clear,A,162.3384984385846,3.0412331884581647
REC00241,Richard Wilson,3261249718.0,Pisces,Green,Travel,03/06/2023 20:00:00,40.756628456643064,-74.02419043628618,40.73784597993623,-74.06911050340257,3.0,3.519375587172828,2.1868379279771673,21,6,1,Fog,A,473.19330165391995,11.50680907522473
REC00242,Laura Thomas,3067652114.0,Aquarius,Gray,Cooking,03/06/2023 20:17:00,40.66863247821626,-74.0238095633953,40.705091458599384,-73.9875318373113,1.0,2.018203796492664,1.254053311230443,9,3,0,Fog,A,927.2976343447406,10.033035968802437
REC00243,Elena Perez,3134598202.0,Capricorn,Yellow,Reading,03/06/2023 20:34:00,40.6948845772505,-73.98896740639599,40.73208212030607,-73.99743508663893,4.0,6.044892904859238,3.7561211491852897,11,0,0,Snow,A,1326.6127236602135,18.83430804546797
REC00244,Lucia Sanchez,3270885185.0,Scorpio,White,Dancing,03/06/2023 20:51:00,40.756176426554276,-73.9863838110342,40.75157013067766,-73.994403271294,1.0,5.086660347487754,3.1607032267788133,3,1,0,Rain,A,917.0436536774972,17.419598743455918
REC00245,Paula Johnson,3764402837.0,Scorpio,Gray,Music,03/06/2023 21:08:00,,-74.03765627106216,40.743530965064636,-74.01119297432862,,2.4005695307738875,1.4916442899065012,22,2,0,Clear,A,384.53192820530273,9.925140761607071
REC00246,Thomas Davis,3122381818.0,Cancer,Green,Dancing,03/06/2023 21:25:00,40.76966780790044,-74.04715364951137,40.793408266321585,-74.01643137605137,2.0,6.4698660820439535,4.020187157265734,23,2,0,Rain,A,1163.7985240211535,18.781607682055423
REC00247,Carmen Brown,3308141415.0,Cancer,Red,Reading,03/06/2023 21:42:00,40.717485787779474,-74.022551645584,40.73703334335741,-74.03001585796997,1.0,4.211766816642106,2.617069758623722,7,3,0,Clear,A,781.8437758632674,16.39029061532045
REC00248,David Garcia,3083840654.0,Aries,Gray,Photography,03/06/2023 21:59:00,40.77126862996867,-73.92990136870327,40.736280230462135,-73.92902212762203,1.0,,0.5493582745453017,19,2,0,Snow,A,634.7091453346127,7.529483802695961
REC00249,Isabel Brown,3948972470.0,Scorpio,Green,Dancing,03/06/2023 22:16:00,40.75023053266252,-73.84814981828764,40.74148382107755,-73.87845323672516,1.0,2.980707863563846,1.8521254258905306,2,5,1,Clear,A,444.5766499408179,8.583924754038712
REC00250,Laura Lopez,3328500483.0,Capricorn,Green,Sports,03/06/2023 22:33:00,40.828501618855,-73.90702193101528,40.894288319234334,-73.93529365613054,2.0,13.21927191861074,8.214072211339074,6,2,0,Rain,A,2190.729204383567,37.377631039761816
REC00251,Joseph Ramirez,3217135949.0,Sagittarius,Red,Music,03/06/2023 22:50:00,40.728669089684516,-73.99785880201506,40.72842678973279,-73.9589245717159,5.0,2.537664391607019,1.576831060677245,22,6,1,Snow,A,1237.9243279442214,14.103991638600931
REC00252,Lucia Sanchez,3869750874.0,Scorpio,Black,Hiking,03/06/2023 23:07:00,40.6582727441398,-73.95918521895959,40.66532555188428,-73.95782138359878,1.0,2.540711245138918,1.5787242871032146,2,0,0,Clear,A,336.8206463535607,7.871387389697932
REC00253,Sofia Johnson,3075528831.0,Libra,Pink,Sports,03/06/2023 23:24:00,40.780838701984464,-73.98007980561646,40.79718885265486,-73.95098012890448,1.0,,4.983693987102622,0,2,0,Clear,A,1004.1980568581781,20.33629696908349
REC00254,Paula Garcia,3450357219.0,Capricorn,Yellow,Photography,03/06/2023 23:41:00,40.766792445382166,-73.98715074257372,40.75003074481052,-73.99210840999788,1.0,0.17087121380308756,0.10617441699203832,18,3,0,Snow,A,741.2924736817641,6.837960773236835
REC00255,Paula Johnson,3774483263.0,Taurus,Blue,Gardening,03/06/2023 23:58:00,40.70550760142482,-73.97451613391208,40.728497086700145,-73.96191223655596,1.0,3.688373784287653,2.2918485067166032,13,3,0,Fog,A,762.7968656684288,13.678873056032172
REC00256,Michael Garcia,3449816196.0,Sagittarius,Black,Gaming,04/06/2023 00:15:00,40.73367495267802,-73.96614139551396,40.745017392128275,-74.01845375506998,1.0,3.680811384308982,2.2871494506794563,2,4,0,Rain,A,1183.23735630951,16.631413505900593
REC00257,Richard Lopez,3956906918.0,Capricorn,Green,Reading,04/06/2023 00:32:00,40.75969636399522,-74.06730994579908,40.793452745785615,-74.04148873592621,4.0,6.253678294625461,3.885854335609717,21,1,0,Fog,A,1259.0732823088078,20.293042981138026
REC00258,Marta Brown,3653328765.0,Pisces,Yellow,Travel,04/06/2023 00:49:00,40.73103004031974,-74.01096303112756,40.68047213430829,-74.01183287380859,5.0,2.156582402793496,1.3400377642061976,1,6,1,Fog,A,179.3371719416834,8.325165188536623
REC00259,Maria Anderson,3441715417.0,Gemini,Purple,Reading,04/06/2023 01:06:00,40.69447756595377,-73.98212642822939,40.70510141878546,-73.99622536890617,4.0,3.400136340660592,2.1127461181326126,3,1,0,Fog,A,269.24432316684135,9.104123363639335
REC00260,Isabel Taylor,3144220440.0,Virgo,Yellow,Music,04/06/2023 01:23:00,40.74001456463589,-73.86078131668391,40.746313970420914,-73.84192447884044,1.0,4.598897995601748,2.8576218464250536,4,1,0,Clear,A,888.8362602537185,15.899228730318717
REC00261,Richard Sanchez,3265075783.0,Aries,Yellow,Reading,04/06/2023 01:40:00,40.79421666507256,-73.94814562671439,40.75170493276089,-73.91833368210392,1.0,5.696869752321941,3.539869654870037,5,3,0,Clear,A,1028.928821318369,19.03231481059027
REC00262,Carmen Rodriguez,3958869792.0,Virgo,Red,Sports,04/06/2023 01:57:00,,-73.92490104840341,40.72392559760394,-73.93707477698057,2.0,2.7233790661748962,1.6922287737281614,8,2,0,,A,1196.217961948947,15.86284317066421
REC00263,Lucia Taylor,3853938855.0,Sagittarius,Red,Hiking,04/06/2023 02:14:00,40.760588015279225,-73.98551303419309,40.77241228290795,-74.02139574392055,1.0,12.613257936574128,7.837512697307003,9,5,1,Clear,A,2065.6147499315884,34.51854175043788
REC00264,William Wilson,3373859360.0,Aries,White,Reading,04/06/2023 02:31:00,40.74092660969316,-73.90805020769695,40.74242952508721,-73.85808325603051,1.0,0.2534049501420367,0.1574584872747075,4,1,0,Clear,A,112.13939093997868,3.5398328453827843
REC00265,Thomas Smith,3903179357.0,Leo,Green,Photography,04/06/2023 02:48:00,40.68824665211749,-73.9657862332447,40.68750409718182,-73.9722555458769,2.0,2.3230249044600093,1.4434603079092205,17,2,0,Clear,B,673.7368685749441,10.645774512279932
REC00266,Lucia Torres,3186407627.0,Leo,Green,Photography,04/06/2023 03:05:00,40.74468185946911,-73.93871263566157,40.74425091139464,-73.99628347376493,3.0,3.6677347698566463,2.2790240216805944,6,2,0,Rain,A,716.1243130593385,15.31013694823755
REC00267,Paula Torres,3580052778.0,Aquarius,White,Cooking,04/06/2023 03:22:00,40.7277374914437,-73.97124199099446,40.71377476684301,-73.98390013263773,1.0,4.569259291890473,2.8392052154612752,9,6,1,Clear,A,1294.3794038006813,18.02290828971326
REC00268,John Perez,3342523406.0,Leo,Yellow,Sports,04/06/2023 03:39:00,40.78792613800978,-73.95239753592466,40.84809145950148,-73.93890920814918,1.0,9.200688891494597,5.71704125719689,10,4,0,Rain,A,1683.5197147701533,25.970415120950722
REC00269,John Johnson,3377871204.0,Libra,Blue,Cooking,04/06/2023 03:56:00,40.811766680135655,-74.00378530232258,40.82161607642136,-74.00624084853848,1.0,6.054222111166416,3.761918047437587,16,1,0,Snow,A,1326.437919108619,22.185570581247102
REC00270,Thomas Davis,3697136235.0,Taurus,Red,Cooking,04/06/2023 04:13:00,40.794084749338694,-73.88851281563683,40.80337754131556,-73.89238409601857,2.0,,0.8857034348469117,7,3,0,Clear,A,358.5810239765415,6.357628369726396
REC00271,Robert Davis,3604033339.0,Aries,Green,Dancing,04/06/2023 04:30:00,40.71324157171259,-74.00408288198847,40.673420597875996,-74.01463954617309,1.0,5.103616716480468,3.171239422736185,6,5,1,Clear,A,888.8055506472111,16.14666609103605
REC00272,John Anderson,3639124504.0,Leo,Black,Dancing,04/06/2023 04:47:00,40.691859885117466,-74.02743622422469,40.68239252790366,-74.04006604440698,1.0,9.600738621750054,5.965620558135453,13,3,0,Rain,A,1672.9338496683913,26.68580383775364
REC00273,Isabel Ramirez,3257808867.0,Leo,White,Travel,04/06/2023 05:04:00,40.67431513066289,-73.97198297276856,40.65844619357768,-74.0103210054946,2.0,,2.4908386340517357,10,4,0,Clear,A,684.5147450333833,13.30577402544139
REC00274,Carmen Davis,3757869541.0,Scorpio,Yellow,Photography,04/06/2023 05:21:00,40.758468204557445,-73.8863437583213,40.75754134934327,-73.92527243589467,1.0,9.360802702905762,5.816531336307256,7,1,0,Clear,A,1329.7856779662768,26.306936807152567
REC00275,Ana Johnson,3493458112.0,Gemini,Black,Photography,04/06/2023 05:38:00,40.71454169889912,-74.01415631500346,40.7048952180742,-74.00323686404563,1.0,0.3271629029742603,0.2032895401840191,0,2,0,,A,434.06459888193723,4.844535184204499
REC00276,Elena Martinez,3064768805.0,Leo,Blue,Music,04/06/2023 05:55:00,40.69435348988208,-73.98905431796615,40.67583176182811,-73.95214096882489,1.0,,3.910742579590164,5,6,1,Clear,A,1159.587253511066,20.73328680257904
REC00277,James Johnson,3599774086.0,Aquarius,White,Dancing,04/06/2023 06:12:00,,-73.96718737300901,40.841241419311636,-73.97546343216467,4.0,8.27070806591668,5.139178141626713,13,1,0,Clear,A,1135.8621831620394,23.76846510688323
REC00278,David Rodriguez,3509964046.0,Leo,Pink,Music,04/06/2023 06:29:00,40.774310766767556,-74.04620069809678,40.74182371621199,-74.00462636094719,1.0,2.8329233908811475,1.7602964403152095,4,3,0,Fog,A,600.0666700403259,11.43227367133616
REC00279,Robert Perez,3494899238.0,Cancer,Orange,Photography,04/06/2023 06:46:00,,-74.04877741883672,40.78466484180219,-74.01581267777074,1.0,0.7963271553052065,0.49481460081915146,15,3,0,,A,486.5158443256067,6.426267104376575
REC00280,John Lopez,3505401759.0,Cancer,Yellow,Photography,04/06/2023 07:03:00,40.76431376996597,-73.92374008078153,40.78846405628424,-73.92769644901155,1.0,7.284883534616675,4.526615366788298,12,5,1,Fog,A,1255.0235689566941,21.670100886454318
REC00281,David Moore,3788891719.0,Taurus,Black,Dancing,04/06/2023 07:20:00,40.83093875530503,-73.97622410378315,40.84588078049665,-73.95708683201114,5.0,,0.8776145300016378,15,3,0,,A,148.6334129871752,4.918779341314533
REC00282,William Ramirez,3713898288.0,Taurus,Gray,Photography,04/06/2023 07:37:00,40.741648121884296,-74.03301553791064,40.76732189212311,-74.01833513286532,5.0,,1.6549567437206967,13,5,1,Clear,A,5.0,9.656408385208744
REC00283,Charles Gonzalez,3707017501.0,Aquarius,Pink,Travel,04/06/2023 07:54:00,40.78089107183554,-73.99568196060666,40.80445972294388,-74.0108314940856,,7.555286400461646,4.694635865941254,1,2,0,Rain,A,1680.982043207827,25.813067697268032
REC00284,Sofia Lopez,3740531923.0,Cancer,Black,Hiking,04/06/2023 08:11:00,40.79516961935327,-74.00796591265515,40.75663977979627,-74.07269859106242,4.0,5.264063836922502,3.270936610412372,23,5,1,Clear,A,964.3621038431622,17.667881047224558
REC00285,John Taylor,3362759260.0,Libra,Purple,Sports,04/06/2023 08:28:00,40.842887121253234,-73.9796035559778,40.88766705874319,-73.97544076152685,2.0,22.467969953400235,13.960944957914258,17,3,0,Clear,A,3358.2115050811467,58.578523595194135
REC00286,Thomas Perez,3632816449.0,Gemini,Purple,Hiking,04/06/2023 08:45:00,,-73.97017128151855,40.7759993754737,-73.94912661130984,3.0,3.7902211345200114,2.355133496577834,1,1,0,Snow,A,1336.734336822208,17.850716827421117
REC00287,David Wilson,3213743533.0,Pisces,Orange,Reading,04/06/2023 09:02:00,40.81173009637884,-74.08741766294706,40.75445188027205,-74.10402313312005,1.0,4.793339805896812,2.978442348529908,21,2,0,Rain,A,847.828792805715,15.364243473586836
REC00288,John Miller,3747139506.0,Virgo,Purple,Gaming,04/06/2023 09:19:00,40.65857932849037,-73.91329926196472,40.635778192155485,-73.85308580631101,1.0,7.244204517095652,4.501338604992243,2,6,1,Clear,A,1456.6759453818331,22.58749523415459
REC00289,John Ramirez,3651792078.0,Leo,Blue,Dancing,04/06/2023 09:36:00,40.85586969111194,-73.97630888639397,40.81889070340847,-73.94533505912031,1.0,1.4105470616110307,0.8764730382203078,8,6,1,Clear,A,741.8716539616413,8.23555209136994
REC00290,Charles Rodriguez,3105744861.0,Taurus,Orange,Music,04/06/2023 09:53:00,40.77113038635106,-74.01191824885693,40.78415016157777,-74.05609608535325,1.0,3.4549055458116955,2.146778113906559,17,5,1,Clear,A,585.0986739674385,10.760398401922194
REC00291,Sofia Miller,3834996336.0,Virgo,Purple,Reading,04/06/2023 10:10:00,40.78776321959092,-73.93578348604699,40.771742794633845,-73.94162157438628,4.0,1.1911023002350865,0.7401164273993759,23,1,0,,A,810.4775752088185,9.840505619616234
REC00292,Lucia Garcia,3162960827.0,Libra,Purple,Reading,04/06/2023 10:27:00,40.68580574802363,-74.03172446787794,40.68652482108344,-74.05691939360062,3.0,,0.5603746385947679,19,0,0,,A,276.0413438463893,5.521278355567514
REC00293,David Hernandez,3395154857.0,Gemini,Black,Dancing,04/06/2023 10:44:00,40.68257096823226,-73.99571454792607,40.73460623094559,-74.00673569860622,2.0,8.479555464602576,5.268949858595567,12,0,0,Clear,A,1283.2234555742405,22.711873027291887
REC00294,Lucia Brown,3494065963.0,Scorpio,Blue,Dancing,04/06/2023 11:01:00,40.71769152863541,-74.04082769077829,40.761019496173446,-74.02120128316497,1.0,4.100016037507702,2.5476310652421983,9,2,0,Clear,A,710.309709647112,13.97041560891677
REC00295,Maria Gonzalez,3109169669.0,Cancer,Red,Gaming,04/06/2023 11:18:00,40.750990220897485,-73.94278059027918,40.72225672058127,-73.9503330095686,1.0,4.2868912249000966,2.663749887307398,1,3,0,Clear,A,559.6082909261594,13.424289669184125
REC00296,Michael Ramirez,3570818454.0,Gemini,White,Music,04/06/2023 11:35:00,40.73727465051641,-73.92032173258039,40.751011219658565,-73.93743144894616,1.0,5.544826464803304,3.445394365261294,20,3,0,Clear,A,938.7872625276151,16.78858137476383
REC00297,Maria Martinez,3281456211.0,Gemini,Red,Dancing,04/06/2023 11:52:00,40.729500913363225,-73.96079582243108,40.7843143028264,-73.95797322962035,4.0,1.7251047634773866,1.0719300719867073,18,6,1,Clear,A,362.12342003285033,8.576350808210602
REC00298,James Thomas,3899667674.0,Cancer,Purple,Travel,04/06/2023 12:09:00,40.740154283885225,-73.98945353628325,40.712711168846155,-73.96666011989792,2.0,7.211421724097375,4.48096832812411,8,2,0,Clear,A,1014.2151317288902,18.337034262784805
REC00299,Paula Sanchez,3672265519.0,Taurus,Pink,Gardening,04/06/2023 12:26:00,40.63326757835485,-74.0437860269318,40.66230590317059,-74.0212915509481,1.0,5.27918031313642,3.2803295503538905,7,1,0,Rain,A,1329.879790818555,19.987324464971554
REC00300,Sofia Anderson,3335829048.0,Pisces,Gray,Cooking,04/06/2023 12:43:00,40.77132564492427,-74.00286890883397,40.76627891071721,-73.98440885331996,2.0,5.718490562647243,3.55330419940268,21,0,0,Clear,B,1026.7347435108154,20.177159553134793
REC00301,Ana Torres,3841659715.0,Taurus,White,Reading,04/06/2023 13:00:00,40.741508216050256,-73.96841130594305,40.71328321557922,-73.92730527771553,1.0,1.806565293250343,1.122547282832259,12,6,1,Rain,C,712.2913764111224,10.697610507340688
REC00302,Thomas Gonzalez,3457549402.0,Leo,White,Sports,04/06/2023 13:17:00,40.797555378661535,-74.0087249747618,40.8429799423831,-74.01143954706818,1.0,4.731419521111202,2.9399668792523888,5,5,1,Clear,A,856.7967351387753,13.892599063305001
REC00303,William Davis,3486561595.0,Aquarius,Red,Gardening,04/06/2023 13:34:00,40.726205750787436,-74.00274629569672,40.713351246266825,-74.01358258521918,1.0,6.555579408164148,4.073446932430365,8,5,1,Rain,A,1508.7418222708964,22.466803240759596
REC00304,David Wilson,3576374313.0,Libra,Gray,Cooking,04/06/2023 13:51:00,40.73139886529982,-74.03610850043104,40.72691320993979,-74.04077198526593,4.0,3.005930864052577,1.8677982669272137,13,5,1,Clear,A,606.7578037557043,12.23437834537426
REC00305,Isabel Hernandez,3863034924.0,Capricorn,Orange,Reading,04/06/2023 14:08:00,40.75790428466348,-74.01716679804701,40.74725738625141,-74.04144878548395,1.0,3.668350965401695,2.2794069077226164,1,3,0,Fog,A,727.0746700253417,11.383556874520252
REC00306,Joseph Thomas,3335338000.0,Leo,Blue,Travel,04/06/2023 14:25:00,40.78420134107884,-74.05332762695804,40.81580517658132,-74.07830942400935,,3.589850852599852,2.2306292141308224,6,5,1,Clear,A,744.8773725732484,11.352368597165006
REC00307,Michael Rodriguez,3966695060.0,Sagittarius,Yellow,Cooking,04/06/2023 14:42:00,40.80753268800293,-73.96616992400675,40.837035334073896,-73.94400568359083,1.0,2.769078576926841,1.7206251244236082,11,3,0,,A,440.14726140809887,11.73488558248224
REC00308,Charles Wilson,3273965282.0,Taurus,Purple,Hiking,04/06/2023 14:59:00,40.74796582875471,-73.97750948774535,40.72570925939074,-73.95259135028489,1.0,5.0133712255410625,3.1151634917856756,10,5,1,Rain,A,853.8743748051115,15.637454057310567
REC00309,Lucia Johnson,3590153890.0,Scorpio,Blue,Travel,04/06/2023 15:16:00,40.771427733441016,-73.97527459079619,40.774906229434265,-74.05465104785341,1.0,3.6219589719569427,2.2505802683638576,18,0,0,Clear,A,715.5639615559751,11.992996596421813
REC00310,Ana Ramirez,3068284220.0,Scorpio,Blue,Music,04/06/2023 15:33:00,40.75165349752574,-73.99803041211415,40.76271687631189,-73.9698233035861,,2.8204236481026594,1.7525294626451977,18,5,1,Snow,A,1059.5557619409722,12.353138767348575
REC00311,Joseph Smith,3948585334.0,Libra,Black,Cooking,04/06/2023 15:50:00,40.7353062491777,-74.00953332965558,40.7645691318516,-74.02187199081385,1.0,12.620954672329425,7.842295225700007,14,2,0,Clear,A,1927.5113947106488,34.62230689451323
REC00312,Charles Garcia,3939865826.0,Capricorn,Gray,Gardening,04/06/2023 16:07:00,40.653878177516965,-73.9948957370077,40.63564764152322,-74.01386643409836,1.0,3.7565087817774523,2.3341856182418375,19,2,0,Clear,A,880.7433731585667,14.014884879237206
REC00313,Paula Sanchez,3014997811.0,Cancer,Yellow,Gaming,04/06/2023 16:24:00,40.76029656158549,-74.00131520662586,40.80177082903934,-74.01112396861463,4.0,1.4044949427091737,0.872712427046142,12,2,0,Clear,A,359.17873031697894,6.661234617568043
REC00314,Thomas Thomas,3506389651.0,Libra,Pink,Travel,04/06/2023 16:41:00,40.70446637994265,-73.97234049946978,40.728900916529945,-74.010204874815,1.0,4.738167462948021,2.9441598546194747,14,3,0,Clear,A,781.481702235271,16.324963243903433
REC00315,Marta Hernandez,3056261602.0,Virgo,Purple,Hiking,04/06/2023 16:58:00,40.793537159182705,-73.88835085444865,40.76504672791372,-73.89339214618099,5.0,4.572775882641819,2.8413903229730297,20,6,1,Clear,A,867.9055381252372,14.185970239893006
REC00316,William Rodriguez,3175869279.0,Capricorn,Yellow,Cooking,04/06/2023 17:15:00,40.706593543961304,-73.9894594744347,40.721132879223376,-73.93201220597004,1.0,4.954388238500732,3.078513174145438,4,6,1,Clear,A,650.290509330513,14.385044801463941
REC00317,Joseph Davis,3064036717.0,Libra,Pink,Hiking,04/06/2023 17:32:00,,-74.0095960350728,40.736267879189896,-74.05602674848787,4.0,12.756045832442107,7.926236954950384,0,1,0,Rain,A,2111.3313805586936,34.65107308386326
REC00318,Elena Perez,3022181511.0,Leo,Blue,Sports,04/06/2023 17:49:00,,-73.99246341124632,40.68763049129925,-73.9739131972689,2.0,0.37668794098157854,0.23406296257566445,15,4,0,Clear,A,211.31478645705923,4.6912680700499
REC00319,Elena Gonzalez,3880411929.0,Gemini,Pink,Reading,04/06/2023 18:06:00,40.77666207214787,-74.00461391625143,40.78945768623496,-73.97537570110309,3.0,6.829294276917834,4.243525414142712,21,2,0,Rain,A,1479.2388448225897,22.878949264063902
REC00320,Marta Smith,3149192192.0,Scorpio,Orange,Cooking,04/06/2023 18:23:00,40.73483894709106,-74.00481225534348,40.73491126032377,-73.98735350745294,1.0,2.226005918696057,1.3831755237060874,10,4,0,Clear,A,391.29685486236343,8.343539245791664
REC00321,Robert Thomas,3838762938.0,Libra,Gray,Sports,04/06/2023 18:40:00,40.778417233789035,-74.0092176733176,40.73247793448644,-73.96320576171277,1.0,3.4968102725522394,2.1728164958660576,14,1,0,Rain,A,897.9421074811145,11.90176156008398
REC00322,Sofia Moore,3053366552.0,Scorpio,Black,Dancing,04/06/2023 18:57:00,40.616488643576076,-73.9457499670293,40.520610390261545,-73.91630189926029,1.0,1.2311930275693164,0.7650276427337737,12,3,0,Clear,A,314.50949031323665,6.515144129970046
REC00323,Elena Sanchez,3846744196.0,Gemini,Blue,Sports,04/06/2023 19:14:00,40.84970761853258,-73.94639445865083,40.91118157582822,-73.92626601903198,1.0,,4.563735272453268,14,4,0,Clear,A,701.7539547326045,20.057929930677226
REC00324,Sofia Smith,3030812313.0,Cancer,Black,Sports,04/06/2023 19:31:00,40.69948432375716,-73.93488154203533,40.69576184836248,-73.90374003948824,5.0,,2.348351923975574,17,5,1,Clear,A,583.8257142587146,9.980381024034648
REC00325,Sofia Garcia,3727781923.0,Aries,Blue,Gaming,04/06/2023 19:48:00,40.78843390868373,-73.924295801616,40.791673656916366,-73.89453930674252,1.0,5.306189648513566,3.2971123680865233,14,5,1,Rain,A,1118.8955129140668,17.871349269638717
REC00326,Robert Johnson,3075698407.0,Virgo,Pink,Gaming,04/06/2023 20:05:00,40.77499762361054,-73.99822964879446,40.744202305101986,-74.00870024370144,5.0,9.656187476673757,6.000074868568249,1,6,1,Clear,A,1294.1538826858623,27.304147085109403
REC00327,Joseph Hernandez,3265960026.0,Libra,Blue,Cooking,04/06/2023 20:22:00,40.78558364094348,-74.05838515476866,40.76763142992974,-74.03945006014654,2.0,1.5911239758580507,0.9886782960028928,8,6,1,Clear,A,518.0198364845763,7.459591158674976
REC00328,Paula Ramirez,3609052679.0,Scorpio,Purple,Music,04/06/2023 20:39:00,40.70910992242589,-73.881521529215,40.77415801705834,-73.88970949782144,3.0,5.242136945178393,3.257311875762443,16,6,1,,A,1352.9590439929882,18.608883088768007
REC00329,Lucia Martinez,3997378453.0,Sagittarius,Pink,Cooking,04/06/2023 20:56:00,40.73305156790677,-74.0928753951364,40.80558993959299,-74.13289802580788,1.0,,10.163862695301823,17,2,0,Clear,A,2512.530306793689,45.222158358698024
REC00330,James Brown,3192291591.0,Sagittarius,Blue,Travel,04/06/2023 21:13:00,40.76991853434628,-73.99708286819757,40.71425802746093,-73.9419816030649,1.0,8.819774283516267,5.480351966322787,9,4,0,Clear,A,1158.3274108859791,23.219268663803994
REC00331,Marta Anderson,3740663961.0,Taurus,Orange,Gardening,04/06/2023 21:30:00,40.750197516172356,-74.05132663669517,40.75192233179372,-74.06792894777007,1.0,1.698773276260257,1.0555684494431121,8,0,0,Rain,A,930.964411410388,11.757854169768606
REC00332,Carmen Miller,3064158240.0,Virgo,Purple,Sports,04/06/2023 21:47:00,40.704533052511415,-73.95985877889066,40.76057551019852,-73.92699468677945,2.0,10.559059338598196,6.5610932602841,19,1,0,Clear,A,1674.9108270305908,29.413807787009112
REC00333,Marta Perez,3977405226.0,Scorpio,Red,Hiking,04/06/2023 22:04:00,40.778668160974746,-74.02784335391407,40.784605887165355,-74.01180130622285,5.0,4.17891395486505,2.596655943048451,19,0,0,Clear,A,714.8292240294693,13.755327012370252
REC00334,Paula Taylor,3388643475.0,Aquarius,Purple,Gaming,04/06/2023 22:21:00,40.86418609203346,-73.92341928615066,40.884709085716274,-73.95029642319386,1.0,12.187607628991557,7.573025940034113,20,5,1,Clear,A,1366.7058798059006,32.159059851108076
REC00335,William Smith,3050850027.0,Capricorn,White,Photography,04/06/2023 22:38:00,40.72891226210803,-73.96837665003758,40.723826120243494,-73.99165199898866,3.0,7.961146104367705,4.946825316017065,19,1,0,Snow,A,1851.7544914363461,24.554265271686763
REC00336,Isabel Wilson,3394200950.0,Sagittarius,Yellow,Music,04/06/2023 22:55:00,40.77440740337864,-73.90442942872036,40.78986665353273,-73.89250929212794,,3.4037428904017553,2.114987123551829,8,5,1,Clear,A,702.0312573718625,12.695290904160377
REC00337,Maria Moore,3779701106.0,Cancer,Red,Travel,04/06/2023 23:12:00,40.76139285976353,-73.97492105116785,40.80475957308689,-73.96293755939932,6.0,7.938252572385847,4.932599939155966,3,1,0,Clear,A,1265.8009068995252,25.058486433226918
REC00338,John Torres,3697818482.0,Scorpio,Gray,Sports,04/06/2023 23:29:00,,-73.92203606497544,40.7471111718347,-73.93332139070543,0.0,0.986170288886586,0.6127776185757469,14,6,1,Fog,A,135.9617584098445,5.009413364545184
REC00339,Maria Smith,3787746305.0,Pisces,Red,Music,04/06/2023 23:46:00,40.79031420077809,-74.03428063889086,40.75384364625475,-74.08173710376687,1.0,1.8447507411847948,1.146274612800737,19,3,0,Clear,A,289.9007788586721,8.049864720569117
REC00340,Richard Brown,3658631211.0,Libra,Pink,Sports,05/06/2023 00:03:00,40.789631022636556,-73.93074629555628,40.770710023241485,-73.90665021709216,3.0,7.368547107430002,4.578601484690888,22,1,0,Clear,A,1321.1686809011733,23.129393951984884
REC00341,Lucia Lopez,3268208622.0,Sagittarius,Black,Hiking,05/06/2023 00:20:00,40.722509301987266,-73.98675111443212,40.745710494704944,-74.07450281146103,2.0,,0.7808790501332865,9,6,1,Clear,A,787.9676301069796,9.820913122714341
REC00342,Robert Torres,3215079832.0,Sagittarius,Blue,Reading,05/06/2023 00:37:00,40.821649778058735,-73.96810607710033,40.81961456317702,-73.95766196625841,3.0,3.470677548763992,2.1565783791530304,9,1,0,Clear,A,711.2669936908944,14.074355607307377
REC00343,Laura Rodriguez,3460611267.0,Aries,Gray,Gardening,05/06/2023 00:54:00,40.75053389646991,-73.9336243536174,40.73417650517982,-73.89963936164956,1.0,5.355506737921987,3.327756577249323,15,2,0,Clear,A,1159.2411539412105,17.895580091854587
REC00344,Richard Torres,3300527298.0,Pisces,Black,Music,05/06/2023 01:11:00,40.803777927419084,-73.96067179922862,40.77107709905921,-74.01614908921431,3.0,5.66445076730589,3.5197254377316285,0,6,1,Rain,A,1090.5072557419448,17.281901406103476
REC00345,Thomas Rodriguez,3513560310.0,Libra,Green,Photography,05/06/2023 01:28:00,40.767216764733945,-74.01953018679997,40.7373122024076,-74.01473094092765,1.0,8.988561531024764,5.585231467094389,18,0,0,,A,1287.1274587766447,22.947022341387555
REC00346,Michael Smith,3273941800.0,Libra,Pink,Music,05/06/2023 01:45:00,,-74.0044735530446,40.73052587367302,-74.01598723467738,2.0,2.5903463454809383,1.6095660990378362,3,4,0,Rain,A,506.7184990958847,8.851569584205503
REC00347,Isabel Hernandez,3904735538.0,Cancer,White,Photography,05/06/2023 02:02:00,40.74958465051751,-74.03288309618117,40.76328713439087,-74.02703402129947,1.0,8.168676318390586,5.075778572634677,7,3,0,Clear,A,1497.7832318904195,25.634328972415183
REC00348,Laura Anderson,3929601555.0,Taurus,Yellow,Gardening,05/06/2023 02:19:00,40.78381050827633,-73.9442348113434,40.76829365555285,-73.91489815575387,2.0,7.513542998505671,4.668697726524467,16,1,0,Clear,A,1136.615269289222,21.545037419046302
REC00349,Maria Gonzalez,3721474897.0,Pisces,Gray,Gaming,05/06/2023 02:36:00,40.69500335924705,-73.99728535066912,40.70034148869209,-74.03767798808252,4.0,2.4753826325336585,1.538130981760072,2,2,0,Snow,A,961.7262869197826,13.786012252094684
REC00350,Marta Thomas,3778188440.0,Taurus,Yellow,Dancing,05/06/2023 02:53:00,40.768566318333725,-74.00243913560767,40.77329590878806,-74.00913836733453,,0.6625942645084398,0.41171686073187375,2,1,0,Clear,A,199.13281048824425,5.817439728786821
REC00351,John Smith,3591157297.0,Leo,Red,Reading,05/06/2023 03:10:00,40.815510852306744,-73.96987384459504,40.83857921507446,-73.97480826397104,,2.9818086868068026,1.8528094455298296,11,3,0,Clear,A,395.08771679766255,8.450500612779125
REC00352,Marta Martinez,3239594503.0,Aries,Gray,Reading,05/06/2023 03:27:00,40.77552901738942,-73.9918459493044,40.750870685770124,-74.05030806102606,1.0,2.487008832953542,1.5453551655411755,7,0,0,Fog,A,770.9028774672723,11.406132085458237
REC00353,Marta Taylor,3878217894.0,Virgo,Yellow,Sports,05/06/2023 03:44:00,40.66266505162701,-73.92155443661326,40.71115774082529,-73.90434640746551,1.0,1.453633633139069,0.9032457842572564,20,5,1,Clear,A,360.8370657916848,7.949250770182484
REC00354,Thomas Garcia,3449540030.0,Scorpio,Blue,Cooking,05/06/2023 04:01:00,40.68084784161725,-73.9407458242589,40.62807714285157,-73.89188813943366,1.0,4.470505619612469,2.7778425473642194,4,4,0,Snow,A,1395.5480234609722,19.617141842439967
REC00355,Isabel Brown,3654289741.0,Pisces,Blue,Gaming,05/06/2023 04:18:00,40.75105050905083,-73.94385493208212,40.7412819986591,-73.9237373354179,1.0,16.285221068661077,10.119164100655002,14,2,0,Rain,A,2399.7017358790954,42.5069208427223
REC00356,Lucia Johnson,3436270855.0,Gemini,Blue,Dancing,05/06/2023 04:35:00,40.710652679473974,-74.00076251310217,40.69791057076271,-73.99686696997784,1.0,4.584239247929267,2.8485133257250563,7,3,0,Clear,A,978.1517121845726,16.197286110674245
REC00357,Maria Martinez,3062207268.0,Aquarius,Blue,Travel,05/06/2023 04:52:00,40.79448373003233,-73.94450919231882,40.77078930649766,-73.9179313510415,5.0,14.237683333926059,8.84688353088497,12,3,0,Rain,A,2684.045157520528,43.22708331195265
REC00358,Sofia Torres,3094844021.0,Pisces,Red,Dancing,05/06/2023 05:09:00,40.72628806838866,-73.95482978696971,40.6601597978334,-73.97267889306892,1.0,18.52347570394716,11.509950621637351,21,6,1,Clear,A,2497.0766499903943,46.48317486590373
REC00359,Ana Hernandez,3822542389.0,Aquarius,Green,Travel,05/06/2023 05:26:00,40.77756583811233,-74.04081105205998,40.81396795316003,-74.06725562029872,20.0,2.3164946161014304,1.4394025761015619,5,6,1,Rain,A,638.5535764062013,10.190627662715137
REC00360,Marta Johnson,3424465727.0,Scorpio,Green,Sports,05/06/2023 05:43:00,40.846968310715646,-73.9923074779443,40.87184941778227,-73.97689824607458,2.0,2.718294482718868,1.689069361021506,22,6,1,Rain,A,689.4713287180391,10.438041148270258
REC00361,James Miller,3401374151.0,Libra,Blue,Dancing,05/06/2023 06:00:00,40.751150754346504,-73.98856514457444,40.76611412694468,-73.98169697015896,1.0,7.943144378023451,4.9356395653168095,9,1,0,Clear,A,1190.8342265350507,21.62046823317913
REC00362,Charles Ramirez,3253189800.0,Libra,Black,Dancing,05/06/2023 06:17:00,40.69940950983924,-73.90522565187602,40.677620613660906,-73.89580890630324,4.0,3.706590097192267,2.303167595282456,0,2,0,Clear,A,967.646705117248,14.06780991813779
REC00363,Marta Wilson,3027048531.0,Virgo,Yellow,Photography,05/06/2023 06:34:00,40.76979150878229,-74.00099013268938,40.75462250003439,-74.02675624841247,1.0,1.8045693367936646,1.1213070533728162,8,4,0,Fog,A,153.5555399242749,5.139224584446895
REC00364,David Davis,3207243821.0,Leo,Green,Cooking,05/06/2023 06:51:00,40.76413664691319,-73.95587932466972,40.754049341567125,-74.00102901088411,3.0,4.42025834511404,2.7466203481618563,4,5,1,Fog,A,543.3946267869738,12.286787075790707
REC00365,Ana Martinez,3408169823.0,Capricorn,Black,Travel,05/06/2023 07:08:00,40.76250157878271,-73.91495165997506,40.75531123400455,-73.94612586645498,1.0,6.707848230325412,4.168062362725532,23,3,0,,A,1149.684782456908,19.737910613776037
REC00366,Richard Sanchez,3652097817.0,Gemini,Green,Reading,05/06/2023 07:25:00,40.81840135052405,-74.02612769798915,40.84225420150051,-74.0517112342376,1.0,8.026320786025043,4.987322973133167,11,4,0,Rain,A,1348.0268345625952,23.06687551115314
REC00367,Maria Torres,3465517413.0,Scorpio,Orange,Gaming,05/06/2023 07:42:00,40.69069184985546,-73.96602966602019,40.675855873871356,-74.02726432814987,5.0,,3.813501725199668,12,0,0,Clear,A,984.6284004693582,17.901265295068768
REC00368,Paula Garcia,3140275278.0,Capricorn,Blue,Dancing,05/06/2023 07:59:00,40.79997436234615,-73.87837680309964,40.77427258517123,-73.8641214449378,2.0,5.289071042684672,3.2864753628640173,5,6,1,Clear,A,872.9751956213058,15.596935254699224
REC00369,Richard Martinez,3467454623.0,Virgo,Black,Hiking,05/06/2023 08:16:00,,-74.05843844604291,40.72408930277626,-74.09711875039257,2.0,3.8064675335493243,2.3652285377890774,15,1,0,Rain,A,1011.9246925789001,15.137237147976435
REC00370,David Miller,3876280238.0,Gemini,Blue,Gaming,05/06/2023 08:33:00,40.81902963571676,-74.01034132341239,40.82030612394756,-74.05067967503197,1.0,2.1336571790041834,1.3257926949750085,11,4,0,Clear,A,476.38099250335114,10.253246443914454
REC00371,Carmen Martinez,3327938607.0,Gemini,Pink,Dancing,05/06/2023 08:50:00,40.64388683335426,-73.96635403797032,40.65899221753343,-73.97421168843512,1.0,10.7291221744393,6.666765374653523,21,3,0,Rain,A,1766.2767472301282,29.21988045844403
REC00372,James Johnson,3038388489.0,Virgo,Red,Sports,05/06/2023 09:07:00,40.861530892114956,-73.9617834255239,40.90319355211433,-73.98896574873879,2.0,2.9955347307596503,1.8613384111868547,3,6,1,Snow,A,1078.7076643730445,13.112891596537104
REC00373,Maria Anderson,3658070219.0,Libra,Black,Travel,05/06/2023 09:24:00,40.736458937500274,-73.97212949486692,40.72424928752164,-74.01946389714222,1.0,3.7884433117734124,2.3540288090799573,2,3,0,Rain,A,887.9476410514359,12.801139779870777
REC00374,Ana Smith,3447404826.0,Leo,Gray,Music,05/06/2023 09:41:00,40.68948606616265,-73.9527142884316,40.717451115243925,-73.99673256125031,1.0,7.477013507467638,4.645999360148674,1,3,0,Clear,A,1471.9745003620098,24.249569713251972
REC00375,Lucia Sanchez,3238957435.0,Cancer,Yellow,Photography,05/06/2023 09:58:00,40.79537737828101,-73.91695215832716,40.799641683921294,-73.90088579876483,1.0,2.215938127427834,1.3769196901779606,9,3,0,Rain,A,758.8900461076672,11.559635276297294
REC00376,Richard Johnson,3868253705.0,Aries,Green,Sports,05/06/2023 10:15:00,40.775582092421104,-73.9772876597498,40.80631363732251,-73.98738035771532,4.0,13.760630531777704,8.550456754161244,11,2,0,Clear,A,2096.3701006762553,36.28188707076747
REC00377,Marta Martinez,3964139832.0,Libra,Pink,Reading,05/06/2023 10:32:00,40.772659452010885,-73.98371218288948,40.80962337249154,-74.02912062335183,4.0,,2.6917512543115887,3,5,1,Clear,A,916.2632810443547,16.307885345093776
REC00378,Isabel Wilson,3416215181.0,Cancer,Red,Hiking,05/06/2023 10:49:00,40.79647994638673,-73.95026841107386,40.77376122772731,-73.90659019355984,1.0,2.3399416345571153,1.4539718734063893,14,1,0,Rain,A,491.00819677695745,10.35329760935238
REC00379,Richard Smith,3193981644.0,Virgo,Purple,Photography,05/06/2023 11:06:00,40.75181964650903,-73.88050276275746,40.81120381275476,-73.90184133173443,3.0,5.604906801761177,3.4827265443171447,13,2,0,Rain,A,959.538051198815,17.391920034833344
REC00380,James Perez,3862332311.0,Cancer,Gray,Gardening,05/06/2023 11:23:00,40.73537198567042,-73.95000148391617,40.74080492342623,-73.93410608244528,1.0,6.721225316724223,4.176374496278247,12,5,1,Clear,A,1414.7370912499894,20.37579498422003
REC00381,David Ramirez,3481524111.0,Gemini,White,Gaming,05/06/2023 11:40:00,40.69203041651077,-73.92805879339396,40.65761128565669,-73.9313012592528,3.0,3.3578971135673026,2.0864998873544285,16,5,1,Fog,A,501.373580138377,10.352341437540437
REC00382,Joseph Garcia,3371366233.0,Cancer,Red,Music,05/06/2023 11:57:00,40.7443074486434,-74.05865958114885,40.710139469112534,-74.0557223733331,1.0,4.0738234591856175,2.5313557566576264,21,2,0,Clear,A,719.9323352014788,13.475415825289453
REC00383,Maria Smith,3062651588.0,Pisces,Yellow,Hiking,05/06/2023 12:14:00,,-73.9889796783089,40.76862172515935,-73.98835781015867,,4.998781208371596,3.1060976782270666,22,1,0,,A,1048.551608356289,16.554498108422777
REC00384,Robert Miller,3680638394.0,Libra,Gray,Music,05/06/2023 12:31:00,40.74958173867763,-74.04068253891232,40.789012360908195,-74.08204689523767,2.0,4.1715563369982895,2.5920841326769644,4,5,1,Snow,A,1203.7630070325026,17.483450428239838
REC00385,Paula Gonzalez,3402752477.0,Aquarius,Red,Music,05/06/2023 12:48:00,40.755646272391296,-73.97923865193269,40.788541974871976,-73.91191639720859,,1.031610236148312,0.6410126840457128,9,6,1,Clear,A,399.1607785747585,5.837532916166755
REC00386,Elena Brown,3316270765.0,Aries,Green,Travel,05/06/2023 13:05:00,40.83686869849419,-73.90865271664372,40.820632266695846,-73.93146901367584,2.0,1.6033695837994857,0.9962873616550703,9,6,1,Clear,A,563.4356700452591,8.497345603866512
REC00387,Marta Thomas,3161942165.0,Gemini,Red,Hiking,05/06/2023 13:22:00,40.712634399358194,-74.04458877771431,40.7014252964716,-74.01982680781035,1.0,4.339960634798689,2.696725679605496,16,3,0,Clear,A,606.5717367185534,12.2621765298906
REC00388,Maria Rodriguez,3612488486.0,Gemini,Blue,Cooking,05/06/2023 13:39:00,40.74294729381327,-73.89314402803227,40.69567542872677,-73.91686585734065,1.0,1.938170523729624,1.2043229565004003,18,0,0,Clear,A,395.55555271191434,6.811187552699582
REC00389,Laura Garcia,3228624428.0,Libra,Red,Hiking,05/06/2023 13:56:00,40.72822957544423,-73.98023117998002,40.71947331973044,-74.01339604845366,,9.324615826039903,5.794045860442241,21,2,0,Clear,A,1056.032167033884,22.599744325037403
REC00390,Sofia Davis,3426296541.0,Leo,Black,Hiking,05/06/2023 14:13:00,40.67985558080164,-73.93536161609696,40.68497478360995,-73.8942839612277,5.0,15.096436308835713,9.380487725657556,22,4,0,Clear,A,2151.7864814299187,39.74853460774013
REC00391,Laura Gonzalez,3110634747.0,Aries,White,Dancing,05/06/2023 14:30:00,40.8955864316735,-73.92855975507307,40.94059180463776,-73.88185774070246,4.0,6.4716699032526135,4.021307999453979,11,5,1,Clear,A,1094.5350499313404,18.312194761660116
REC00392,Paula Hernandez,3508278232.0,Pisces,Blue,Reading,05/06/2023 14:47:00,40.7031936002853,-73.88022351130137,40.69492941005183,-73.86661320193323,3.0,0.9064798751873,0.5632603065250078,1,2,0,Rain,A,712.324890303339,9.88249631570599
REC00393,David Wilson,3189610385.0,Capricorn,Green,Dancing,05/06/2023 15:04:00,40.76846999228481,-73.95094463693877,40.7584585717142,-73.92673242292774,4.0,0.2559567636394039,0.15904411017938003,2,1,0,Clear,A,420.35856109963083,6.337013572380023
REC00394,Laura Garcia,3286040035.0,Cancer,Blue,Gardening,05/06/2023 15:21:00,40.83501087638979,-74.023592929521,40.84369239071505,-74.0612165823664,1.0,2.626317040531383,1.631917245792026,14,6,1,Rain,A,698.7607730663133,10.451254254312508
REC00395,David Davis,3207732872.0,Virgo,Purple,Gaming,05/06/2023 15:38:00,40.68803102190431,-73.92937714156173,40.71354789215614,-73.90959419155827,1.0,5.616640257088463,3.490017373187315,12,2,0,Rain,A,1312.705165773166,19.36776204167126
REC00396,David Martinez,3210370577.0,Leo,Red,Dancing,05/06/2023 15:55:00,40.79380297726693,-74.11352760537245,40.84038701426309,-74.09405740732618,,7.3848607898903476,4.588738333874955,3,6,1,Rain,A,1187.599004198043,22.1593570234612
REC00397,Elena Lopez,3291526079.0,Sagittarius,Purple,Gaming,05/06/2023 16:12:00,40.67303077428031,-74.0253670218005,40.65204811148273,-74.01221092925857,1.0,0.8699447275112221,0.5405584252783756,20,4,0,Clear,A,201.70939606385625,3.5803821100893725
REC00398,Joseph Thomas,3397882518.0,Aquarius,Black,Photography,05/06/2023 16:29:00,40.70988002445302,-74.00902878742882,40.704751073301786,-73.95963020544671,,4.135155619235475,2.5694657822799662,13,2,0,,A,1017.5890993726847,13.753717525629593
REC00399,Joseph Sanchez,3793027723.0,Libra,Pink,Cooking,05/06/2023 16:46:00,40.77806579737864,-74.08518610850483,40.782174423718914,-74.15359488662746,2.0,1.2742806071447772,0.7918010151421574,12,6,1,Rain,A,621.0405237087214,7.943454162225079
REC00400,Joseph Brown,3918327370.0,Sagittarius,Purple,Gaming,05/06/2023 17:03:00,40.736363931014665,-73.89579791924761,40.72837638671121,-73.90117392431193,1.0,0.3846544455682068,0.23901311749716225,6,0,0,Clear,A,272.6953201425026,3.7284734393972725
REC00401,William Brown,3236552960.0,Sagittarius,Red,Music,05/06/2023 17:20:00,,-73.91354549840791,40.80411121883422,-73.86908211544142,1.0,4.913409111005888,3.0530499327148397,13,2,0,Clear,A,796.4610569059172,14.461279883725556
REC00402,Thomas Ramirez,3002200768.0,Virgo,Blue,Travel,05/06/2023 17:37:00,40.75642522876105,-73.95744955877953,40.74871611100951,-73.9908210319879,1.0,4.501398857375466,2.7970387094062508,5,4,0,Fog,A,1110.563139536992,14.900898244969559
REC00403,Carmen Taylor,3936627460.0,Leo,White,Hiking,05/06/2023 17:54:00,,-73.93101435260589,40.73950395813684,-73.9115287454705,2.0,5.81002178679457,3.610179047682329,4,5,1,Fog,A,1042.472658117164,15.928267008057816
REC00404,Sofia Sanchez,3640711450.0,Sagittarius,Blue,Cooking,05/06/2023 18:11:00,40.71550727407245,-73.96168496049214,40.69731990318452,-73.97625997185234,,4.276871420838438,2.657523871637801,12,3,0,Clear,A,1011.8447253080222,15.96379114531849
REC00405,Lucia Martinez,3062727622.0,Aries,Yellow,Cooking,05/06/2023 18:28:00,40.69807309580814,-73.9368036661134,40.661081379027095,-73.93415041185156,1.0,0.5862409681549555,0.3642731366234129,5,0,0,Rain,A,390.87111225480817,6.699078698757223
REC00406,Sofia Gonzalez,3351906871.0,Aries,Red,Sports,05/06/2023 18:45:00,40.69220219125146,-73.91687962435202,40.692566230913854,-73.94860082644529,1.0,5.56547267086383,3.458223318967329,16,5,1,Clear,A,739.6394832489954,14.409141040437852
REC00407,Michael Garcia,3905447633.0,Virgo,Orange,Gaming,05/06/2023 19:02:00,40.70325268474247,-74.05230851252266,40.691505713761416,-73.9844212124152,,3.013036083695322,1.8722132443618458,7,3,0,,A,589.9850215070419,11.703967570249299
REC00408,Richard Gonzalez,3060922094.0,Capricorn,Pink,Music,05/06/2023 19:19:00,40.71525263797265,-73.93423099018659,40.6988878701817,-73.9686457835106,,2.6605459780577894,1.6531861149317466,6,2,0,Clear,A,644.4228562475114,11.631941053091056
REC00409,John Perez,3667329852.0,Scorpio,Pink,Photography,05/06/2023 19:36:00,40.807854986507955,-73.92354024787136,40.808334056633036,-73.92744560939097,1.0,3.3735660854611886,2.0962361320891043,13,4,0,,A,921.845830743278,13.345212976960108
REC00410,James Davis,3010350354.0,Gemini,Orange,Dancing,05/06/2023 19:53:00,40.77017009656145,-74.00952679560909,40.69596865619337,-74.01730911538391,1.0,0.33779704403163335,0.20989728704698005,2,5,1,Clear,A,359.57950355176564,4.125648511292445
REC00411,William Martinez,3188720515.0,Capricorn,Pink,Reading,05/06/2023 20:10:00,40.6861134234865,-73.99155520302021,40.676603234874456,-73.95932530352448,1.0,7.011798072672143,4.356927980214362,17,1,0,Clear,A,1263.4651532952712,21.7050017926876
REC00412,Marta Ramirez,3057095901.0,Scorpio,Yellow,Gaming,05/06/2023 20:27:00,,-74.01876418803175,40.735245139674554,-74.01667281444658,1.0,3.8300247630247024,2.379866317025422,20,0,0,Rain,A,956.6824628318454,14.384661450335903
REC00413,Robert Gonzalez,3238895912.0,Aries,Green,Photography,05/06/2023 20:44:00,40.74848204599384,-73.96444302577873,40.77772614477113,-74.01174277145556,1.0,9.043392182833959,5.619301644039719,14,6,1,,A,1144.573753399722,23.81936090876053
REC00414,Lucia Ramirez,3654560004.0,Scorpio,White,Dancing,05/06/2023 21:01:00,40.896672604728984,-73.96045899034196,40.91494626423685,-73.97975981012668,2.0,6.922190259861905,4.301248283960652,14,5,1,Clear,A,1457.9190447276867,22.715070476016223
REC00415,Joseph Garcia,3127136678.0,Aquarius,Green,Cooking,05/06/2023 21:18:00,40.75042892359399,-73.9702093286317,40.788543580721964,-74.03507514342321,2.0,2.6216151942502117,1.6289956548664484,18,4,0,Snow,A,1125.6327021073837,14.894879946294813
REC00416,Laura Taylor,3086222248.0,Pisces,Red,Photography,05/06/2023 21:35:00,40.77268141859639,-74.01832098081361,40.729678714020636,-74.01613666152187,1.0,12.052338786461412,7.488973804082314,18,5,1,Fog,A,1865.1184371354234,32.986759441595886
REC00417,Thomas Martinez,3553147794.0,Aries,Black,Gardening,05/06/2023 21:52:00,40.700381664263325,-73.91141074703953,40.73177637425659,-73.85797990707295,2.0,9.236007507320046,5.738987220830965,12,1,0,Rain,A,1796.4354558717398,27.332314428067207
REC00418,Sofia Perez,3911166832.0,Aries,Gray,Gaming,05/06/2023 22:09:00,40.7860324400606,-74.00909099676923,40.794996259582646,-74.01506872822766,2.0,2.2981198788682127,1.4279850472522202,13,0,0,Clear,A,174.84376320633777,8.713757350176564
REC00419,Thomas Martinez,3218885628.0,Gemini,Yellow,Travel,05/06/2023 22:26:00,40.81902246242321,-73.95236763298506,40.802912723429365,-73.94216719718194,1.0,3.588015633350899,2.2294888621108813,18,0,0,Rain,A,803.4158789182335,13.539575813059363
REC00420,Marta Smith,3153741507.0,Pisces,Pink,Sports,05/06/2023 22:43:00,40.74245896671196,-73.94057529802441,40.74570186565207,-73.90750953226933,1.0,6.89117519290005,4.2819764207874975,22,2,0,,A,1201.5808846904454,19.279589869190957
REC00421,Isabel Martinez,3007679684.0,Libra,Black,Reading,05/06/2023 23:00:00,40.780774826639416,-74.06557665097868,40.87453875380807,-74.08629866397976,1.0,2.012697880269605,1.2506320945610048,18,6,1,Rain,A,659.5945793897059,11.533781447796567
REC00422,Charles Rodriguez,3725736465.0,Virgo,Blue,Music,05/06/2023 23:17:00,40.778773987265915,-73.96325565291512,40.78313379172907,-73.93026346147408,6.0,2.558343568318394,1.5896805013895687,16,1,0,Clear,A,503.92651585104295,9.764603192730549
REC00423,Laura Johnson,3896667816.0,Virgo,Red,Gardening,05/06/2023 23:34:00,40.75347267261685,-73.91731994878891,40.75588262292897,-73.85994831673378,1.0,0.650630201602192,0.40428273899975564,11,6,1,Rain,A,736.5403763082037,8.331574179162864
REC00424,William Torres,3059778276.0,Aries,Pink,Travel,05/06/2023 23:51:00,40.81454840753775,-73.98070751098872,40.84032028797547,-74.03394623048928,3.0,,0.6104309567736682,15,5,1,Rain,A,570.7855653935108,6.748633056306692
REC00425,Charles Thomas,3226747572.0,Aries,Blue,Hiking,06/06/2023 00:08:00,40.71006553436729,-73.93505080110099,40.7034965500575,-73.90094170509518,3.0,1.3912544505868496,0.8644851692156014,18,0,0,Clear,A,791.7003374707813,9.191373401042865
REC00426,Isabel Thomas,3618469915.0,Capricorn,Purple,Travel,06/06/2023 00:25:00,40.7063911903549,-74.01390273680661,40.68261642048632,-74.05838102849272,2.0,3.9556522627687225,2.457927602168864,20,0,0,Rain,A,934.802751968248,14.994876737903562
REC00427,Charles Torres,3120856976.0,Gemini,White,Dancing,06/06/2023 00:42:00,40.75022252026798,-73.92728936366596,40.79234382801736,-73.95053224544827,,7.594953652489377,4.719283946000976,12,2,0,Clear,A,1327.4225926413424,21.06160989010718
REC00428,Elena Gonzalez,3173903375.0,Taurus,Black,Dancing,06/06/2023 00:59:00,40.731333020770805,-74.03685051106311,40.68815260401363,-74.00290803400983,2.0,2.151600851675845,1.3369423728066716,9,5,1,,A,701.1383924756743,10.75221598922733
REC00429,James Wilson,3780735696.0,Aries,Blue,Dancing,06/06/2023 01:16:00,40.604425702870856,-73.98109335307768,40.60572100619722,-73.97142844487512,1.0,6.642089073738804,4.127201529838154,7,2,0,Rain,A,1343.3853421088618,21.69169729294434
REC00430,William Anderson,3271299438.0,Taurus,Orange,Gardening,06/06/2023 01:33:00,40.713433206993805,-73.91825457317032,40.71148927543574,-73.93201867849548,1.0,2.08394504861411,1.2949030188023982,22,3,0,Clear,A,269.49291527730077,6.154150926538629
REC00431,Carmen Rodriguez,3095497785.0,Pisces,White,Hiking,06/06/2023 01:50:00,40.643496389490046,-73.92102027306818,40.61850582915943,-73.85400989990757,1.0,5.448382438227131,3.3854668440236306,16,3,0,Rain,A,1145.8623199964106,18.425306016862034
REC00432,Charles Perez,3957019546.0,Sagittarius,Orange,Gardening,06/06/2023 02:07:00,40.73396989672853,-74.04498535430889,40.694434370140385,-74.05487984764842,3.0,3.150796027684153,1.9578132785181297,12,3,0,Clear,A,941.5954466580912,13.427916992374787
REC00433,Thomas Anderson,3265022106.0,Libra,Yellow,Sports,06/06/2023 02:24:00,40.78566169321545,-73.99070164931244,40.78183703560916,-73.95781048451376,2.0,1.1003196470080099,0.6837067193810141,1,3,0,,A,254.39081450335084,5.6063945511481155
REC00434,Marta Ramirez,3317542784.0,Aquarius,Gray,Sports,06/06/2023 02:41:00,40.75270705005458,-74.00997433166619,40.763693617360055,-74.01913968696073,3.0,6.9935831933541595,4.345609782437667,11,1,0,,A,1436.5540918607164,22.519729309867216
REC00435,Carmen Ramirez,3090699646.0,Leo,White,Travel,06/06/2023 02:58:00,40.75667153226261,-73.92101354756927,40.78809751083597,-73.90727890010722,4.0,7.01892044503225,4.361353615850134,23,1,0,Clear,A,1060.210613469789,19.775862267340646
REC00436,Sofia Thomas,3584226732.0,Sagittarius,Pink,Gaming,06/06/2023 03:15:00,40.742222024364395,-73.98372477513988,40.71907932964072,-73.9689645248792,2.0,0.2731261055354898,0.16971264132269284,17,4,0,Clear,A,255.93350383434444,4.803538366032989
REC00437,Charles Thomas,3328445814.0,Aquarius,Green,Travel,06/06/2023 03:32:00,40.7605840978282,-73.97258551538451,40.73705048119791,-73.97017538891008,1.0,4.696145997501455,2.9180489346134766,18,4,0,Snow,A,1485.4534871550377,19.23465026698
REC00438,Richard Thomas,3178838426.0,Cancer,Pink,Gardening,06/06/2023 03:49:00,40.89124661803756,-73.95590776285987,40.93703047206602,-73.99846574609555,4.0,5.104147686930014,3.17156935237539,23,5,1,Snow,A,1354.442928962256,20.718484075461703
REC00439,Lucia Rodriguez,3251022370.0,Sagittarius,White,Reading,06/06/2023 04:06:00,40.73239320658876,-74.04069268116125,40.71835756040219,-74.03238081100923,1.0,4.295131163782051,2.6688699463704166,15,3,0,Snow,A,1116.1961445587333,15.088744644051607
REC00440,Michael Garcia,3432154276.0,Taurus,Red,Gaming,06/06/2023 04:23:00,40.74933719443261,-73.96505090378822,40.73932153162943,-73.98243641094332,1.0,,1.6624576641807673,19,6,1,Clear,A,822.2494980068557,9.451378953455922
REC00441,Michael Torres,3176726575.0,Taurus,Yellow,Hiking,06/06/2023 04:40:00,40.70677335588448,-74.03050845418984,40.74333793815478,-74.04424428470102,1.0,1.3987277913592464,0.8691288864446863,1,6,1,Rain,A,495.7474649500916,6.262208222062769
REC00442,Ana Anderson,3079334321.0,Sagittarius,Black,Hiking,06/06/2023 04:57:00,40.65481542637928,-74.00448840101015,40.60543262864647,-73.9866868673581,2.0,3.9810892392400774,2.473733401675846,19,6,1,Rain,A,1067.3154004419468,13.798598395481488
REC00443,Michael Torres,3389656701.0,Virgo,Blue,Travel,06/06/2023 05:14:00,40.76327661403201,-74.00217337058547,40.72723725978937,-73.98643810386095,4.0,0.24546354484453584,0.15252392832359407,5,3,0,Snow,A,424.08255665376106,5.483581727419469
REC00444,Laura Perez,3601273889.0,Aquarius,Purple,Sports,06/06/2023 05:31:00,40.80658720325446,-73.9557995528477,40.848346273356555,-73.97847428967371,2.0,1.6016209767706053,0.9952008279569278,13,1,0,Clear,A,622.6633333148455,8.237226106812475
REC00445,Carmen Perez,3641501181.0,Virgo,Yellow,Gardening,06/06/2023 05:48:00,40.86600235547093,-74.01964301988939,40.84795642523002,-74.01311759723139,1.0,4.974140693724393,3.0907867770002198,23,3,0,Rain,A,1545.4244547804165,21.09644737066628
REC00446,James Perez,3961899200.0,Cancer,Pink,Photography,06/06/2023 06:05:00,40.740622875677836,-74.0037261986582,40.72460440381794,-74.00311577917738,2.0,7.759002454691423,4.821219114274064,2,5,1,Clear,A,1199.3246453567217,22.155310161627106
REC00447,Thomas Lopez,3424452250.0,Aquarius,Gray,Hiking,06/06/2023 06:22:00,40.73704107829484,-73.9637984089471,40.723547112619144,-73.98965259258974,2.0,,6.30586745556432,20,3,0,Clear,A,1334.884468023515,26.263777477450876
REC00448,Elena Anderson,3712541815.0,Aquarius,Yellow,Travel,06/06/2023 06:39:00,40.79677683752295,-73.91073476042781,40.78717038586459,-73.93474062292303,3.0,1.2168990055859987,0.7561457519999776,18,1,0,Clear,A,478.7807688908027,7.776136117151131
REC00449,Thomas Hernandez,3672417495.0,Capricorn,Pink,Sports,06/06/2023 06:56:00,40.83560971228304,-73.95811944029779,40.82183271073772,-73.9816468452419,1.0,1.9479847858955588,1.2104212543967092,7,0,0,Rain,A,843.4869833674588,10.541765023908031
REC00450,Paula Johnson,3597531028.0,Virgo,Black,Sports,06/06/2023 07:13:00,40.6882136459518,-73.92346989774234,40.69248814180507,-73.92379991413578,1.0,5.961075703432471,3.7040395709175375,7,1,0,Clear,A,1502.3271457402775,22.22079559169143
REC00451,Carmen Wilson,3937192231.0,Sagittarius,White,Reading,06/06/2023 07:30:00,40.783228073031694,-74.08619882879941,40.82081116768955,-74.09532441063291,1.0,7.1018057480434225,4.41285613946749,5,6,1,Clear,A,1009.5802605239977,18.199348018005388
REC00452,Marta Sanchez,3795071825.0,Taurus,Pink,Gardening,06/06/2023 07:47:00,40.84139271542535,-73.90824080938762,40.817286938685385,-73.90196174029121,2.0,12.018027839643725,7.467653976747261,9,5,1,Clear,A,1675.7282238965356,30.8449391759313
REC00453,Thomas Davis,3836406084.0,Taurus,Gray,Gaming,06/06/2023 08:04:00,,-74.02286746301723,40.71981889136608,-74.04925695242642,3.0,5.8373158757395105,3.6271388030241356,10,3,0,Clear,A,1005.2060656002312,17.83184522416351
REC00454,Paula Miller,3177565112.0,Aries,Purple,Sports,06/06/2023 08:21:00,40.692092636841316,-74.01043935291301,40.693054150640656,-74.0156331995054,1.0,4.659395349381004,2.895213147640224,16,1,0,Clear,A,900.0383694783733,15.673524013954523
REC00455,Marta Martinez,3744546728.0,Scorpio,Yellow,Gaming,06/06/2023 08:38:00,40.789260449822564,-73.8829275359579,40.836406673173585,-73.88585824152703,1.0,4.382112570417043,2.7229176699926083,10,4,0,Snow,A,1100.023181258982,16.80886082732124
REC00456,Richard Miller,3218695121.0,Libra,Pink,Cooking,06/06/2023 08:55:00,40.68272377185762,-73.97148440597006,40.67385967696525,-73.96169517091968,1.0,1.4925994739184112,0.9274580277081571,18,0,0,Rain,A,789.9114456994664,11.271569459824219
REC00457,Isabel Smith,3194437738.0,Leo,Yellow,Music,06/06/2023 09:12:00,,-74.01749229001238,40.78254530716556,-73.97339874740119,2.0,0.6383044830461224,0.3966238949348521,22,0,0,Clear,A,274.3247621286758,5.4720526899177235
REC00458,John Perez,3424084974.0,Virgo,Black,Dancing,06/06/2023 09:29:00,40.84953358800553,-74.0105874820592,40.78895096832525,-73.97835864940005,1.0,5.781022200292765,3.5921595456181157,12,0,0,Clear,A,894.3468786707701,17.91147334217703
REC00459,Ana Davis,3024909502.0,Aquarius,Pink,Music,06/06/2023 09:46:00,,-74.049158522899,40.70216538769075,-74.05139186726016,,5.430481295787409,3.3743435932447183,23,6,1,Snow,A,1474.8737883913586,22.85497671909898
REC00460,Joseph Lopez,3455483564.0,Taurus,Orange,Gardening,06/06/2023 10:03:00,40.832901796545904,-73.97926977286409,40.806874605773345,-74.02711337537048,4.0,,0.38211569917600346,2,5,1,Snow,A,689.4058290519804,9.167242833810835
REC00461,Robert Hernandez,3350334954.0,Scorpio,Gray,Hiking,06/06/2023 10:20:00,40.781563665742674,-73.99679918183217,40.7458153202325,-74.01218902874379,1.0,1.5863750363999618,0.9857274427428807,5,1,0,Rain,A,497.100542938649,8.354633800987672
REC00462,Carmen Ramirez,3860648454.0,Aquarius,White,Gardening,06/06/2023 10:37:00,40.819298089889735,-73.94652774526601,40.821408213768706,-73.91889836926549,1.0,12.685779286825412,7.882575361233993,1,4,0,Clear,A,1564.0236374718338,30.763129007975426
REC00463,Richard Moore,3985110801.0,Virgo,White,Travel,06/06/2023 10:54:00,40.71750629038104,-73.89405230555084,40.70961687141772,-73.8957084328972,4.0,0.9147799781671953,0.5684177498137283,0,6,1,Rain,A,429.6497713613677,8.09248124680964
REC00464,Charles Sanchez,3710753823.0,Leo,Purple,Gaming,06/06/2023 11:11:00,40.7811704940137,-74.042693916285,40.82395159969445,-74.08042286336688,1.0,0.7540037108096085,0.46851603978947726,15,2,0,Rain,A,968.55609653896,11.660469223604434
REC00465,Thomas Taylor,3786138432.0,Sagittarius,Red,Travel,06/06/2023 11:28:00,40.76210919968271,-73.95020231687268,40.76857192403384,-73.95636897525922,6.0,1.021559961563358,0.6347677348765853,8,4,0,Clear,A,471.31187055367025,8.034368413407735
REC00466,Thomas Hernandez,3818003565.0,Aquarius,Yellow,Cooking,06/06/2023 11:45:00,40.710718841481906,-74.05666175615156,40.74097548532196,-74.07078497631387,,5.003437898238325,3.1089912102662467,20,4,0,Rain,A,897.3718723363934,18.035931977509186
REC00467,Marta Lopez,3411030718.0,Aries,Orange,Music,06/06/2023 12:02:00,40.732403272624936,-73.95826040319517,40.727266642108745,-73.92043615379143,,5.199152091543606,3.230602334274542,0,3,0,Clear,A,1094.3159925124962,17.638675107591837
REC00468,Elena Smith,3340341257.0,Aquarius,Gray,Gardening,06/06/2023 12:19:00,40.7788059242364,-74.03866930086042,40.75245266270791,-74.0561426107659,2.0,,5.951315211740161,17,4,0,,A,1435.8006966613743,26.668706738553798
REC00469,Richard Ramirez,3959328223.0,Aries,Gray,Gaming,06/06/2023 12:36:00,40.69375364504066,-74.04733038339015,40.7123200754512,-74.03490319373005,1.0,5.86334420323729,3.643312050909758,16,1,0,Fog,A,1006.5255812954965,19.03899625762271
REC00470,Ana Rodriguez,3910791123.0,Aries,Purple,Reading,06/06/2023 12:53:00,40.68992749504326,-73.8524710484963,40.656061696415435,-73.83182298385445,1.0,2.247500926304768,1.39653189807892,15,0,0,Clear,A,526.049059063175,9.574559948582662
REC00471,Joseph Garcia,3149476760.0,Capricorn,Blue,Gardening,06/06/2023 13:10:00,40.686146003905954,-73.87260298165282,40.72086952060836,-73.9097612083147,1.0,0.42543085644951184,0.2643503967028896,5,5,1,Fog,A,503.5121361966336,9.12893509253115
REC00472,Lucia Smith,3173229531.0,Virgo,Purple,Cooking,06/06/2023 13:27:00,40.71121548694383,-74.01539859693507,40.6887810867183,-74.03773857603174,1.0,3.660216456670542,2.2743523598978315,17,4,0,Rain,A,663.9872268216594,14.45339347470863
REC00473,Elena Ramirez,3086492470.0,Sagittarius,Black,Sports,06/06/2023 13:44:00,40.76431436179273,-73.88489295843613,40.78652497195254,-73.89770131880405,5.0,12.367478989551426,7.684792787216559,13,4,0,Fog,A,2075.19387153554,34.97964218851255
REC00474,Marta Garcia,3071666063.0,Scorpio,Gray,Travel,06/06/2023 14:01:00,40.72467294763646,-73.98197810656352,40.73596086345257,-73.97784580779049,2.0,2.2008340084043985,1.3675344286362494,16,2,0,Snow,A,1084.6435121322743,11.787271037336147
REC00475,Michael Smith,3672595547.0,Virgo,White,Sports,06/06/2023 14:18:00,40.81388466484974,-74.04854349076297,40.78475253240996,-74.0663893247918,2.0,5.9197767817052185,3.6783776186249533,5,2,0,Clear,A,975.326174309596,18.634111530504285
REC00476,Marta Perez,3398938515.0,Sagittarius,Gray,Sports,06/06/2023 14:35:00,40.67779901337441,-73.94752925625393,40.71411530276826,-73.98879769542567,1.0,2.4891574724819483,1.5466902678335808,10,5,1,,A,354.8603283275435,9.153460579561983
REC00477,Thomas Brown,3650391677.0,Aries,Red,Hiking,06/06/2023 14:52:00,40.77565502956908,-73.93253770657819,40.833268881648856,-73.96275409134769,2.0,5.489742951598594,3.4111670675777703,1,3,0,Clear,A,860.2127788300693,17.19548915153851
REC00478,David Martinez,3110468918.0,Virgo,Red,Gaming,06/06/2023 15:09:00,40.73165188948714,-73.94237837143396,40.709170984459654,-73.91417567753454,1.0,4.418962931786346,2.745815415887014,2,5,1,Clear,A,770.9276490013103,14.447412568305669
REC00479,Elena Davis,3865842010.0,Cancer,Orange,Travel,06/06/2023 15:26:00,40.74476140121258,-74.06449208924992,40.72512573417001,-74.00232913647908,2.0,5.408215226845669,3.36050810372032,7,2,0,Clear,A,1369.4666164306338,20.0748073403123
REC00480,Thomas Garcia,3386086681.0,Scorpio,Gray,Hiking,06/06/2023 15:43:00,40.78421874405843,-74.037157400013,40.786279955834246,-74.02799593586019,3.0,2.1868993601453472,1.3588758423128746,8,6,1,Clear,A,876.9781028747556,10.99893911376136
REC00481,Robert Brown,3790169561.0,Taurus,Purple,Gardening,06/06/2023 16:00:00,40.618275723853166,-73.93314706078675,40.64430558422263,-73.90078560852587,1.0,2.0799156376506147,1.2923992596826002,9,5,1,Clear,A,534.7614964295385,10.084828957607627
REC00482,Carmen Moore,3122042469.0,Capricorn,Red,Hiking,06/06/2023 16:17:00,40.64311329009567,-74.03761147233085,40.6798471028536,-74.0269928727814,1.0,,0.8429054820349117,20,6,1,Clear,A,720.7465594710253,6.582331511081548
REC00483,Marta Lopez,3420422851.0,Libra,Gray,Music,06/06/2023 16:34:00,,-73.92908695445148,40.73611971797652,-73.90813478678086,,3.209659163433807,1.9943891240420282,21,3,0,Clear,A,774.8450557707715,12.779848331336096
REC00484,Laura Perez,3620250211.0,Capricorn,Blue,Gardening,06/06/2023 16:51:00,40.73887528165386,-73.99814319285822,40.74301085191101,-73.9759221118416,3.0,5.358455335980514,3.329588750573548,12,1,0,,A,972.1556064276193,18.186566651869647
REC00485,Michael Gonzalez,3182504371.0,Taurus,Red,Gardening,06/06/2023 17:08:00,40.678593810277434,-74.06222781925632,40.66803799696515,-74.04189400342958,,4.4750268187348405,2.7806518893840866,11,0,0,Clear,C,720.0799879234315,13.172674269166615
REC00486,Isabel Davis,3770638712.0,Capricorn,Blue,Cooking,06/06/2023 17:25:00,40.85025937553094,-74.04594850867299,40.83787128529223,-74.03528580545442,2.0,2.921522498903867,1.8153493566663947,9,2,0,Snow,A,1091.7365300156007,15.006636918464652
REC00487,Richard Moore,3432865175.0,Cancer,Purple,Gardening,06/06/2023 17:42:00,,-73.95729550861462,40.67612167807008,-73.95302041733201,2.0,5.584145023041422,3.469825777112271,20,1,0,Snow,A,1494.7808495825514,20.75539457865385
REC00488,Laura Rodriguez,3371831462.0,Sagittarius,Gray,Cooking,06/06/2023 17:59:00,40.72338502111752,-73.95490700851096,40.68247885440145,-73.96707904526349,3.0,6.001443700104822,3.7291230733778336,13,0,0,Clear,A,1041.2700900565337,17.188313822276633
REC00489,Elena Sanchez,3161074077.0,Aquarius,Gray,Hiking,06/06/2023 18:16:00,40.80749997098387,-73.90190764368084,40.83339503627033,-73.88614138116085,1.0,,4.360106114270936,5,6,1,Rain,A,1275.9323416731904,19.481016488680602
REC00490,Isabel Lopez,3458977956.0,Scorpio,Purple,Cooking,06/06/2023 18:33:00,,-73.97900087831913,40.71930445400873,-73.96968930262821,3.0,2.5935985530959007,1.611586926535753,1,1,0,,A,1202.870995846487,12.755419373425354
REC00491,Maria Torres,3819390500.0,Sagittarius,Pink,Cooking,06/06/2023 18:50:00,,-73.98996655093205,40.75238284968769,-74.01718422090126,3.0,2.791003821614586,1.734248835640477,14,1,0,Clear,A,577.8293149005156,10.652750583615141
REC00492,William Wilson,3986340232.0,Taurus,Pink,Gaming,06/06/2023 19:07:00,,-73.89012190436229,40.79418244550261,-73.8544634824133,1.0,9.310990068164662,5.785579209645544,22,1,0,Rain,A,1724.2961933446957,29.812733530565644
REC00493,James Wilson,3285992022.0,Leo,Pink,Gaming,06/06/2023 19:24:00,40.71284476424659,-74.02196996330416,40.700839390353316,-73.99222221078699,1.0,8.319094381730878,5.169243995070497,21,1,0,Fog,A,1471.2167784013595,24.00975787367386
REC00494,Ana Garcia,3243780316.0,Cancer,Purple,Reading,06/06/2023 19:41:00,40.769742363395636,-73.9941651100213,40.73550495687997,-73.98836646163048,5.0,6.7432293234648935,4.190047147950704,14,2,0,Clear,A,1218.8938195184921,19.206137350930703
REC00495,Marta Miller,3949900468.0,Aquarius,Orange,Cooking,06/06/2023 19:58:00,40.77565379394257,-73.95626033984448,40.8316752485321,-73.92092511827123,3.0,0.9610568940729665,0.5971728833270132,3,4,0,,A,60.0,5.493780234436309
REC00496,William Brown,3972066541.0,Scorpio,Purple,Music,06/06/2023 20:15:00,40.76896303545993,-74.02478551618091,40.71800674731373,-74.00296268313193,6.0,3.4171014712564114,2.1232877582960676,10,1,0,Rain,A,1008.2072919866657,13.290425971902772
REC00497,Carmen Miller,3926482302.0,Taurus,White,Dancing,06/06/2023 20:32:00,40.8089485572956,-73.95766967139777,40.79869202358626,-73.9708734892324,2.0,7.812108751463819,4.854217827005824,6,5,1,Clear,A,1216.2359627804685,20.887300708799167
REC00498,John Johnson,3927500970.0,Gemini,Gray,Hiking,06/06/2023 20:49:00,40.73070701490427,-73.97977992219812,40.720918728390714,-74.03423400403464,1.0,7.015044137071952,4.358944990496536,14,6,1,Clear,A,1025.5042289171497,19.49062695293021
REC00499,Ana Davis,3231482564.0,Cancer,Yellow,Dancing,06/06/2023 21:06:00,40.724797266452214,-73.92324152282818,40.70538482698054,-73.97871089817467,1.0,4.3262464621547965,2.688204090435588,19,0,0,Snow,A,1240.445769451847,18.906424727274814
REC00500,Isabel Sanchez,3881343072.0,Libra,Green,Reading,06/06/2023 21:23:00,40.745723593627524,-74.0008966407008,40.72018309993649,-73.96302661975405,3.0,4.134175941049733,2.568857038666014,18,2,0,Rain,A,910.6037229552967,14.210690020734342
REC00501,Michael Ramirez,3656888167.0,Taurus,Black,Sports,06/06/2023 21:40:00,40.60851233094267,-74.01193315186342,40.571874604900074,-74.01278150076185,2.0,1.7437533053959384,1.0835177351271796,13,6,1,Clear,A,432.99226957030675,5.9608400651891476
REC00502,Richard Gonzalez,3559848546.0,Pisces,Black,Dancing,06/06/2023 21:57:00,40.76068414596667,-73.88405205963763,40.73891692822239,-73.89516330356098,1.0,1.443994338804159,0.897256206297079,9,2,0,Rain,A,756.8695578971111,11.543660388357457
REC00503,Marta Moore,3613537612.0,Scorpio,Yellow,Sports,06/06/2023 22:14:00,,-73.93742530836757,40.73198203758463,-73.95721183077929,1.0,1.9029518625890554,1.1824391018088238,23,6,1,Rain,A,794.9680196218821,10.721283726065359
REC00504,Ana Gonzalez,3890719958.0,Virgo,Green,Gaming,06/06/2023 22:31:00,40.769122810212565,-73.92568399160257,40.77829365562691,-73.9237749825792,1.0,1.8156664420072812,1.1282024727365063,5,1,0,Clear,A,143.9349356069857,7.136077892315231
REC00505,Robert Garcia,3613789038.0,Libra,Yellow,Sports,06/06/2023 22:48:00,,-73.93822238264173,40.689435074775425,-73.91078201913035,1.0,3.0095379455795905,1.8700396027827357,1,1,0,Clear,A,610.3415838706239,10.328881443007148
REC00506,Laura Brown,3967535920.0,Cancer,Blue,Travel,06/06/2023 23:05:00,40.817264072753815,-74.01369902107756,40.80135850157773,-74.03806869612974,4.0,7.304412405432319,4.538750040775885,6,6,1,Snow,A,1619.028800618994,23.839608290977353
REC00507,Laura Taylor,3255790489.0,Aries,Purple,Photography,06/06/2023 23:22:00,40.739612096060064,-74.02798624905209,40.70833981940132,-74.02514667842065,4.0,,0.700028199376877,23,0,0,Clear,A,733.993058446535,8.64963919315673
REC00508,Paula Gonzalez,3716481569.0,Taurus,Orange,Reading,06/06/2023 23:39:00,,-74.02745539014983,40.79680431347128,-73.94771369835345,,1.1854783015009653,0.7366218376819563,20,4,0,Clear,A,60.0,2.7912941007776775
REC00509,David Garcia,3475419309.0,Capricorn,Gray,Gaming,06/06/2023 23:56:00,40.724625356248254,-74.00877166742694,40.72606858104106,-73.95432205006607,1.0,3.572335155957798,2.219745468192653,2,2,0,Clear,A,817.5167978571213,13.71532560108733
REC00510,James Davis,3995182565.0,Virgo,Red,Gardening,07/06/2023 00:13:00,40.77333454786213,-73.91999061633965,40.78472062960755,-73.98694627987811,,9.500635208293776,5.903419200012712,7,1,0,Snow,A,2142.0906213346475,30.77423176522001
REC00511,Carmen Torres,3606483162.0,Aries,Red,Photography,07/06/2023 00:30:00,40.67223970441942,-73.9812838515836,40.656003104996294,-74.03572448749931,1.0,1.9226578672679584,1.1946838416421586,17,3,0,Clear,A,571.7295651475257,8.90365031279496
REC00512,Charles Wilson,3469678517.0,Capricorn,Black,Hiking,07/06/2023 00:47:00,,-73.9330051424813,40.6128524795817,-73.87882727319526,1.0,3.336905611342917,2.0734563766257597,14,3,0,Clear,A,539.9555417270387,11.372365830892129
REC00513,Marta Moore,3624926757.0,Libra,Purple,Gardening,07/06/2023 01:04:00,40.739654125446,-73.93883742406815,40.73906765140094,-73.9119588349225,1.0,5.40141067064317,3.356279949828217,10,1,0,Rain,A,1190.471137570627,19.064519619856586
REC00514,Maria Smith,3983487606.0,Scorpio,Black,Travel,07/06/2023 01:21:00,40.74899375246152,-73.89988227842105,40.76461077822681,-73.89833943830489,6.0,,1.9004080550258642,21,3,0,Clear,A,609.8865233273159,11.532080556392799
REC00515,John Hernandez,3008120433.0,Scorpio,Purple,Reading,07/06/2023 01:38:00,40.745190748645086,-73.939927192899,40.7185780977923,-73.92407320181866,4.0,4.75387398284415,2.953919430593852,22,0,0,Clear,A,1444.0000191442691,18.829506931509286
REC00516,Thomas Wilson,3063224456.0,Taurus,Blue,Music,07/06/2023 01:55:00,40.73553988914602,-73.96935358632534,40.71671245652681,-73.97884536883797,,6.380984424684839,3.9649586729508433,9,4,0,Clear,A,1116.6223734766163,18.499274662222955
REC00517,Sofia Ramirez,3808474173.0,Aquarius,Green,Travel,07/06/2023 02:12:00,40.72992105837042,-74.04493813534678,40.69318168214085,-74.06491281417411,,6.432624939541165,3.9970465913076336,20,6,1,Clear,A,887.7935743286237,18.993807260225886
REC00518,Michael Brown,3767745393.0,Cancer,Yellow,Travel,07/06/2023 02:29:00,40.78376823630032,-73.88293606783382,40.74861474488558,-73.8610249837281,1.0,1.5305778950700626,0.9510567172375799,16,3,0,Clear,C,742.2265904961748,8.204804880885229
REC00519,Richard Johnson,3812394553.0,Sagittarius,Black,Dancing,07/06/2023 02:46:00,40.8391946751178,-73.92676398692255,40.82279380537119,-73.92967169634379,3.0,3.643757453167626,2.264125212432221,17,0,0,Clear,A,722.8768990667835,12.994593665352834
REC00520,Michael Hernandez,3706861756.0,Virgo,Yellow,Music,07/06/2023 03:03:00,40.87937054115295,-73.95879035179145,40.85413107610436,-73.93285438814378,2.0,1.446940627817603,0.8990869448476517,23,3,0,Rain,B,703.5150104147659,9.523143627295765
REC00521,Robert Torres,3053098320.0,Libra,Purple,Travel,07/06/2023 03:20:00,40.80472498704394,-73.96937321045192,40.82873748736109,-73.9858337785548,2.0,5.56539693949931,3.458176261693626,0,5,1,Clear,A,1117.482334427902,17.168218265623214
REC00522,Maria Rodriguez,3984535544.0,Leo,Black,Sports,07/06/2023 03:37:00,40.63561773413709,-74.06902487735923,40.63651651814313,-74.0476391208245,4.0,9.728233650405766,6.0448422715862815,1,0,0,Rain,A,1717.9457210083347,27.93841848203711
REC00523,Richard Hernandez,3826527206.0,Aquarius,Black,Sports,07/06/2023 03:54:00,40.80254457227898,-73.95890382814822,40.84049874986032,-73.94954395789915,1.0,3.536808691012135,2.197670353142901,4,0,0,Rain,A,811.4179793681695,13.997377205847926
REC00524,Paula Torres,3086127893.0,Sagittarius,Blue,Travel,07/06/2023 04:11:00,40.80190804380457,-74.00651167329305,40.84016511297749,-74.04655041996975,1.0,,3.823798916265844,9,1,0,,A,1406.1435839792027,20.16508353448571
REC00525,James Gonzalez,3037129101.0,Cancer,Red,Dancing,07/06/2023 04:28:00,40.744962157653255,-74.06199511962694,40.745417786420525,-74.01776603904739,1.0,4.033008068297017,2.5059942564057858,11,2,0,Clear,A,561.0056014792009,12.645451547460121
REC00526,Richard Rodriguez,3254356171.0,Libra,Red,Sports,07/06/2023 04:45:00,40.796361849140915,-74.00421056843761,40.73624726404443,-74.04644477849256,1.0,3.835374628212276,2.38319056810689,12,0,0,Clear,A,424.8345234827606,9.981961779249938
REC00527,Sofia Miller,3972900048.0,Scorpio,Orange,Gardening,07/06/2023 05:02:00,40.768008091506914,-73.96795001932759,40.77995961087669,-73.92802075274122,,0.8156442122453635,0.5068176598071138,15,3,0,,A,375.92463364524195,5.955140882532841
REC00528,Robert Perez,3398092172.0,Virgo,Red,Music,07/06/2023 05:19:00,40.749263109676626,-73.9613260872798,40.78358842562899,-73.94767848294342,1.0,8.87639107798704,5.515532000519886,2,1,0,Clear,A,926.553681495427,21.441946073590586
REC00529,Maria Ramirez,3467790633.0,Aries,Pink,Music,07/06/2023 05:36:00,40.76266234179268,-74.03891651175505,40.781636107595496,-74.01969662407934,1.0,5.495619956995469,3.414818868298232,3,2,0,Rain,B,1079.8386832767799,18.36801132531249
REC00530,Isabel Miller,3837138521.0,Virgo,Blue,Sports,07/06/2023 05:53:00,,-74.04810424265555,40.732757670807,-74.06289252796172,2.0,3.7409313298155467,2.324506241338816,15,4,0,Clear,A,583.8201916389725,11.549875832819144
REC00531,Maria Torres,3720890288.0,Libra,Orange,Cooking,07/06/2023 06:10:00,40.65801174820447,-73.99514172220552,40.650573229791576,-74.006209509526,2.0,4.768733841808044,2.963152916018106,9,0,0,Clear,A,1068.130363181752,17.04944348893403
REC00532,Ana Davis,3479976736.0,Cancer,Blue,Photography,07/06/2023 06:27:00,40.65612850585449,-73.95146290088067,40.62078784619874,-73.9513476072018,,3.2876005606239684,2.042819647955476,13,6,1,,A,877.201922840889,11.849683951553962
REC00533,Joseph Brown,3248045103.0,Aquarius,Orange,Travel,07/06/2023 06:44:00,40.79584836733149,-74.01964676897852,40.814615339634486,-74.05831365498443,,2.471258889727182,1.5355686075686688,20,0,0,Rain,A,721.1530164961212,11.230341123666506
REC00534,David Smith,3836314262.0,Aries,Pink,Music,07/06/2023 07:01:00,40.698709407547575,-74.00222159421332,40.69285148702636,-73.98496492066309,1.0,7.998813370486739,4.970230662832716,18,2,0,Rain,A,1687.8065364748616,25.54673549538066
REC00535,Isabel Perez,3923673550.0,Libra,Orange,Gardening,07/06/2023 07:18:00,40.67352452770682,-73.97058721510957,40.682890265972496,-73.98134038929938,4.0,2.543295795867124,1.5803302519737505,4,1,0,,A,440.63035901637073,8.106812359261117
REC00536,Carmen Davis,3284891498.0,Gemini,White,Gardening,07/06/2023 07:35:00,40.672506257543446,-74.02102390809763,40.6548935157473,-74.08462014687224,1.0,5.090927694560348,3.163354832496658,18,6,1,Rain,A,892.2380841785945,15.208703255456925
REC00537,Isabel Wilson,3074351362.0,Virgo,Purple,Gardening,07/06/2023 07:52:00,40.72619672570047,-74.08033142990568,40.78617783021313,-74.0237106028008,1.0,1.2470995880082372,0.7749115181002664,10,6,1,Clear,A,60.0,4.650273438834378
REC00538,Laura Smith,3854161498.0,Virgo,Yellow,Cooking,07/06/2023 08:09:00,40.82579384650701,-73.96446345583085,40.832965114014,-73.95650989566825,2.0,4.265492449751629,2.6504533089946194,16,4,0,Fog,A,747.4942351217536,13.065802928036714
REC00539,Michael Martinez,3593356670.0,Gemini,Yellow,Music,07/06/2023 08:26:00,40.74274331890925,-74.06733528370926,40.73134883877546,-74.05756926171071,,,7.761850552269864,6,2,0,Clear,A,1819.331162328512,32.44834746787121
REC00540,William Ramirez,3501252460.0,Taurus,Green,Gardening,07/06/2023 08:43:00,40.67844371240442,-73.9634921587975,40.64435351586217,-73.9842226473731,,1.5227396266974043,0.9461862445805928,3,4,0,Rain,A,849.4362340294739,11.958320757367753
REC00541,Marta Lopez,3325815976.0,Leo,Gray,Gaming,07/06/2023 09:00:00,40.82408601162068,-73.99104986204293,40.78212527586588,-73.98107984104676,1.0,,1.727937538372837,14,2,0,Snow,A,870.9049707787658,12.514485081602809
REC00542,Isabel Anderson,3462807271.0,Pisces,Pink,Photography,07/06/2023 09:17:00,,-73.99143845070064,40.78495014356349,-73.9693661482965,1.0,4.7282079611028385,2.937971308998432,23,5,1,Clear,A,939.1306057415136,16.98183781113992
REC00543,Ana Taylor,3870263093.0,Capricorn,Black,Reading,07/06/2023 09:34:00,,-74.035145543959,40.715206824593125,-74.07876472421944,5.0,3.4301503687881074,2.131395964804235,3,1,0,Clear,A,185.83666801975744,8.217762044191756
REC00544,John Smith,3340382139.0,Gemini,Orange,Hiking,07/06/2023 09:51:00,,-73.996599339789,40.76077533611403,-73.97849104537768,1.0,1.3340773038339995,0.828956948360636,15,3,0,Snow,A,602.2494428850343,8.318322979135674
REC00545,Isabel Martinez,3167653892.0,Gemini,Green,Gaming,07/06/2023 10:08:00,40.750583706144994,-74.02393202343096,40.73429855480084,-74.05571208550309,1.0,5.799091514766026,3.6033872936216804,22,2,0,Rain,A,1254.5183175404777,18.310151418115595
REC00546,Paula Brown,3717662593.0,Scorpio,Yellow,Music,07/06/2023 10:25:00,40.714132451815985,-73.83760529549315,40.68137047225805,-73.87619758510232,2.0,17.89717045370943,11.120782701991882,18,3,0,Clear,A,2666.507171812086,48.51540957705165
REC00547,Carmen Anderson,3323778854.0,Capricorn,Green,Photography,07/06/2023 10:42:00,40.72266365952631,-74.02019345847965,40.713957875825315,-74.04660828476914,1.0,,0.952430578614912,1,2,0,Rain,A,323.63489724343333,6.134222766770046
REC00548,Charles Anderson,3064362122.0,Cancer,Pink,Music,07/06/2023 10:59:00,40.688156956236035,-73.92807337190801,40.68984868051717,-73.86505530561978,1.0,,4.906602742404592,10,0,0,Rain,A,1319.2978186601626,23.65228853244063
REC00549,Carmen Davis,3885260074.0,Leo,Red,Sports,07/06/2023 11:16:00,40.72651408828983,-74.0082602384413,40.69631591993909,-73.98475930893404,1.0,,4.114384470981378,18,1,0,,A,1062.1463524440228,19.472265877044066
REC00550,Sofia Miller,3695446039.0,Scorpio,Gray,Music,07/06/2023 11:33:00,40.79651739262377,-73.96784399633195,40.806475204702345,-73.96837387574669,2.0,,0.42040911789020047,22,0,0,Fog,A,252.18464649719618,6.945150100461626
REC00551,William Gonzalez,3805839582.0,Aries,Pink,Hiking,07/06/2023 11:50:00,40.795147718767666,-73.97961946030422,40.75844251759146,-73.92854921947524,1.0,4.929500469060942,3.063048635960867,13,4,0,Clear,A,929.2529034966749,16.921240183177595
REC00552,Paula Martinez,3195165840.0,Libra,Orange,Photography,07/06/2023 12:07:00,40.74120483950354,-73.98826969243922,40.72797507743257,-74.01594746812489,1.0,8.450911106315566,5.25115108504241,11,3,0,Clear,A,1459.9328776662358,24.87657874837786
REC00553,Lucia Wilson,3583684308.0,Leo,Red,Reading,07/06/2023 12:24:00,40.741753295044276,-73.98983810665328,40.75269151773895,-74.02063924714767,3.0,,0.6825127619267346,18,4,0,Clear,C,94.90207697040893,4.295819287840065
REC00554,Isabel Garcia,3564866084.0,Taurus,Gray,Dancing,07/06/2023 12:41:00,40.698325688916654,-73.96762523526695,40.69791587088068,-73.99511849727898,1.0,2.1100325224683694,1.3111130185186932,9,5,1,Fog,A,688.4394783072272,11.478240055228492
REC00555,Paula Moore,3297598197.0,Taurus,Gray,Gardening,07/06/2023 12:58:00,40.769799238819914,-73.91117863075414,40.720561379175074,-73.85483951385426,1.0,5.0830791148622225,3.158477952681054,7,6,1,Clear,A,871.435160261215,13.992600743720422
REC00556,Lucia Torres,3680003589.0,Scorpio,Yellow,Dancing,07/06/2023 13:15:00,40.68083539177088,-74.03656182828776,40.597247649319925,-74.01050299274178,5.0,3.78061510247476,2.349164586839844,23,3,0,Clear,A,739.4406047224605,12.643639159739969
REC00557,Richard Taylor,3716624911.0,Capricorn,Gray,Music,07/06/2023 13:32:00,40.79158761159775,-74.06841199635447,40.80859682438633,-74.09288468104111,3.0,7.53302474278038,4.680803117446187,16,3,0,Rain,A,1330.3392584117928,23.524577422271552
REC00558,Michael Garcia,3627746023.0,Cancer,Red,Dancing,07/06/2023 13:49:00,40.77093418522261,-74.02152116275028,40.79164072389027,-74.04227240706786,2.0,1.609124048907844,0.999863019393916,22,1,0,Clear,A,586.2159696637607,8.321017329037229
REC00559,Carmen Ramirez,3352348357.0,Taurus,Blue,Music,07/06/2023 14:06:00,40.7367415522121,-73.97360595088803,40.74986269924238,-73.96511134168382,2.0,3.362407533414689,2.0893025314454188,7,4,0,Clear,A,879.4577953478382,13.004916848343978
REC00560,Charles Brown,3600485077.0,Capricorn,Gray,Travel,07/06/2023 14:23:00,40.77177301592088,-73.99479136252164,40.764955526444226,-74.0288000509664,1.0,7.1635788013237125,4.451240123357317,8,0,0,Clear,A,1097.5985864054128,21.65488937897533
REC00561,Isabel Miller,3053846522.0,Capricorn,Blue,Travel,07/06/2023 14:40:00,40.732939929898926,-73.90289944075529,40.725499081026996,-73.90824218218545,6.0,3.253727917695481,2.0217721699463587,23,0,0,Clear,A,307.3362036371011,11.834917811707275
REC00562,Lucia Ramirez,3381197002.0,Aquarius,Black,Dancing,07/06/2023 14:57:00,40.75943447971843,-73.90901146675212,40.756235094174784,-73.93880735932102,1.0,4.145010371716742,2.5755892396840037,13,3,0,,A,1181.235974017339,16.224027401671268
REC00563,Richard Johnson,3920604004.0,Scorpio,Green,Reading,07/06/2023 15:14:00,40.760742734217295,-74.0027329525442,40.7782992631539,-74.00480421959,2.0,0.7462467776433699,0.46369610647103837,14,3,0,Rain,A,391.43128747461583,5.057387687229635
REC00564,Marta Johnson,3517032647.0,Pisces,Orange,Sports,07/06/2023 15:31:00,40.80833043322088,-73.90275407049864,40.80432626781424,-73.87828713541724,1.0,1.0779270050966492,0.66979258108391,15,3,0,Rain,A,453.9624737830929,7.133430864781918
REC00565,John Taylor,3021570918.0,Virgo,Blue,Gaming,07/06/2023 15:48:00,40.77447160242736,-73.95896980929827,40.78569077765257,-73.90668172352633,1.0,5.5867350451776785,3.4714351417570994,21,4,0,Rain,A,1291.0094680337065,19.75957515152549
REC00566,Paula Johnson,3581171143.0,Sagittarius,Gray,Travel,07/06/2023 16:05:00,40.80243215987602,-74.0164405960107,40.84186002880955,-74.06339944210684,2.0,6.724886457471566,4.178649422965565,7,6,1,Clear,A,1033.4979938425447,19.34414751034901
REC00567,Carmen Wilson,3383869948.0,Leo,Black,Cooking,07/06/2023 16:22:00,40.76965726841927,-73.98598733293728,40.74064573021281,-73.96798842874621,3.0,5.751846377677112,3.574030535543605,2,4,0,Clear,A,975.0874083473046,17.045609784815948
REC00568,Laura Lopez,3721564026.0,Aries,White,Music,07/06/2023 16:39:00,40.74713236929066,-73.98965636938216,40.74157148263566,-73.96932223716061,1.0,6.982050289919672,4.3384435706976765,1,2,0,Clear,A,1104.951894690528,20.49687703020077
REC00569,Carmen Smith,3131100730.0,Pisces,Gray,Reading,07/06/2023 16:56:00,40.77573982832967,-74.01679957347892,40.74998814855596,-74.02375027756263,1.0,3.9992173689007124,2.4849976957312045,0,6,1,Clear,A,693.2073838603952,12.655682626960877
REC00570,Thomas Moore,3227658710.0,Gemini,Black,Dancing,07/06/2023 17:13:00,40.76724627273706,-74.01169745449069,40.755441453222204,-74.02947520354654,1.0,9.295302108903494,5.775831166711473,7,0,0,,A,2252.1380564515475,30.32663299116164
REC00571,Michael Thomas,3881107263.0,Leo,Red,Reading,07/06/2023 17:30:00,40.7319390023227,-73.9574299694489,40.72890260479036,-73.97524216979534,4.0,2.106059362983312,1.3086442124363036,22,3,0,Rain,A,781.8917810330287,10.6094949383076
REC00572,Elena Davis,3522077638.0,Capricorn,Purple,Photography,07/06/2023 17:47:00,40.67961772289375,-73.99999370096553,40.6532286842136,-74.05558409502316,1.0,,0.2557775297191728,5,4,0,Clear,A,410.5710599692396,6.143429145553365
REC00573,Thomas Taylor,3491646244.0,Pisces,White,Travel,07/06/2023 18:04:00,,-73.9941388529268,40.67516621960696,-73.97077039430087,1.0,2.781717971984696,1.7284788779701024,10,6,1,Clear,A,502.22308494703134,11.13761004121889
REC00574,Robert Wilson,3906935525.0,Leo,Gray,Sports,07/06/2023 18:21:00,40.72351770664102,-73.99036052422468,40.68432179164362,-74.01329075593421,3.0,,5.759249618054749,2,2,0,Snow,A,1753.1227380958453,29.553460849757514
REC00575,James Gonzalez,3020552557.0,Libra,Yellow,Cooking,07/06/2023 18:38:00,40.77776204226865,-73.98840775148327,40.791068636673025,-74.03846962068656,2.0,4.623290005101013,2.8727783337596215,13,3,0,Fog,A,977.2739772578735,15.875925207617694
REC00576,Isabel Smith,3619906264.0,Leo,Gray,Hiking,07/06/2023 18:55:00,40.74674611780842,-73.933965746295,40.72669631794226,-73.92428056428763,4.0,2.5924512370163226,1.6108740175960694,21,0,0,Rain,A,659.4882853679836,10.086584454397226
REC00577,Thomas Sanchez,3911021980.0,Sagittarius,Purple,Sports,07/06/2023 19:12:00,40.70937356429542,-74.02132249676535,40.70281213287353,-74.01191831906162,5.0,4.267685114634274,2.6518157673654135,4,5,1,Clear,A,765.5869845241431,14.124365707810513
REC00578,Joseph Thomas,3066303154.0,Scorpio,Gray,Photography,07/06/2023 19:29:00,40.7417695979044,-73.96848058504334,40.74325343479162,-73.9430714008118,1.0,5.214921098591412,3.2404007379528443,20,4,0,Snow,A,1424.6056093678833,20.299388085497437
REC00579,Maria Sanchez,3736398569.0,Leo,Purple,Cooking,07/06/2023 19:46:00,,-74.0556531894284,40.76118603819693,-74.00112861944683,2.0,2.9325036449994677,1.8221727223969642,19,3,0,Rain,A,668.5585656773058,9.776516270758965
REC00580,Michael Moore,3467277178.0,Virgo,Gray,Gardening,07/06/2023 20:03:00,40.704058648774165,-74.00608529356246,40.69554414662977,-74.00487824733477,1.0,5.6024958929853605,3.4812284755202065,12,1,0,Rain,A,1021.5628456070336,17.434501165105708
REC00581,James Hernandez,3958269115.0,Libra,Pink,Reading,07/06/2023 20:20:00,40.82335507513282,-74.04537333270424,40.83074778145075,-74.0543534990285,2.0,9.998400590679623,6.212716173431188,20,6,1,Rain,A,1690.901490258669,28.328866434698966
REC00582,Carmen Torres,3747161166.0,Libra,Red,Dancing,07/06/2023 20:37:00,40.740690199709654,-73.89910165224396,40.7067282152921,-73.91082297684522,2.0,9.474933649105493,5.887448996478329,4,1,0,Clear,A,1564.6180843853497,27.84484821311055
REC00583,Lucia Miller,3374075814.0,Sagittarius,White,Gardening,07/06/2023 20:54:00,,-73.97330544818995,40.70558455870304,-73.9821346634454,1.0,7.285696991440843,4.527120825268588,4,0,0,Rain,A,1444.0065801590874,23.230736278770685
REC00584,Elena Martinez,3775845031.0,Gemini,White,Photography,07/06/2023 21:11:00,40.666887775449844,-74.00129099211708,40.63755901164442,-74.02342397172882,4.0,11.25877373995201,6.995875497567721,9,2,0,,A,1572.558083824583,29.928874153924696
REC00585,Robert Gonzalez,3481100669.0,Aquarius,White,Gardening,07/06/2023 21:28:00,40.75437328718773,-74.06684370416704,40.75013711555745,-74.0798612638488,1.0,1.325931556288831,0.8238954170627472,12,2,0,Clear,A,706.5231583490323,10.948708208369537
REC00586,Joseph Garcia,3648611391.0,Leo,Orange,Cooking,07/06/2023 21:45:00,40.77590513714573,-74.0469692458905,40.77973217528114,-74.06861129332054,1.0,5.050855818195448,3.1384553306079237,9,6,1,Rain,A,1305.117444634915,18.173141518662316
REC00587,James Johnson,3717515626.0,Libra,Pink,Photography,07/06/2023 22:02:00,40.717419009768136,-73.93741850810778,40.710393977458544,-73.96858277197528,1.0,2.2028499840004874,1.368787097408367,7,5,1,Clear,C,544.5172402217481,8.868415744631026
REC00588,John Perez,3139907522.0,Virgo,Yellow,Travel,07/06/2023 22:19:00,40.75701443156022,-73.96226659943771,40.74431885186531,-73.91016523346283,,3.2465126311958086,2.017288800158771,1,1,0,Clear,A,581.0794602614795,11.598498298257256
REC00589,Lucia Sanchez,3524114026.0,Cancer,White,Photography,07/06/2023 22:36:00,40.695431004855045,-74.05204813701698,40.703505256996365,-74.01048016806558,5.0,11.344342838502357,7.049045653903048,1,6,1,Clear,A,1633.8675072391775,29.640691090882697
REC00590,Richard Rodriguez,3507418814.0,Cancer,Red,Travel,07/06/2023 22:53:00,40.738533130750895,-74.05181663869877,40.726436524818155,-74.10770310784315,1.0,7.455284617021989,4.632497657763571,21,5,1,Fog,A,1097.1109970279379,21.076739398016578
REC00591,Sofia Brown,3003230004.0,Leo,Black,Sports,07/06/2023 23:10:00,40.804234507592,-73.88759989955759,40.791811457230004,-73.87806426948893,2.0,1.4467169102151232,0.8989479332172813,18,0,0,Snow,A,1060.8015771418204,13.51212462858034
REC00592,Sofia Davis,3958530040.0,Gemini,Blue,Hiking,07/06/2023 23:27:00,40.738325552964575,-73.91223652641717,40.70673935982504,-73.91418508075272,1.0,10.97096572393684,6.817039942848359,9,1,0,Clear,A,2205.92571600019,34.88908029232164
REC00593,Marta Lopez,3229594478.0,Leo,Pink,Hiking,07/06/2023 23:44:00,40.71778606620706,-73.96523256564062,40.732960526897756,-73.96088472725633,1.0,,4.120315606282195,14,6,1,Clear,A,962.988938615036,17.872787358234355
REC00594,Marta Hernandez,3649308330.0,Pisces,White,Travel,08/06/2023 00:01:00,40.8171093262396,-73.97419735680023,40.81584072202811,-74.01772677546671,4.0,8.119564263193439,5.045261765784771,15,3,0,Rain,A,1409.4159207783675,22.038908896984232
REC00595,Carmen Torres,3631270962.0,Taurus,Gray,Music,08/06/2023 00:18:00,40.75989152441055,-73.98840206553237,40.74550303485067,-74.04382364261622,5.0,3.572332587421237,2.219743872178521,9,4,0,Rain,A,1025.3183522755603,12.604256884305189
REC00596,William Smith,3989385914.0,Scorpio,Orange,Travel,08/06/2023 00:35:00,40.724844795131744,-74.04287481685907,40.69368400060746,-74.0445290341728,1.0,,3.278643774318411,9,6,1,Snow,A,1258.7148902818758,19.066931973772277
REC00597,Paula Wilson,3666744206.0,Aries,Purple,Travel,08/06/2023 00:52:00,40.706721012524966,-73.93698141947522,40.77682718485671,-73.94807402252937,3.0,1.3162493346794322,0.8178791653390934,19,2,0,Clear,A,448.774942592464,6.665884986291799
REC00598,Lucia Hernandez,3144063650.0,Taurus,White,Gaming,08/06/2023 01:09:00,40.69255612567003,-73.9897746665193,40.60205877480982,-74.00625686685014,1.0,3.094136830851613,1.9226068967230976,18,4,0,Rain,A,862.0540054280531,12.630954329426833
REC00599,Thomas Martinez,3190582985.0,Pisces,Orange,Gardening,08/06/2023 01:26:00,40.77133911519237,-73.94348496111398,40.74858972284174,-73.9496913598959,1.0,9.098271368073984,5.6534019782515,3,6,1,Clear,C,1407.8907736183514,25.057135564738108
REC00600,Elena Ramirez,3274082125.0,Scorpio,Green,Gardening,08/06/2023 01:43:00,40.78835066476768,-74.0002108733337,40.77388048127493,-73.98221942817948,2.0,2.559570106131948,1.5904426364173148,1,0,0,Rain,A,424.3256571169417,9.09462238109819
REC00601,John Davis,3383627996.0,Pisces,Gray,Sports,08/06/2023 02:00:00,,-73.96184949863037,40.77762186136333,-73.93540908176648,1.0,2.2752154269627765,1.4137528850672874,8,5,1,Clear,A,223.1785373166431,6.577150255472716
REC00602,Carmen Gonzalez,3566618308.0,Leo,Red,Gaming,08/06/2023 02:17:00,40.7400788425727,-74.00401271811396,40.73064229835925,-74.03344628963596,4.0,5.412958915392162,3.363455694216143,10,0,0,Rain,A,1068.3392652252844,17.0494294110648
REC00603,Laura Moore,3152969874.0,Taurus,Purple,Gardening,08/06/2023 02:34:00,40.779414362857466,-73.97652425607627,40.78487297128038,-74.0031490140097,,4.169677666929613,2.5909167815777208,2,1,0,Rain,C,1089.4748853170704,18.319687556459215
REC00604,Ana Perez,3992370797.0,Libra,Gray,Hiking,08/06/2023 02:51:00,40.67910122281099,-73.94012835885857,40.66586545465751,-73.93562828527901,3.0,2.8901228080333254,1.7958384993504755,6,0,0,Snow,A,721.4447926272699,11.467761917583928
REC00605,Laura Johnson,3105622335.0,Taurus,Black,Sports,08/06/2023 03:08:00,40.75379465379813,-74.00676217572995,40.809104142797025,-73.97007385491777,1.0,2.6423162746590965,1.6418587059011975,5,4,0,Fog,A,689.9421684072704,11.124250815662716
REC00606,Robert Smith,3448146654.0,Gemini,Blue,Travel,08/06/2023 03:25:00,40.75086097302713,-73.87902034653783,40.76272148139446,-73.88543448846903,1.0,,2.1262095093128828,0,2,0,Fog,A,577.0764806137215,11.27402007985258
REC00607,Lucia Brown,3236842489.0,Gemini,Yellow,Sports,08/06/2023 03:42:00,40.77073210611911,-74.00889838016656,40.75122186468419,-74.00455168987048,2.0,,0.25871279084904647,11,1,0,Clear,A,85.75599230689288,4.302015906898542
REC00608,Richard Davis,3852099291.0,Scorpio,Gray,Hiking,08/06/2023 03:59:00,40.7739459249465,-73.9731776150135,40.795057773333774,-74.01408355574391,2.0,1.8361128156346538,1.1409072563637204,17,0,0,Clear,A,437.353813740457,9.512147245694647
REC00609,Carmen Ramirez,3298818891.0,Aquarius,Gray,Sports,08/06/2023 04:16:00,40.7296015820289,-73.91089591460947,40.72217926408418,-73.97676246624765,2.0,6.791167472526395,4.2198345235711985,8,3,0,Clear,A,992.8609814322369,16.923099459167304
REC00610,Robert Gonzalez,3103809897.0,Taurus,Blue,Music,08/06/2023 04:33:00,40.842720876446975,-73.9074859952841,40.89752076639924,-73.83808791851094,1.0,5.140628046433498,3.1942371898404294,4,0,0,Rain,A,641.6678962025172,13.613526589497534
REC00611,William Thomas,3331409598.0,Libra,Blue,Travel,08/06/2023 04:50:00,40.695767930455546,-73.95663331685834,40.73631217595386,-73.94831777118388,1.0,3.9971598763149725,2.4837192295057107,12,6,1,Clear,A,924.7604962650357,14.998115494679148
REC00612,David Wilson,3550632357.0,Sagittarius,Black,Gaming,08/06/2023 05:07:00,,-73.96655631320387,40.73500646537438,-73.99710099521246,3.0,1.6293568632392796,1.0124351034678545,17,2,0,Snow,A,866.3076549385219,11.956298888421992
REC00613,Lucia Davis,3505644671.0,Capricorn,Purple,Travel,08/06/2023 05:24:00,40.79290194383695,-73.97654974377559,40.78579992996911,-74.04082637188874,2.0,4.491706029995626,2.791015867564412,14,1,0,Clear,A,643.0518123188535,11.813889875930304
REC00614,Michael Hernandez,3836765236.0,Leo,Gray,Gardening,08/06/2023 05:41:00,40.71825398929941,-73.91218206365906,40.69920416642506,-73.86880880819096,2.0,4.955717112348684,3.0793388978172143,14,2,0,Rain,A,970.1305016295024,15.747852273598102
REC00615,Laura Moore,3986079331.0,Aries,White,Photography,08/06/2023 05:58:00,40.75557172023307,-73.93213644604567,40.7820343630136,-73.96046163858296,2.0,2.6427500973198153,1.6421282707217109,5,4,0,Fog,A,389.346401647065,9.100446552258363
REC00616,Sofia Davis,3772352701.0,Leo,Red,Travel,08/06/2023 06:15:00,40.72337525319588,-73.92551997136012,40.766931529738706,-73.95387899956438,4.0,,0.48678540020988614,6,4,0,Snow,A,699.9032292846304,7.703144499484517
REC00617,Carmen Miller,3061835869.0,Gemini,Red,Gardening,08/06/2023 06:32:00,40.7304350633885,-73.89827638891954,40.721683560658,-73.91977860704732,3.0,,2.9728142205381287,12,0,0,Clear,A,791.2907172527351,16.363311907171276
REC00618,John Wilson,3933673118.0,Libra,Gray,Cooking,08/06/2023 06:49:00,,-73.95710140972588,40.69875313118306,-73.95298197361295,1.0,,1.4223039633189385,11,3,0,Clear,A,605.9062303135573,10.623406481869145
REC00619,Carmen Perez,3630058592.0,Capricorn,Red,Cooking,08/06/2023 07:06:00,40.788037987291446,-74.00034837079818,40.80320129790847,-73.98118873603039,1.0,3.8198300148788817,2.373531596175306,9,3,0,Rain,A,948.9843539363654,16.125285458655036
REC00620,Ana Garcia,3957013743.0,Aries,Green,Gaming,08/06/2023 07:23:00,40.78914982868777,-73.96243600078408,40.81585088846659,-73.97142718176126,1.0,2.8457522521392935,1.768267922664045,21,6,1,Rain,A,605.3084321176979,11.14315029283439
REC00621,Joseph Torres,3592560641.0,Libra,Red,Travel,08/06/2023 07:40:00,40.78897731811611,-73.97719436430604,40.76562147515115,-74.00864996067179,1.0,1.042004411166564,0.6474713229709791,0,1,0,Rain,A,461.05535237940995,10.047510057626564
REC00622,Ana Johnson,3440122632.0,Scorpio,Gray,Gaming,08/06/2023 07:57:00,40.728535424005486,-73.98945345202057,40.74185412415833,-73.92052348305765,1.0,0.8287222268444805,0.5149439588165817,10,0,0,Clear,A,732.9082369561485,9.123067432354613
REC00623,Elena Hernandez,3936049381.0,Gemini,Yellow,Sports,08/06/2023 08:14:00,40.76660759364217,-74.00021508042967,40.83392459079318,-74.01496092208352,2.0,6.010993199258545,3.7350568552164813,15,2,0,Clear,A,1001.6695508638098,18.154456353474295
REC00624,Carmen Brown,3696352102.0,Sagittarius,Black,Reading,08/06/2023 08:31:00,40.84975686560291,-73.95261520333747,40.852634739567904,-73.9522938188309,1.0,4.066083008105647,2.526546064829614,0,0,0,Clear,A,788.6649541633843,15.410707941593841
REC00625,William Moore,3843987073.0,Scorpio,Red,Photography,08/06/2023 08:48:00,40.764508541419566,-73.94812092190567,40.7781176863161,-73.99314442658195,3.0,8.253846147291593,5.128700634388725,17,3,0,Clear,A,1223.6527397003701,22.897708821973712
REC00626,Marta Perez,3785516697.0,Sagittarius,Black,Sports,08/06/2023 09:05:00,40.69218995256799,-74.01480055852316,40.70355368545997,-73.99742430891435,1.0,7.82120016089449,4.85986696517517,10,2,0,Clear,A,1524.3933129813493,23.754830446403737
REC00627,John Johnson,3776893025.0,Pisces,Green,Music,08/06/2023 09:22:00,40.70729939397865,-73.96420048444068,40.723905042672094,-73.93145280524675,1.0,1.497185890416938,0.9303078939142632,8,5,1,Rain,A,922.3748202805994,10.135469001184642
REC00628,Richard Gonzalez,3918770654.0,Aries,Red,Music,08/06/2023 09:39:00,40.70494063954772,-73.89883681147191,40.67021725661118,-73.92464109211325,4.0,2.095242599997454,1.3019229896030182,13,2,0,Clear,A,269.2485134601941,7.011002902501995
REC00629,Laura Taylor,3406897877.0,Scorpio,Yellow,Dancing,08/06/2023 09:56:00,40.81604448124547,-74.01732588813826,40.877474146889256,-74.07253600113214,1.0,3.452000222049571,2.1449728299751643,10,5,1,Rain,A,904.0355726733084,12.677401924635753
REC00630,Elena Lopez,3075482252.0,Sagittarius,Black,Cooking,08/06/2023 10:13:00,40.769715285582805,-73.9115504622743,40.77271470413884,-73.92300393448195,4.0,0.6425203881860624,0.39924353612756175,0,3,0,Fog,A,195.16287252715694,4.558396481704959
REC00631,John Ramirez,3662496951.0,Gemini,Red,Gaming,08/06/2023 10:30:00,40.671299736276445,-74.02372595239126,40.68763851474439,-73.9668416030371,1.0,2.2896475625347565,1.4227205955797841,10,5,1,Clear,A,556.2438713948427,9.91021635696707
REC00632,Lucia Davis,3052832948.0,Virgo,Blue,Gardening,08/06/2023 10:47:00,40.81514645645904,-73.96193401090835,40.81778904954624,-73.98115254236322,1.0,10.44064452384327,6.487513728425016,8,6,1,Clear,A,1887.5421351641244,31.283939329582335
REC00633,Laura Johnson,3802134225.0,Cancer,White,Gaming,08/06/2023 11:04:00,40.77833326086626,-74.06905047268333,40.80663361576707,-73.993067474985,,7.429969125902333,4.616767345731058,21,1,0,Clear,A,940.6045952312439,19.58269815959114
REC00634,Richard Brown,3918518170.0,Cancer,Blue,Gaming,08/06/2023 11:21:00,40.75872062951743,-73.94801035317616,40.74366525055451,-73.9648313083156,1.0,6.482652784234487,4.028132443192567,1,6,1,Clear,A,1100.328509409983,17.720871916682597
REC00635,Isabel Torres,3577733243.0,Virgo,Blue,Hiking,08/06/2023 11:38:00,40.82586312457747,-73.99104013829155,40.78664806605401,-74.04578077960085,1.0,11.004038552937754,6.837590439677485,9,0,0,,A,1637.2301375887778,30.289438797247893
REC00636,Paula Ramirez,3909096135.0,Leo,Orange,Sports,08/06/2023 11:55:00,,-74.06724059264236,40.73502279649905,-74.08254016165192,4.0,,0.13952837692626396,2,5,1,,A,464.5940990417642,6.004289830731978
REC00637,Robert Hernandez,3967954213.0,Scorpio,Orange,Gardening,08/06/2023 12:12:00,,-74.00355962514912,40.832475965646786,-74.05968783660695,3.0,6.583159325314627,4.0905842931300755,12,3,0,Clear,A,1222.939466653989,19.247880039941098
REC00638,Robert Garcia,3939612074.0,Libra,Gray,Reading,08/06/2023 12:29:00,40.639522446807895,-73.89169038562436,40.62912384936938,-73.91326580356485,1.0,6.595368749260326,4.098170875096638,10,0,0,Clear,A,692.4082921603784,16.421123405898953
REC00639,Laura Smith,3222077228.0,Aquarius,Yellow,Photography,08/06/2023 12:46:00,40.7133504735917,-73.95150348731485,40.69320814948368,-73.9400386010774,4.0,4.402264845467688,2.7354397092931024,17,0,0,Fog,A,558.287850838749,13.324755920707664
REC00640,Charles Ramirez,3823007733.0,Pisces,Green,Dancing,08/06/2023 13:03:00,40.78958925460311,-73.9743505890286,40.800042758686914,-73.98829763548238,1.0,1.0882942436080594,0.6762344824449835,13,1,0,,A,81.78338463953054,5.390857039633981
REC00641,Joseph Perez,3852185581.0,Pisces,Blue,Dancing,08/06/2023 13:20:00,40.83391017939747,-73.95348320414926,40.80608316948109,-73.92045004406403,4.0,14.31332055034526,8.893882303688585,4,2,0,,A,2058.277392794748,35.857989096444925
REC00642,Sofia Davis,3235930665.0,Pisces,Orange,Hiking,08/06/2023 13:37:00,40.68911079637444,-73.92950741644819,40.71849152002176,-73.94558806194672,,7.707438714253204,4.789178901314227,7,6,1,,A,1401.6407175442232,24.648162198735427
REC00643,Ana Garcia,3490544428.0,Scorpio,Blue,Music,08/06/2023 13:54:00,40.72909586468169,-73.90381744472617,40.7197266421645,-73.948568523249,2.0,10.457476650032238,6.497972723507181,9,3,0,Clear,B,1852.8477718415436,31.377103470190434
REC00644,Isabel Rodriguez,3936548083.0,Capricorn,Orange,Reading,08/06/2023 14:11:00,40.75831048430731,-73.99454964758134,40.77323332624077,-73.99011579122536,1.0,6.054488204713855,3.7620833902512527,5,2,0,Clear,A,934.9650886239533,18.138174453839756
REC00645,Maria Torres,3568436736.0,Gemini,Red,Gardening,08/06/2023 14:28:00,40.703029889099874,-73.95035871975564,40.66819553856009,-73.9548100072856,2.0,,1.138471603878908,14,6,1,Clear,A,371.0164017709478,7.010077374952168
REC00646,Richard Johnson,3475708344.0,Pisces,Black,Music,08/06/2023 14:45:00,40.73683726463343,-73.95624646752468,40.77744000366717,-73.95695456519623,5.0,,0.9069903825269096,7,4,0,,A,1053.8476486549876,12.959572469473342
REC00647,David Thomas,3717283106.0,Aquarius,Pink,Gardening,08/06/2023 15:02:00,40.82912276344924,-73.97466737548143,40.84318879099295,-74.01286984708548,1.0,8.323991651704404,5.172287016611217,21,6,1,Clear,A,1845.8301691004178,26.331017901812835
REC00648,David Wilson,3178376887.0,Leo,White,Hiking,08/06/2023 15:19:00,40.69843075033174,-73.98932323474118,40.716840037206914,-73.98128994762492,1.0,2.029090271929984,1.2608178513594062,3,5,1,,A,175.173880785969,6.938785106702669
REC00649,John Hernandez,3494829197.0,Aquarius,Purple,Photography,08/06/2023 15:36:00,40.73798121990293,-73.89979974685622,40.69926230282314,-73.85813339415586,2.0,4.242902485344857,2.636416560221219,23,3,0,Rain,A,641.8022536517209,12.126275918003515
REC00650,David Martinez,3759187974.0,Leo,Red,Gardening,08/06/2023 15:53:00,40.76364941319895,-73.96684825451413,40.74116163352366,-74.00627156163728,2.0,2.656216772948881,1.6504960724240192,8,0,0,Clear,A,584.1156884095241,9.39897789714672
REC00651,Michael Perez,3689440449.0,Taurus,Orange,Travel,08/06/2023 16:10:00,40.77327208521445,-74.0408698726707,40.779244555529566,-74.09817962962285,1.0,6.021347789334758,3.741490897206728,4,3,0,Clear,A,845.453168015801,15.260942863534131
REC00652,William Ramirez,3770691654.0,Leo,White,Cooking,08/06/2023 16:27:00,40.70676295953761,-74.1252493178902,40.67428065102792,-74.17157454945593,3.0,3.6926883002909023,2.2945294218400583,18,2,0,Fog,A,534.6192463135358,11.929196019385623
REC00653,Michael Davis,3856261894.0,Virgo,Red,Dancing,08/06/2023 16:44:00,40.741085207306966,-73.93229121138502,40.72227632327145,-73.93315234010099,4.0,14.199458308528,8.823131608628351,16,4,0,Clear,A,2052.1088203888244,36.80817875222584
REC00654,Richard Sanchez,3352559620.0,Libra,Red,Sports,08/06/2023 17:01:00,40.7355078517935,-74.00151625385772,40.75815866067697,-74.0497467648967,1.0,15.172870113772689,9.42798147546505,1,1,0,Rain,A,2212.169461994048,39.41536170271539
REC00655,Lucia Garcia,3839812090.0,Leo,White,Music,08/06/2023 17:18:00,40.765181595544206,-73.98760968035147,40.74700580545356,-73.97781553343656,5.0,5.299509000124263,3.2929612069162135,12,3,0,Rain,A,1012.3888407871482,17.595744331250156
REC00656,Michael Thomas,3460075519.0,Sagittarius,Pink,Sports,08/06/2023 17:35:00,40.69119167023975,-73.95960780274214,40.7024053383328,-73.94890924849125,1.0,1.6175636904612802,1.0051071679056163,16,5,1,,A,340.5063185103394,8.686024417281725
REC00657,Carmen Hernandez,3949920319.0,Leo,Gray,Sports,08/06/2023 17:52:00,40.81357074830185,-73.85695937647895,40.788759006740015,-73.84593745070939,1.0,1.8901615256918805,1.1744915573806896,13,6,1,Clear,A,380.69759200725264,7.892067242320268
REC00658,Sofia Torres,3025732146.0,Taurus,Pink,Cooking,08/06/2023 18:09:00,40.7629020745644,-73.91231256536216,40.780927468887135,-73.83464189426849,1.0,2.1306482139347236,1.3239230113408331,10,1,0,Clear,C,435.83014993386655,8.40649142033591
REC00659,Lucia Smith,3800762867.0,Scorpio,Green,Gaming,08/06/2023 18:26:00,40.80335548713051,-73.99133505090425,40.76972904645262,-74.04730407272555,1.0,1.5196969419258894,0.9442956085014319,6,4,0,Clear,A,353.6689504774462,7.005099717122267
REC00660,Ana Moore,3541204142.0,Libra,Gray,Cooking,08/06/2023 18:43:00,40.7214372846554,-73.94346363300095,40.73925389133496,-73.99468384953678,5.0,4.5047656443467625,2.799130733193392,1,5,1,Fog,A,629.2880569393251,13.61783694802093
REC00661,Charles Brown,3205328679.0,Scorpio,Green,Photography,08/06/2023 19:00:00,40.68899010211646,-74.01011542598708,40.753894748112145,-73.97175815571207,1.0,1.3073185873896234,0.8123298579648777,2,2,0,,A,306.66496600801685,6.764157880988922
REC00662,Charles Gonzalez,3859487303.0,Scorpio,Red,Gardening,08/06/2023 19:17:00,40.70227292897482,-73.94130705167993,40.68622350018661,-73.92532842320041,2.0,3.485663434212822,2.165890173780255,10,4,0,Rain,B,879.2003414325419,14.667123535321622
REC00663,Michael Davis,3774983382.0,Leo,Orange,Photography,08/06/2023 19:34:00,40.78503353242545,-74.02113272276954,40.76519502885956,-73.98670152822652,1.0,4.172230291630673,2.592502908540843,2,6,1,Rain,A,1143.5896389092393,15.476799223963242
REC00664,Charles Moore,3366495058.0,Taurus,Orange,Cooking,08/06/2023 19:51:00,40.727960393075925,-73.9708687508941,40.762137974794065,-74.03210292353874,1.0,,2.1034363513320327,0,3,0,Rain,A,600.2908804090082,10.117869738982638
REC00665,Isabel Garcia,3450287673.0,Leo,Green,Reading,08/06/2023 20:08:00,40.669008319076255,-73.96920191116578,40.67095198665407,-74.009996904345,6.0,16.20661378733173,10.070319815648105,18,0,0,Rain,A,2563.6789363945686,43.21040244296636
REC00666,Paula Hernandez,3390611419.0,Gemini,Purple,Travel,08/06/2023 20:25:00,40.759024734679414,-74.03257809055532,40.72393494816073,-74.00321682517101,2.0,4.2286735355645835,2.6275751034673007,13,2,0,,A,1247.8439065390403,16.75318470167174
REC00667,Maria Garcia,3741305368.0,Sagittarius,Orange,Music,08/06/2023 20:42:00,40.733960642955175,-74.00942537043757,40.74414018989845,-74.01443882124633,2.0,3.6048621730884918,2.239956813354169,16,5,1,Clear,A,689.028106826551,11.14355579052067
REC00668,Michael Smith,3932413944.0,Leo,White,Photography,08/06/2023 20:59:00,40.73523351780832,-74.08872185286079,40.741730065546896,-74.04929615594622,2.0,8.119221879276767,5.045049018348084,18,5,1,Snow,A,1773.3726444274098,27.640601971979073
REC00669,Ana Davis,3974138528.0,Libra,Green,Cooking,08/06/2023 21:16:00,,-73.9989612766503,40.645510712689536,-74.01146869542677,,4.748518329803885,2.95059158310857,18,6,1,Clear,A,570.4449775108301,14.014796774187857
REC00670,Paula Anderson,3236674590.0,Cancer,Yellow,Hiking,08/06/2023 21:33:00,40.6745504893237,-73.92422138282852,40.654415874298465,-73.93058198720333,1.0,8.720670489451436,5.418771742700928,20,3,0,Clear,A,1360.067638740504,23.959118040771912
REC00671,Lucia Garcia,3777879814.0,Capricorn,Purple,Travel,08/06/2023 21:50:00,40.722600106281135,-73.88005465544005,40.7486593402218,-73.81134361534187,1.0,2.8704406443247614,1.7836085736047214,18,6,1,Clear,A,577.9421628721147,10.166342858672099
REC00672,Lucia Anderson,3766958777.0,Pisces,Purple,Dancing,08/06/2023 22:07:00,40.703623313463524,-73.90541649236583,40.67398038404181,-73.93663405747475,6.0,6.032483116239381,3.7484100664207802,18,2,0,Rain,A,1314.9030220220743,18.74068976700705
REC00673,Laura Sanchez,3522403229.0,Virgo,Green,Music,08/06/2023 22:24:00,40.72153247702168,-73.99928541085382,40.68041230808403,-73.97706487910594,2.0,4.8875277070622065,3.03696797886495,0,6,1,Rain,A,1035.2066437408253,14.839643499640573
REC00674,Michael Johnson,3013370129.0,Pisces,White,Dancing,08/06/2023 22:41:00,40.79162569726103,-73.98034381433851,40.76837534071162,-74.02736592694396,1.0,2.9146404719296766,1.811073064683415,10,2,0,,A,467.5961351055297,9.267805405687783
REC00675,Sofia Garcia,3929677067.0,Cancer,Black,Reading,08/06/2023 22:58:00,40.696793807020164,-73.98356144950661,40.72275974608253,-74.0095458876195,1.0,2.1091219581546787,1.3105472202605308,0,3,0,,A,638.6232976939746,9.184870688672122
REC00676,Lucia Ramirez,3699595320.0,Virgo,Orange,Cooking,08/06/2023 23:15:00,40.704714552050554,-73.99047564485005,40.6968702167135,-73.96835422515237,4.0,5.445170473552939,3.3834710223220634,22,5,1,Clear,A,679.5189902693348,13.962422609183468
REC00677,Elena Martinez,3929918519.0,Cancer,Pink,Sports,08/06/2023 23:32:00,40.72364434083726,-73.93128404987627,40.70671458904824,-73.97372574140428,1.0,13.062930336474796,8.11692608610568,6,6,1,,A,1656.9926324081125,34.284989142247824
REC00678,Maria Sanchez,3131785091.0,Taurus,Red,Photography,08/06/2023 23:49:00,40.7018326441998,-74.00757216909219,40.699778384176014,-73.98127797255522,1.0,,7.394243672960357,7,0,0,Clear,A,1677.4816265281909,31.235108546178452
REC00679,Paula Garcia,3464871704.0,Sagittarius,Yellow,Music,09/06/2023 00:06:00,,-73.90738013710194,40.75385441975554,-73.91400134180434,1.0,8.207955642128669,5.100185605305133,6,0,0,Clear,A,1325.7774681565534,22.92186153577157
REC00680,Maria Moore,3511504280.0,Scorpio,Orange,Cooking,09/06/2023 00:23:00,40.80138238385114,-73.97306283675293,40.84742389961467,-74.00232286631339,4.0,7.37554472977509,4.582949604285077,14,5,1,Clear,A,1023.4653506659881,19.80116726919733
REC00681,Marta Moore,3839147709.0,Cancer,Red,Photography,09/06/2023 00:40:00,40.73562536562375,-74.03829770659587,40.74615328583423,-74.04151072780512,3.0,4.169414374744195,2.5907531794491754,15,3,0,Rain,A,950.3504126024496,15.090097033515672
REC00682,Richard Martinez,3719533552.0,Virgo,Black,Gaming,09/06/2023 00:57:00,40.76291078429556,-73.98486053132817,40.82171134868316,-74.00243628320838,2.0,1.7733298382064104,1.1018957348961556,21,2,0,Rain,A,903.4689929975126,9.818194830434066
REC00683,Isabel Garcia,3097765069.0,Virgo,Yellow,Cooking,09/06/2023 01:14:00,40.633943509273564,-73.95604896842768,40.65588514790686,-73.9773941677397,,0.8510706416036957,0.52883061564393,7,5,1,,A,230.41797517205933,5.8029134252237204
REC00684,Marta Hernandez,3432654592.0,Gemini,Gray,Photography,09/06/2023 01:31:00,40.754076916713316,-73.93115342724762,40.74514844401521,-73.9459965833991,,5.517067791950695,3.4281459309521956,9,5,1,Fog,A,751.98118260403,15.27994924215225
REC00685,Isabel Torres,3379466062.0,Leo,Blue,Hiking,09/06/2023 01:48:00,40.823790789506994,-73.94228865725574,40.85052235865304,-73.98406973334964,1.0,12.528615160971361,7.784918131187935,3,2,0,Clear,A,1983.135568201509,34.88312025067305
REC00686,William Ramirez,3249273635.0,Cancer,Orange,Gaming,09/06/2023 02:05:00,40.7549131164625,-73.9958119910988,40.77402223978195,-74.04868718307493,4.0,4.617160086785432,2.868969380285951,12,3,0,,A,879.2713872986117,14.700101010735665
REC00687,Lucia Wilson,3035125542.0,Pisces,Purple,Gardening,09/06/2023 02:22:00,,-74.00592247084562,40.79127382379507,-74.06972211285573,4.0,8.498696645224502,5.280843633139794,3,3,0,Clear,A,1090.9216654315574,23.144359108910525
REC00688,Isabel Taylor,3815299081.0,Libra,Black,Hiking,09/06/2023 02:39:00,40.76427730412469,-73.89347657329672,40.78638580290774,-73.87837342177023,1.0,5.056928321062399,3.1422286077868637,18,4,0,Rain,A,1068.1406477909686,18.21028555312698
REC00689,James Lopez,3742765450.0,Leo,Purple,Dancing,09/06/2023 02:56:00,40.828400381973445,-73.97867338198346,40.8318182693624,-73.96570558511597,1.0,4.257428225109919,2.6454424336647757,23,0,0,Rain,A,947.579684947709,15.478226955136437
REC00690,David Wilson,3079954868.0,Virgo,Orange,Travel,09/06/2023 03:13:00,40.817688936750066,-74.03668231347733,40.80326106002814,-74.06049198118052,4.0,2.3827980577313053,1.480601611930559,5,2,0,Rain,A,578.3175243193439,8.845183027994253
REC00691,Michael Gonzalez,3981627647.0,Taurus,Purple,Gaming,09/06/2023 03:30:00,40.69890217880622,-74.00927067112046,40.70294819759164,-74.01315642687932,1.0,2.4574100132808043,1.5269633173623067,15,2,0,,A,845.5451062572216,9.266101365788543
REC00692,Michael Martinez,3766587663.0,Leo,Purple,Dancing,09/06/2023 03:47:00,40.8101316520283,-74.07810311507097,40.76567136890982,-74.03654556426766,0.0,4.017292311067694,2.496228940620444,23,2,0,Clear,A,570.0397076709842,9.8074347087042
REC00693,Elena Rodriguez,3165045745.0,Sagittarius,Orange,Cooking,09/06/2023 04:04:00,40.818803614224336,-74.0614408852754,40.813915256625,-74.08022494201442,1.0,3.0969841711088915,1.924376151386103,23,2,0,Clear,A,440.3597152432062,10.39115335005354
REC00694,Richard Sanchez,3718930742.0,Scorpio,Purple,Hiking,09/06/2023 04:21:00,40.6644931645978,-74.0064898343125,40.62910399376951,-74.01450401629396,2.0,7.605538460413637,4.725861038685682,6,3,0,Rain,A,1088.1234091746915,19.279072703123234
REC00695,Maria Wilson,3524664833.0,Gemini,Blue,Photography,09/06/2023 04:38:00,40.75130585059164,-74.0197858252841,40.765051058629,-73.96162811173791,5.0,8.224677813866201,5.110576277879855,12,6,1,Rain,A,1063.765087917223,21.891075659071795
REC00696,James Perez,3441688323.0,Cancer,Orange,Reading,09/06/2023 04:55:00,,-74.01432816100198,40.801303413534306,-74.0026895017585,1.0,5.926055532298714,3.6822790521599846,2,0,0,,A,1004.7735662754501,17.99555127193008
REC00697,Joseph Miller,3060328228.0,Capricorn,Orange,Cooking,09/06/2023 05:12:00,40.60998132569383,-73.94148792711071,40.619446907231705,-73.91432476456511,1.0,13.257349204228522,8.23773233238068,20,5,1,Clear,A,1692.2207651818512,33.5095657255715
REC00698,Ana Smith,3290966647.0,Cancer,Purple,Hiking,09/06/2023 05:29:00,40.715981783751296,-73.93629496322724,40.711103792961694,-73.91499434083467,1.0,9.010486604331472,5.598855071820052,17,5,1,Rain,A,1581.8968819640054,25.747624795063867
REC00699,Richard Ramirez,3154521747.0,Libra,Pink,Gardening,09/06/2023 05:46:00,40.714211268495376,-74.03823236026479,40.70565375353942,-74.0230699026251,,4.468203145015073,2.7764118564211606,16,4,0,Fog,A,1116.760625320268,15.630996008850593
REC00700,Michael Lopez,3768237969.0,Libra,Orange,Music,09/06/2023 06:03:00,40.71774459203847,-73.88542305007891,40.7537747478597,-73.90718629339212,4.0,3.044164796247972,1.8915557236093985,2,6,1,,A,665.5867864475675,12.309552839816241
REC00701,Ana Torres,3441601224.0,Scorpio,Green,Sports,09/06/2023 06:20:00,40.80223161777589,-73.9749676776035,40.83182725178164,-74.00416697708444,1.0,5.672572136977443,3.524771821325811,19,3,0,Clear,A,933.8490236223533,16.9844682467474
REC00702,Elena Hernandez,3256657085.0,Aries,Green,Music,09/06/2023 06:37:00,,-73.97961046841245,40.71533302506296,-73.95938040952713,1.0,,6.68252868197353,3,2,0,,A,1675.9585470666998,30.73812703802149
REC00703,Michael Davis,3727390061.0,Pisces,Gray,Photography,09/06/2023 06:54:00,40.77105941456408,-74.01959659978455,40.77871666786387,-74.00389477524173,2.0,,1.0144811539756806,10,5,1,,A,1023.8581618242067,11.929755640211336
REC00704,Elena Wilson,3188328613.0,Gemini,Green,Travel,09/06/2023 07:11:00,40.75447240598419,-73.99501737749667,40.76422845447919,-73.98805715143,1.0,9.731196489460096,6.046683293852309,17,6,1,Clear,A,1124.9982959333604,24.409846785668986
REC00705,Charles Gonzalez,3439442416.0,Sagittarius,Gray,Gardening,09/06/2023 07:28:00,40.873405691122855,-73.87856961553486,40.867241772139,-73.86981475997187,1.0,2.097005129614115,1.3030181743934521,18,5,1,,A,432.33553155108365,8.040344224509937
REC00706,Laura Torres,3087430707.0,Cancer,Orange,Reading,09/06/2023 07:45:00,,-74.03406265620113,40.758849695062466,-74.0572313708219,1.0,,1.904740250716404,7,0,0,Clear,B,1000.0545371559645,13.166063106256223
REC00707,Robert Davis,3449469585.0,Virgo,Gray,Photography,09/06/2023 08:02:00,,-73.96663458257972,40.68748430934948,-74.0019681541081,3.0,7.977105316683013,4.95674190773264,12,0,0,Rain,A,1528.4295344026368,24.500197437383303
REC00708,Marta Anderson,3008441721.0,Leo,Orange,Travel,09/06/2023 08:19:00,40.73679891890341,-74.00712166333486,40.741966317769055,-74.02911609246425,1.0,8.214774242531218,5.104422485855866,17,1,0,Clear,A,1481.1728805019611,24.485931656942476
REC00709,Richard Lopez,3849561446.0,Gemini,Purple,Travel,09/06/2023 08:36:00,40.715173049141896,-74.07048315117376,40.66437866263729,-74.07800622434395,20.0,3.8176522337954593,2.3721783861657184,21,3,0,Clear,A,571.3188669212718,12.45500821706308
REC00710,James Wilson,3120823837.0,Sagittarius,White,Travel,09/06/2023 08:53:00,40.7013393632973,-74.0567933863204,40.685633142153065,-74.07463896167295,1.0,4.989797006349173,3.100515155632192,0,6,1,Snow,A,1093.5646115221057,17.10271951257856
REC00711,James Moore,3652808062.0,Taurus,Blue,Gardening,09/06/2023 09:10:00,40.690154659885955,-73.94946552445049,40.710687034919395,-73.90242825802058,4.0,12.536495355700033,7.789814655666685,19,5,1,Fog,A,2178.848806103503,37.32686621506605
REC00712,Elena Smith,3106159151.0,Leo,Yellow,Music,09/06/2023 09:27:00,40.79910249149868,-74.06613235568358,40.811579851899445,-74.02186169932048,1.0,12.21611689341209,7.590740770176364,16,5,1,Rain,A,2046.0547333777167,35.63853086249032
REC00713,Elena Hernandez,3056794201.0,Pisces,Yellow,Reading,09/06/2023 09:44:00,40.70524977981859,-74.04174597481142,40.6873521820645,-74.01617053028797,1.0,4.306752956514279,2.676091391342234,2,0,0,Clear,A,897.1704691311471,14.769699856697915
REC00714,John Torres,3414139562.0,Aries,Green,Reading,09/06/2023 10:01:00,40.78210171469408,-73.9389058695871,40.80896597292486,-73.9022876507197,5.0,3.7954931723021157,2.358409387966538,22,5,1,Clear,A,840.92223414947,13.505353914537013
REC00715,John Ramirez,3741902877.0,Pisces,Blue,Gardening,09/06/2023 10:18:00,40.72482379420731,-73.94494321189885,40.740605064753225,-73.98376186204335,2.0,2.804989716410491,1.7429392650757032,23,3,0,Clear,A,780.5722951637567,11.805273714923741
REC00716,Charles Martinez,3675194576.0,Capricorn,Pink,Travel,09/06/2023 10:35:00,40.712445413896276,-73.97706953181654,40.6978040443581,-73.95553463569802,1.0,1.243237901383641,0.7725119780206544,6,0,0,Clear,A,397.1074203309682,5.409355557899035
REC00717,Maria Torres,3623480555.0,Taurus,White,Cooking,09/06/2023 10:52:00,40.73348695497081,-74.03890377894574,40.77912159261137,-74.03997085361543,2.0,,2.601444320614286,22,0,0,Clear,A,793.460494876372,14.172591736906927
REC00718,Ana Garcia,3919500749.0,Leo,Pink,Cooking,09/06/2023 11:09:00,40.839595608949416,-74.03908735502083,40.854216875223756,-74.05290789338758,,4.27123211894205,2.6540197729791406,5,4,0,Clear,A,833.336625856299,13.20865232451313
REC00719,Marta Johnson,3108355995.0,Sagittarius,Green,Travel,09/06/2023 11:26:00,40.90188411583532,-74.04620012445038,40.87849209704532,-74.05468214812313,1.0,3.1405573226604275,1.9514512441388325,14,1,0,Rain,A,719.0674192552358,10.627499002714936
REC00720,Paula Ramirez,3547533407.0,Pisces,Orange,Photography,09/06/2023 11:43:00,40.73167523059438,-73.98668442098655,40.67008605504132,-73.99479263639218,3.0,3.613238208102998,2.245161438607168,6,5,1,Rain,A,1086.0258847664975,15.282514403166177
REC00721,Paula Brown,3639675639.0,Capricorn,Black,Gaming,09/06/2023 12:00:00,40.727091050699535,-73.94794237006799,40.73380801132189,-73.95931444878359,2.0,1.2623095160701914,0.7843625263100509,6,3,0,Clear,A,243.760168405714,6.719333248335215
REC00722,Robert Taylor,3673986803.0,Sagittarius,Red,Photography,09/06/2023 12:17:00,40.79775051139149,-74.00120590074837,40.782603407130914,-74.0196638136552,,,2.7669160227734912,11,2,0,Clear,A,966.9421582028183,15.380913169398951
REC00723,Laura Garcia,3027450939.0,Taurus,Gray,Cooking,09/06/2023 12:34:00,40.757634768862246,-73.93575985132887,40.758263765739656,-73.97597775091162,1.0,2.1385634530808972,1.3288413114043303,8,6,1,Rain,A,995.3862002886397,14.912919930389831
REC00724,Laura Martinez,3318293067.0,Libra,Black,Reading,09/06/2023 12:51:00,40.71733462074417,-73.89949790659148,40.71023350532461,-73.94666327111581,1.0,6.3386981500834105,3.938683208215479,8,4,0,Clear,A,769.5406020860198,17.4603831209704
REC00725,Charles Wilson,3042587854.0,Sagittarius,Blue,Cooking,09/06/2023 13:08:00,40.7745390972573,-73.96044528180234,40.708594492966,-73.9483940425671,1.0,3.662086542144608,2.275514376778937,10,2,0,,A,808.5999958519934,13.562539325090379
REC00726,Ana Torres,3267259246.0,Capricorn,Green,Music,09/06/2023 13:25:00,40.788376005831225,-74.04266830611665,40.77961160016974,-74.12694847680714,1.0,6.824077284775003,4.240283726517928,9,6,1,Clear,A,1272.8311656377814,21.07297645992273
REC00727,Carmen Lopez,3059047035.0,Scorpio,White,Hiking,09/06/2023 13:42:00,40.73799916168208,-73.97570069534775,40.70492304459718,-73.91733861573134,1.0,18.69488892845225,11.616461828361304,9,4,0,Clear,A,3037.822567480125,50.37667616853869
REC00728,Paula Torres,3335707461.0,Virgo,Gray,Gaming,09/06/2023 13:59:00,,-73.91232372013941,40.72415209111637,-73.93097361741494,2.0,1.348370841582128,0.8378385382047285,14,0,0,Rain,A,909.8739533828925,10.528948936924094
REC00729,Paula Moore,3927776958.0,Libra,Red,Gardening,09/06/2023 14:16:00,40.835748866687226,-74.01154652715269,40.81837913621963,-74.06554016714097,1.0,1.5469309068811912,0.9612180045396727,15,1,0,Rain,A,644.1374585582071,10.314786974734538
REC00730,Maria Hernandez,3420263463.0,Leo,Blue,Music,09/06/2023 14:33:00,40.708957428549425,-74.01289105507138,40.71087425815935,-73.99722584104263,1.0,8.501114797845892,5.2823462030523,7,3,0,Clear,A,1516.4107422491124,24.92542398448805
REC00731,Thomas Anderson,3298286465.0,Pisces,Red,Gardening,09/06/2023 14:50:00,40.722998260923525,-73.92300665949209,40.731991494997246,-73.92706699712785,4.0,5.237493429330968,3.2544265296768127,12,0,0,Rain,A,880.3606993701598,15.503746628417366
REC00732,Richard Lopez,3550741858.0,Leo,Gray,Sports,09/06/2023 15:07:00,40.7268729945917,-74.05180064635009,40.74071364280742,-74.0802339168746,3.0,6.417024498762124,3.9873529298203194,8,2,0,Clear,A,1146.7299917377807,17.713420865177838
REC00733,Elena Johnson,3027521246.0,Libra,Black,Photography,09/06/2023 15:24:00,40.83495273276693,-73.97007732819065,40.76301657418879,-73.98730233134454,1.0,0.59787591424453,0.37150275471003785,13,6,1,Clear,A,556.9698540496378,7.960215558687474
REC00734,Lucia Smith,3476264133.0,Taurus,Gray,Music,09/06/2023 15:41:00,40.651166218984095,-74.01088062208252,40.693803367470636,-74.01355334699682,1.0,2.1134970792851293,1.31326579365248,21,6,1,Rain,A,699.0504445984537,11.69919457546535
REC00735,Joseph Moore,3747010181.0,Pisces,Blue,Hiking,09/06/2023 15:58:00,,-74.00164112616707,40.74216257160671,-73.96911551625124,1.0,7.117653641206183,4.422703560689928,19,1,0,Rain,A,1526.4777861174787,25.041249508211727
REC00736,Maria Rodriguez,3016020081.0,Capricorn,Blue,Music,09/06/2023 16:15:00,40.74852506451295,-73.89483271438655,40.74812153299341,-73.9741798306362,3.0,6.674970436210757,4.147633054918715,17,2,0,Clear,A,1057.179165342087,19.47232190080052
REC00737,Marta Davis,3227142721.0,Gemini,Gray,Gardening,09/06/2023 16:32:00,40.840674511103245,-74.00404425612496,40.81581737652114,-73.99448999788527,,0.7740492878955361,0.48097178006893715,23,5,1,,A,261.14986254395615,4.998071113097288
REC00738,Carmen Moore,3397493309.0,Pisces,Black,Hiking,09/06/2023 16:49:00,40.76778145498634,-73.97392040432742,40.776647264575374,-73.92454846729535,2.0,5.381208522029333,3.3437269205418887,1,3,0,,A,993.7452337170824,18.169140544942106
REC00739,Elena Lopez,3496833481.0,Scorpio,Gray,Sports,09/06/2023 17:06:00,40.64243063408476,-73.92842632184816,40.587546184195,-73.95286931841866,2.0,,1.438880262789753,22,6,1,Clear,A,60.0,6.246386266038535
REC00740,Laura Ramirez,3789665241.0,Pisces,Purple,Dancing,09/06/2023 17:23:00,40.830574425471674,-74.04410672896532,40.87705158787481,-74.02166348202985,3.0,500.0,1.6839602135021265,8,5,1,Clear,A,754.6321927186503,10.625004058705931
REC00741,Isabel Anderson,3881734451.0,Aries,Yellow,Gardening,09/06/2023 17:40:00,40.738199531191974,-73.938201537842,40.72742028281562,-73.91806020771509,1.0,3.2770002792298465,2.0362329405053288,9,2,0,Clear,A,357.6619021118468,10.567611058696999
REC00742,Michael Hernandez,3305456868.0,Capricorn,Yellow,Cooking,09/06/2023 17:57:00,40.64796566408856,-74.00240694618651,40.662981822598574,-73.94596661625229,1.0,1.285429027351436,0.7987283201543891,19,1,0,,A,574.8040662243184,6.580473888328127
REC00743,Lucia Brown,3450096508.0,Capricorn,Gray,Dancing,09/06/2023 18:14:00,40.72972872915177,-74.04400944920411,40.70571046438052,-74.03696755543506,1.0,3.3474185492385655,2.0799888113589167,10,6,1,Rain,A,711.4977864949057,13.967302742113073
REC00744,Marta Hernandez,3440585382.0,Taurus,Red,Reading,09/06/2023 18:31:00,40.75180513028728,-74.00461778872697,40.80163186960191,-73.98351223244092,5.0,8.347423599085621,5.186846949187432,23,3,0,Clear,A,1073.9241557723324,20.747956365079617
REC00745,Robert Garcia,3429950827.0,Leo,Red,Hiking,09/06/2023 18:48:00,40.69754249386013,-73.97689087136601,40.656380005067184,-73.9449321590574,1.0,2.703191741228616,1.6796849554389666,22,0,0,Clear,A,802.8634721030053,12.832751656276258
REC00746,Robert Davis,3099512915.0,Sagittarius,Blue,Dancing,09/06/2023 19:05:00,40.67343019678346,-73.96799347458906,40.5945005469693,-73.94947587078904,3.0,3.985692514675387,2.47659374353636,9,0,0,Rain,A,1297.6397878389662,15.198571421696032
REC00747,Isabel Taylor,3370687188.0,Aries,Yellow,Gardening,09/06/2023 19:22:00,40.76482957846691,-74.01745082254722,40.805716904227786,-74.0442381096372,,5.796476065085231,3.601762129038075,18,1,0,Rain,A,1121.029016566878,18.75734715672078
REC00748,James Ramirez,3828523465.0,Taurus,Green,Gardening,09/06/2023 19:39:00,40.68780907572069,-73.99080218891974,40.65252361799857,-74.01266043190374,5.0,5.423282654233818,3.3698705661439217,0,1,0,,A,1323.941115022781,17.962667354074817
REC00749,Charles Smith,3244341207.0,Capricorn,Orange,Reading,09/06/2023 19:56:00,40.698702292779544,-74.04963985621035,40.696605154695845,-74.04161990830013,1.0,2.7029430103081893,1.67953040125821,23,6,1,,A,955.6682796223802,12.566528618532834
REC00750,David Hernandez,3432633998.0,Virgo,Red,Gardening,09/06/2023 20:13:00,40.817866837627946,-74.01538911434395,40.86461839716342,-73.98936403646046,3.0,,2.291863746548476,13,5,1,Snow,A,1118.4070773417372,15.69937496553857
REC00751,Carmen Taylor,3439963371.0,Gemini,White,Reading,09/06/2023 20:30:00,40.73347224900999,-74.04809995605699,40.72131355899487,-74.03795574368293,2.0,4.761495981336341,2.9586555194189437,8,1,0,Clear,A,618.750597109633,13.051842370216896
REC00752,Michael Smith,3482124793.0,Sagittarius,White,Hiking,09/06/2023 20:47:00,,-73.9839639468962,40.696948655972584,-74.01505134364288,,3.264461221678699,2.0284415337757147,4,5,1,Rain,A,833.1451466579754,13.11877760561373
REC00753,Michael Smith,3416794213.0,Gemini,Orange,Reading,09/06/2023 21:04:00,40.705220878418636,-74.02187508925057,40.72966997541402,-74.02923507629006,1.0,4.062391435867474,2.5242522288964087,11,2,0,Clear,A,602.56313095545,13.641303377248658
REC00754,Robert Thomas,3400325435.0,Cancer,Black,Sports,09/06/2023 21:21:00,40.769310376288644,-73.87626440491535,40.77021191784983,-73.91787660410644,3.0,16.61325209878069,10.322993069871456,19,6,1,Clear,A,2289.7024421401484,42.223751800553394
REC00755,Paula Perez,3273354735.0,Sagittarius,Red,Sports,09/06/2023 21:38:00,,-73.96085407434789,40.81012926805944,-73.94321604585299,2.0,8.081147820858064,5.021390902594396,17,0,0,Clear,A,1321.1436645512324,23.394926606907468
REC00756,James Wilson,3302698525.0,Aquarius,Purple,Travel,09/06/2023 21:55:00,40.78328565109941,-74.06131379360203,40.80444748153833,-74.00193043339412,1.0,11.67685036593607,7.255656188732062,16,0,0,Clear,A,1608.2617705479613,32.466777159005936
REC00757,William Johnson,3556752396.0,Aquarius,Green,Photography,09/06/2023 22:12:00,40.790213849900844,-74.01731368438135,40.76339310859612,-74.001508666042,2.0,4.995349773564714,3.1039654841496795,19,6,1,Rain,A,1317.1565092989172,18.711416439675745
REC00758,John Thomas,3976665115.0,Libra,Green,Gaming,09/06/2023 22:29:00,40.766676159278646,-73.9448772350248,40.78862900102945,-74.00354198108646,1.0,5.584529645973177,3.470064770647999,7,0,0,Rain,A,1211.746674514532,19.42214442143466
REC00759,Ana Johnson,3559019088.0,Pisces,Pink,Cooking,09/06/2023 22:46:00,40.7804010679874,-73.9677701547692,40.77937020457867,-73.96461839393149,1.0,2.4846189576821516,1.5438701663539163,0,3,0,Clear,A,323.97304508164973,7.782938133959677
REC00760,John Moore,3857186757.0,Leo,Blue,Reading,09/06/2023 23:03:00,40.72621928145621,-74.05855244224426,40.72533232092229,-74.05899006128975,,9.424237783092025,5.855948055517675,3,4,0,Clear,A,1540.9224349687402,28.507419556322223
REC00761,William Thomas,3624058305.0,Scorpio,Red,Travel,09/06/2023 23:20:00,40.69410899843244,-74.01936261113848,40.70408154150235,-74.0352774197493,1.0,0.6768698214702289,0.42058727783677763,11,1,0,Rain,A,504.33314137304797,6.778866149192213
REC00762,Elena Ramirez,3025453773.0,Virgo,Yellow,Cooking,09/06/2023 23:37:00,40.81789815541092,-73.94783543833684,40.845514546193506,-74.0091814578168,1.0,15.099246650208382,9.382233990286633,15,3,0,Clear,A,2327.0562413584794,40.29287128637512
REC00763,Marta Thomas,3125858170.0,Virgo,Pink,Dancing,09/06/2023 23:54:00,40.79401273190196,-73.96143829354958,40.76513241176062,-73.94708148120942,6.0,5.802830276451793,3.605710451709127,4,4,0,Clear,A,976.8025164134913,17.2807974816486
REC00764,Marta Wilson,3820073024.0,Cancer,Blue,Gaming,10/06/2023 00:11:00,40.73592820766505,-73.9511905361224,40.77509212723453,-73.9227636618362,,2.6353182158725157,1.637510315114921,17,6,1,Clear,A,277.8012808544601,7.141411331082627
REC00765,Isabel Hernandez,3097067745.0,Leo,Gray,Travel,10/06/2023 00:28:00,,-73.99399992995693,40.754099024169385,-74.02051951121331,1.0,7.081725415345189,4.400378803058455,17,6,1,,A,1169.5059696889623,18.23248253733761
REC00766,Michael Brown,3374695677.0,Virgo,Pink,Cooking,10/06/2023 00:45:00,40.864306980257,-74.02282894565046,40.845335757415384,-74.04964091921147,1.0,1.8689568529385432,1.1613155886672755,18,1,0,Rain,A,503.2712224407609,7.080530224537739
REC00767,James Lopez,3196147078.0,Cancer,Green,Travel,10/06/2023 01:02:00,40.70477587916401,-74.04380103903868,40.757534845647704,-74.05332470923487,1.0,4.250092812875518,2.640884421229274,12,4,0,Clear,A,767.3423369062228,13.729402762634525
REC00768,Richard Torres,3964574775.0,Aries,Orange,Music,10/06/2023 01:19:00,40.76136148625697,-73.93252094947323,40.756159366872375,-73.8802386255403,4.0,2.6123924680436272,1.6232649202607368,0,0,0,Clear,A,417.1943592313531,8.237355972165735
REC00769,Sofia Anderson,3900685647.0,Virgo,Orange,Gardening,10/06/2023 01:36:00,,-73.88282168977913,40.733506342153404,-73.89132481196482,1.0,3.133663272600801,1.9471674813592323,7,6,1,,A,706.6578817966213,12.516695809781007
REC00770,Joseph Taylor,3605614866.0,Gemini,Red,Dancing,10/06/2023 01:53:00,40.72944050388106,-73.96614974668594,40.71559061390754,-73.98912372125741,2.0,4.324949468958749,2.6873981764763673,0,4,0,Clear,A,758.6598719460868,14.34957113792643
REC00771,Sofia Davis,3742162585.0,Gemini,White,Reading,10/06/2023 02:10:00,40.712488432918875,-73.93321047231899,40.737073337407885,-73.94519290143165,1.0,9.562498220541055,5.941859081795816,19,1,0,Rain,A,1814.3466793811012,27.188711705682394
REC00772,James Wilson,3432605103.0,Libra,Orange,Travel,10/06/2023 02:27:00,40.6417904876276,-74.0199494903668,40.628441852626885,-74.00258138330284,3.0,4.158132570708673,2.583742993593819,6,3,0,Clear,A,629.628052323731,13.764568727738476
REC00773,Richard Moore,3956525624.0,Scorpio,Green,Gaming,10/06/2023 02:44:00,40.76950814419338,-73.98104270482693,40.774300265075965,-74.0417359401676,2.0,1.4193779527602712,0.8819602978846025,18,1,0,Clear,A,60.0,5.4253785575323805
REC00774,Marta Sanchez,3466282091.0,Pisces,Pink,Music,10/06/2023 03:01:00,40.78283936419548,-73.98314782542322,40.70427741984815,-73.99010257315543,3.0,2.451278377655572,1.5231532968022203,2,4,0,Clear,A,331.379109420216,8.252081899959588
REC00775,Ana Sanchez,3680230958.0,Libra,Yellow,Music,10/06/2023 03:18:00,40.71676876806352,-73.96075149582171,40.70261382035263,-73.97118576891745,4.0,2.294303506362334,1.42561366405187,20,5,1,Clear,A,506.9128655653974,11.056404325527398
REC00776,Thomas Sanchez,3828675811.0,Capricorn,Red,Gaming,10/06/2023 03:35:00,40.880314906598436,-73.97611882482761,40.86335844971432,-73.97936248436332,4.0,15.460656078935504,9.606803328424233,17,4,0,Clear,A,2433.5358811645287,42.29328294599912
REC00777,John Johnson,3780902503.0,Aries,Black,Gardening,10/06/2023 03:52:00,,-73.8411466275655,40.7074236264228,-73.86201642509197,6.0,2.283272239548879,1.4187591547607266,20,1,0,Fog,A,535.3384684587317,9.973297947176475
REC00778,Sofia Davis,3543457513.0,Scorpio,Blue,Sports,10/06/2023 04:09:00,40.758363724992,-73.94001875637777,40.781416780104934,-73.97994485396713,2.0,5.113220986466967,3.1772072375819658,17,0,0,Rain,A,1274.1721155961595,18.154784687651176
REC00779,Michael Moore,3034881701.0,Taurus,Pink,Hiking,10/06/2023 04:26:00,40.769347528547385,-73.91503523772225,40.757778929515254,-73.88706702193083,2.0,4.094071920353894,2.5439375632222196,23,6,1,Fog,A,748.7932682948287,13.93539520761443
REC00780,John Sanchez,3995257211.0,Libra,White,Photography,10/06/2023 04:43:00,40.7203513270833,-73.96645856198035,40.66581076182503,-74.02160923509301,1.0,3.109466189888993,1.9321321158775133,20,1,0,Clear,A,629.6974189208925,10.552957278464193
REC00781,William Torres,3467899764.0,Gemini,Purple,Reading,10/06/2023 05:00:00,40.7011196441713,-74.08629576562491,40.719168772867256,-74.03935341896154,1.0,,1.241804613174888,5,5,1,,A,640.2313887906857,10.24688212064434
REC00782,Laura Thomas,3137209788.0,Virgo,Purple,Reading,10/06/2023 05:17:00,40.711932728410105,-73.95758418983789,40.74461755415057,-73.9471503645335,1.0,1.5847946409467129,0.9847454308396999,19,1,0,Snow,A,1058.0876463761285,12.21289047096375
REC00783,Elena Hernandez,3068297912.0,Cancer,White,Sports,10/06/2023 05:34:00,40.72274558505957,-73.92523722110312,40.718711666199226,-73.90480047809301,2.0,6.473897149576569,4.022691945729542,13,4,0,Clear,A,1330.8444594023804,21.840306485186293
REC00784,James Thomas,3041302817.0,Virgo,White,Dancing,10/06/2023 05:51:00,,-73.91032692598213,40.73274132262004,-73.90843257913106,1.0,8.881131294985517,5.518477433896446,6,2,0,Snow,A,1658.6803265535996,26.63374224915857
REC00785,Maria Thomas,3181231323.0,Virgo,Red,Travel,10/06/2023 06:08:00,40.73111026600268,-73.98336102824517,40.674593195801236,-73.94801194463975,1.0,1.4755467082605598,0.9168619336585723,10,4,0,Clear,A,415.2221469603319,7.521227110082031
REC00786,Michael Hernandez,3838269647.0,Gemini,Orange,Reading,10/06/2023 06:25:00,40.780936471335714,-74.05176022361825,40.744199807885764,-74.03567162942585,,4.450680201502826,2.7655236074880127,20,4,0,,A,792.9425110492281,14.199943206449575
REC00787,Sofia Taylor,3271080171.0,Aries,Green,Gaming,10/06/2023 06:42:00,40.68692042206348,-73.99446403735594,40.66202844507364,-73.95532100122932,1.0,3.821569581959041,2.3746125127114714,4,4,0,Rain,A,1225.3108531085436,15.70127764312069
REC00788,Thomas Smith,3042953784.0,Capricorn,Gray,Sports,10/06/2023 06:59:00,40.717785187456116,-74.05249200948258,40.769077099012655,-74.02711220451894,,1.2834997415856277,0.7975295179288031,12,5,1,Clear,A,380.19309770980556,7.846760502366691
REC00789,Michael Miller,3854527860.0,Gemini,Green,Dancing,10/06/2023 07:16:00,40.71438531620706,-73.91564321475343,40.708261584978004,-73.8821075942829,1.0,2.4905633737915474,1.5475638541362275,12,4,0,Fog,A,505.1701476117339,8.963365913780708
REC00790,David Thomas,3431917526.0,Cancer,Red,Photography,10/06/2023 07:33:00,40.55914783069117,-73.95730682980923,40.52096975237602,-73.97874988653666,,7.530750267457354,4.679389824440244,0,5,1,,A,1449.106518027426,24.357749486819717
REC00791,Thomas Davis,3488554070.0,Leo,Green,Reading,10/06/2023 07:50:00,,-74.00562198978305,40.708652992030046,-74.01704175083582,1.0,12.88102605584642,8.003896041347346,1,0,0,,A,2079.7206676059145,35.783708579576924
REC00792,Elena Davis,3469105137.0,Pisces,Yellow,Cooking,10/06/2023 08:07:00,40.69811969756234,-73.94289360055043,40.7302389669165,-73.94241085517297,1.0,13.724100836495873,8.527758260874277,17,5,1,Clear,A,1977.9726060232606,37.05414386156507
REC00793,Thomas Wilson,3293642348.0,Gemini,Black,Hiking,10/06/2023 08:24:00,40.77285586153821,-73.906543200904,40.7895110417177,-73.90643933185261,1.0,3.606500709893894,2.2409749526074787,3,3,0,Clear,A,462.7286125561585,9.484154481049833
REC00794,Marta Rodriguez,3606250119.0,Pisces,Blue,Reading,10/06/2023 08:41:00,40.786630804679255,-73.94079201824555,40.78803153210576,-73.92353337875691,1.0,5.316591784891137,3.303575953969591,13,6,1,Clear,A,908.9610824328856,16.72426906727876
REC00795,Sofia Martinez,3192459080.0,Taurus,White,Photography,10/06/2023 08:58:00,40.679986974939574,-73.88001571386457,40.674928563495584,-73.90250652799595,1.0,3.805528763752016,2.364645213461354,4,1,0,Fog,A,527.7654060766203,13.315393205404913
REC00796,David Gonzalez,3833756057.0,Libra,Red,Travel,10/06/2023 09:15:00,40.737727781723095,-74.02427646671069,40.73783837645445,-74.02446401801122,3.0,8.409021261173397,5.225121950076574,15,1,0,Clear,A,1368.23241325627,23.21336833331688
REC00797,John Miller,3346402376.0,Scorpio,Gray,Travel,10/06/2023 09:32:00,40.68601403266026,-73.93135020408337,40.6906892874031,-73.91253779747636,2.0,6.935630730551456,4.309599802673489,19,2,0,Rain,A,1158.0055438171478,20.088298943741446
REC00798,Richard Johnson,3080508040.0,Scorpio,Red,Dancing,10/06/2023 09:49:00,40.76622433371684,-74.05295549317802,40.760397505451145,-74.11041883130922,2.0,7.223838462765929,4.488683729447328,2,0,0,Rain,A,1401.8241014519672,22.383662059894128
REC00799,Carmen Hernandez,3908003814.0,Leo,Yellow,Photography,10/06/2023 10:06:00,40.71564836917008,-73.88530479162738,40.71871329991149,-73.85360279879438,2.0,2.1535775594506963,1.3381706416934387,19,5,1,Clear,A,429.4082541761408,8.84586493302646
REC00800,Sofia Martinez,3926037203.0,Capricorn,Pink,Cooking,10/06/2023 10:23:00,40.723297634969754,-73.94359531333382,40.714278104420416,-73.88224543148394,1.0,3.485324490306251,2.1656795638660857,13,5,1,Clear,A,694.3116938803049,11.825940792560182
REC00801,Isabel Taylor,3306954116.0,Pisces,Green,Reading,10/06/2023 10:40:00,40.73916031239938,-73.99867364150136,40.71349013837399,-74.02613457445436,4.0,,4.764969641743569,4,5,1,Clear,A,1222.0578540984768,22.575266958371646
REC00802,Joseph Johnson,3938245176.0,Pisces,Yellow,Cooking,10/06/2023 10:57:00,40.76429581044219,-74.03778702671299,40.75639028581628,-73.99339701105713,3.0,,8.125243514022255,11,2,0,Clear,A,1923.1316114816177,35.91300353777688
REC00803,Maria Taylor,3849417677.0,Leo,White,Gardening,10/06/2023 11:14:00,40.7527551038197,-74.00699639961819,40.76265960203312,-74.00019827995727,1.0,9.96377833012218,6.1912029047663495,12,1,0,,A,1842.0850938286458,30.84064948264173
REC00804,Charles Garcia,3706991320.0,Scorpio,Black,Reading,10/06/2023 11:31:00,40.769660106600114,-73.9929745406895,40.74783342468494,-74.01953986516,1.0,1.7295289364935482,1.0746791247979326,15,5,1,Clear,A,508.02171856423695,8.044493846326002
REC00805,Marta Johnson,3253107325.0,Scorpio,Purple,Hiking,10/06/2023 11:48:00,40.78593846977557,-73.96919167819121,40.79856807613957,-73.9443593205915,1.0,0.9974459693901926,0.6197839994459534,15,2,0,Clear,A,363.38755311240857,6.304495180161697
REC00806,James Anderson,3970035601.0,Pisces,Yellow,Photography,10/06/2023 12:05:00,40.74334441863176,-73.9808516041482,40.768234891560425,-73.92266214672081,2.0,8.169321124174383,5.07617923624936,18,4,0,Clear,A,1373.037688293997,25.305665329125876
REC00807,Maria Lopez,3821114489.0,Pisces,Black,Gaming,10/06/2023 12:22:00,,-74.01167915906673,40.7084555652454,-74.02377210622456,,2.1970547339616986,1.3651860970965146,21,6,1,Clear,A,465.45081391459445,6.8399586022137
REC00808,Isabel Garcia,3750983007.0,Libra,Purple,Music,10/06/2023 12:39:00,40.669935136489855,-73.92212736667109,40.653085586889375,-73.95411643389382,2.0,16.04582137698234,9.970408074836893,3,4,0,Rain,A,2505.736828168565,42.92190511848567
REC00809,Charles Smith,3673344628.0,Gemini,White,Hiking,10/06/2023 12:56:00,40.71185827754613,-74.06496205427865,40.71473866522906,-74.13200050789497,1.0,7.973544402813792,4.954529259120808,12,6,1,Clear,A,1049.818730930945,21.77849145214315
REC00810,Michael Smith,3546077933.0,Cancer,Blue,Photography,10/06/2023 13:13:00,40.76124227809226,-73.9513352282413,40.765846602164956,-73.95567624924983,1.0,,3.956052569158987,17,1,0,Clear,A,901.4644104588627,16.73197498597557
REC00811,Robert Ramirez,3909887982.0,Scorpio,Purple,Gardening,10/06/2023 13:30:00,40.6808458078698,-73.9707138706893,40.68682452027233,-73.96581647139777,1.0,3.3791127144439375,2.0996826464867437,12,2,0,Snow,A,1020.8567898419828,13.94672431629389
REC00812,Sofia Johnson,3169385980.0,Taurus,Black,Sports,10/06/2023 13:47:00,40.803689209323515,-73.98034964281003,40.84838959894116,-73.92592194541301,6.0,5.8702183792822655,3.6475834645530005,11,4,0,Rain,A,1367.9260099350581,20.787278248264766
REC00813,Paula Johnson,3436276758.0,Gemini,White,Gardening,10/06/2023 14:04:00,40.697455656554254,-73.94849363161657,40.66271382482742,-73.89267858998939,1.0,2.2270149757663606,1.3838025225069193,18,0,0,Clear,A,249.95355468803592,7.235685157177608
REC00814,Isabel Taylor,3306752014.0,Virgo,Gray,Hiking,10/06/2023 14:21:00,,-74.01338792638266,40.750559540129835,-74.0332814315765,3.0,4.884577362089225,3.035134720058744,16,0,0,,A,583.6712317612711,14.830535729367584
REC00815,Maria Johnson,3676422885.0,Taurus,Yellow,Gaming,10/06/2023 14:38:00,40.82381626170849,-74.01848732569674,40.81181218763855,-73.9942583801459,3.0,8.909317801322299,5.535991711525439,9,1,0,Fog,A,1493.3128809498867,25.539818770412616
REC00816,Robert Lopez,3278007243.0,Gemini,Blue,Travel,10/06/2023 14:55:00,40.740887730128776,-73.99447810024525,40.703517866054185,-74.0290055535576,1.0,3.3209296513867392,2.0635293784118294,6,3,0,Clear,A,480.41860218020565,10.170847322611683
REC00817,David Wilson,3558332795.0,Aquarius,Red,Hiking,10/06/2023 15:12:00,40.695395674601905,-74.00632869501307,40.65765777880501,-74.00414060412722,1.0,4.08609618153495,2.5389816704165535,20,3,0,,A,1130.5198721460229,16.01235638692874
REC00818,Elena Brown,3232971152.0,Aquarius,Red,Travel,10/06/2023 15:29:00,,-73.99184892498431,40.6508133946451,-73.99574769071299,3.0,0.7077082189043095,0.4397493636887897,13,2,0,Clear,A,194.28368177382777,5.007199850296821
REC00819,Paula Ramirez,3348960865.0,Sagittarius,Pink,Photography,10/06/2023 15:46:00,40.77030758984129,-73.94399871952162,40.72818306466275,-73.9702827330542,2.0,4.409719691975605,2.7400719347225735,6,1,0,Snow,A,1128.5200378723334,14.841987570984532
REC00820,Thomas Miller,3744751766.0,Gemini,Pink,Cooking,10/06/2023 16:03:00,40.765509536737206,-73.97447880059319,40.774471080049345,-73.97808892145852,1.0,5.361741886498738,3.331630917755607,20,1,0,Fog,A,750.4035720297859,15.941098879833149
REC00821,Joseph Ramirez,3196505187.0,Libra,Pink,Hiking,10/06/2023 16:20:00,40.77880432972517,-73.97851403840028,40.78274854765103,-73.95322055203904,,7.473881192266535,4.644053030319849,0,4,0,Rain,A,1238.8408025224091,20.550975478256177
REC00822,Isabel Ramirez,3263293882.0,Aquarius,Orange,Reading,10/06/2023 16:37:00,40.7556545327454,-73.96843840485027,40.72991209552527,-73.93554672330963,1.0,11.69130316932254,7.264636741625115,13,4,0,Clear,A,1656.7451450963351,30.959381002494183
REC00823,James Wilson,3319044983.0,Capricorn,Pink,Travel,10/06/2023 16:54:00,40.72317588947925,-73.99651097084947,40.748258218366516,-74.00085951899342,1.0,3.474047935445098,2.158672639695456,2,6,1,Snow,B,855.3500258739416,11.53466726377379
REC00824,Michael Hernandez,3368403772.0,Aquarius,Gray,Photography,10/06/2023 17:11:00,40.71068161588664,-73.93482681955206,40.67523537168223,-73.9374386412773,1.0,1.328618838643749,0.8255652163869049,8,0,0,Clear,A,614.396239354404,9.458897537158673
REC00825,David Davis,3476047185.0,Pisces,Red,Hiking,10/06/2023 17:28:00,40.752086205696905,-73.95172565473116,40.735613893168996,-74.00690643949885,2.0,3.7850346155239323,2.3519107440827214,10,0,0,Clear,A,520.4380833763131,10.005577622733023
REC00826,Thomas Johnson,3593916647.0,Virgo,Blue,Reading,10/06/2023 17:45:00,40.79949825791594,-73.97972208719357,40.766760597249274,-73.97150620064491,1.0,7.709375380397397,4.790382289492911,22,1,0,Clear,A,1279.2113515520855,23.55180605021195
REC00827,John Hernandez,3861841005.0,Taurus,Yellow,Travel,10/06/2023 18:02:00,40.60202844784808,-74.03662617727612,40.624974266418626,-74.04459086383012,3.0,0.123962395796232,0.07702663783830048,14,6,1,Clear,A,77.67810820796149,3.566532341272129
REC00828,Marta Smith,3238209128.0,Taurus,Orange,Reading,10/06/2023 18:19:00,40.796934596293134,-73.91453223450691,40.83244094475918,-73.91724360715976,1.0,1.762363155844614,1.0950813565103237,22,4,0,Fog,A,599.3600454389515,9.337162890180522
REC00829,Joseph Miller,3282268985.0,Taurus,Orange,Hiking,10/06/2023 18:36:00,40.7354750879119,-73.94677302629458,40.742932673039874,-73.9612151169728,1.0,2.093900503747131,1.3010890499138588,4,4,0,Rain,A,703.6413399481249,11.610292356929524
REC00830,David Davis,3286500505.0,Capricorn,Yellow,Photography,10/06/2023 18:53:00,40.741637425809756,-73.95164417693894,40.81781526544434,-73.98011125028208,3.0,2.2931708119092002,1.4249098405668317,18,1,0,,A,288.909306385404,6.54683273617543
REC00831,Carmen Moore,3140778416.0,Pisces,Orange,Reading,10/06/2023 19:10:00,40.78476197520623,-73.89503922991545,40.79813398649431,-73.92124111722826,3.0,2.6410902036827366,1.6410968609525458,3,0,0,Clear,A,978.2726568332356,12.516805936648057
REC00832,Laura Anderson,3948480303.0,Taurus,Blue,Dancing,10/06/2023 19:27:00,40.741461398136934,-73.94522600248413,40.76042726971357,-73.96552653938193,1.0,2.7237436441830494,1.6924553119296657,19,4,0,Clear,A,464.3360050476356,10.530473633724691
REC00833,James Perez,3434795531.0,Scorpio,Red,Hiking,10/06/2023 19:44:00,40.76128957470484,-73.98242726065328,40.79148522341403,-74.02222995564462,,5.968115701656972,3.7084140216542942,12,3,0,Rain,A,1107.6124713010527,21.02312774486921
REC00834,Joseph Perez,3656811167.0,Scorpio,Yellow,Music,10/06/2023 20:01:00,40.6683055884906,-74.00553265560025,40.64813551304885,-73.9967898579994,2.0,7.391133272316806,4.5926358725527665,5,2,0,,A,1307.7308476206867,22.76940724454546
REC00835,Laura Moore,3829828666.0,Capricorn,Pink,Hiking,10/06/2023 20:18:00,40.736128947554285,-74.00748085657477,40.74837893046244,-73.9906669569906,2.0,12.500974637466495,7.767743111457193,21,5,1,Clear,A,1901.7591620603007,33.18184440136013
REC00836,Robert Rodriguez,3029945237.0,Cancer,Green,Sports,10/06/2023 20:35:00,40.77532028199553,-73.96621460740226,40.74631176845506,-73.97034711110742,1.0,6.279867911409653,3.9021278039805276,6,5,1,Clear,A,747.4488490939144,16.758303384932585
REC00837,Isabel Hernandez,3073285427.0,Gemini,Orange,Gardening,10/06/2023 20:52:00,40.7304176917535,-73.93166642342872,40.69087468572464,-73.92636483423898,3.0,1.0782054323980181,0.6699655877345889,15,0,0,Clear,A,346.78204768806944,7.757066904696683
REC00838,Lucia Wilson,3631936917.0,Scorpio,Green,Cooking,10/06/2023 21:09:00,40.73341817378263,-73.93110281093362,40.766184534374965,-73.93798784530196,3.0,3.67990128845457,2.2865839435083046,7,5,1,Clear,A,512.4105967650711,12.454931794582365
REC00839,William Perez,3280340567.0,Sagittarius,Gray,Music,10/06/2023 21:26:00,40.75820229866429,-74.0490234933582,40.73270303684907,-74.01475393888265,3.0,7.033713068890078,4.370545323329297,23,3,0,Clear,A,1095.1815505546108,18.098727481088805
REC00840,John Davis,3971868892.0,Gemini,Black,Gaming,10/06/2023 21:43:00,40.77155499067268,-73.93377121963216,40.777056995583976,-73.93214958726374,1.0,,2.2193555503600666,8,1,0,,A,1004.255324266674,14.661569320635548
REC00841,Elena Perez,3461752103.0,Virgo,White,Hiking,10/06/2023 22:00:00,40.82608297435824,-73.9948160464085,40.87502930098612,-73.98648619660952,1.0,1.4877454243140322,0.9244418620514345,8,6,1,Clear,B,426.5521936734237,8.266562054679982
REC00842,James Ramirez,3746584381.0,Cancer,Black,Reading,10/06/2023 22:17:00,40.77197789869668,-74.00941836943718,40.71764687189797,-73.98531076863416,1.0,9.14535050952934,5.682655591456756,18,1,0,Clear,A,1546.9699368331994,26.46255048323694
REC00843,Maria Gonzalez,3255995959.0,Gemini,Purple,Reading,10/06/2023 22:34:00,40.817575791590926,-73.96169733673987,40.8371110880515,-73.96241336689822,3.0,5.2470248898372915,3.2603491028230875,22,2,0,Fog,A,572.1153268796606,13.223512371186608
REC00844,Elena Ramirez,3223539690.0,Capricorn,Yellow,Photography,10/06/2023 22:51:00,40.74514956185374,-73.94061608635653,40.74449304799444,-73.89882248646828,1.0,8.840676736696858,5.493340144558064,18,6,1,Snow,A,1715.0712895032027,29.071560912669465
REC00845,Richard Moore,3611153890.0,Pisces,Yellow,Photography,10/06/2023 23:08:00,40.63157241093173,-74.04166100848242,40.62946139519159,-74.06160080499986,1.0,6.199067775338179,3.8519209426296595,20,4,0,Rain,A,1017.8743927994823,18.22425990531922
REC00846,Sofia Garcia,3962241299.0,Pisces,Yellow,Hiking,10/06/2023 23:25:00,40.728594756657955,-73.96913127758963,40.73038231792703,-73.91734965799037,4.0,6.401524890587123,3.9777219227890113,10,3,0,Clear,A,1368.4768902327219,22.498707131679
REC00847,James Gonzalez,3476111915.0,Sagittarius,Pink,Gardening,10/06/2023 23:42:00,40.70949587472623,-74.06106054004682,40.71002092344477,-74.06696290113295,1.0,4.0605670918539785,2.5231186344323984,15,5,1,Rain,A,882.5950216641993,13.835869672251865
REC00848,Robert Wilson,3152969740.0,Sagittarius,Red,Photography,10/06/2023 23:59:00,40.74684751168263,-73.94040437847323,40.76254629482817,-73.95998293428076,1.0,3.199862652250365,1.9883018560914614,8,4,0,Fog,A,635.3030266897906,11.43302158276547
REC00849,Laura Garcia,3305791428.0,Aquarius,Gray,Travel,11/06/2023 00:16:00,40.73394120761468,-74.03547925244786,40.70240152882212,-74.08254290616027,4.0,2.0520313111803246,1.2750727478594295,14,5,1,Clear,C,404.4704770193665,8.202194046805399
REC00850,Sofia Martinez,3217464677.0,Capricorn,Purple,Hiking,11/06/2023 00:33:00,40.763170097759954,-73.97046265517318,40.77823473423456,-73.94431668739001,1.0,5.93064484975904,3.6851307209396245,10,5,1,Clear,A,964.0496513256765,18.649465110620138
REC00851,Joseph Garcia,3405747537.0,Sagittarius,Green,Photography,11/06/2023 00:50:00,40.71648310595365,-73.99832167630063,40.68265585548357,-74.00928610628004,4.0,2.4069486105564577,1.4956080650900767,7,5,1,Rain,A,5.0,11.200050160863302
REC00852,Robert Davis,3931494392.0,Aquarius,Gray,Sports,11/06/2023 01:07:00,,-74.00852268537984,40.8239014262348,-74.00421551226212,1.0,1.5615992693693794,0.9703324996073207,2,3,0,Rain,A,411.7238115334044,7.616929935422613
REC00853,Charles Brown,3815954379.0,Aquarius,Pink,Photography,11/06/2023 01:24:00,40.76848568952553,-74.08002321474349,40.765335739381,-74.07218575532198,1.0,1.2026037377524181,0.7472630871309578,13,6,1,Rain,A,821.6248942456671,7.705510625305117
REC00854,Joseph Sanchez,3214279663.0,Leo,Orange,Gaming,11/06/2023 01:41:00,,-74.04995717330233,40.75715373499972,-74.06458776780761,1.0,6.543041379183978,4.065656164824928,5,1,0,Clear,A,1239.5505766007595,20.131877515455567
REC00855,John Taylor,3956566045.0,Libra,Pink,Gardening,11/06/2023 01:58:00,40.67683534101485,-73.98375928982252,40.7299592241591,-73.95155732275347,4.0,1.2728839063428303,0.7909331457681509,4,1,0,Clear,A,407.9931764193896,4.436820887310339
REC00856,Laura Sanchez,3758833856.0,Capricorn,White,Photography,11/06/2023 02:15:00,,-74.02650597208496,40.77145007238023,-74.01285961579313,,6.894860855247734,4.28426658448614,10,6,1,Clear,A,1140.4977749246373,20.11988076107059
REC00857,Joseph Wilson,3861359467.0,Leo,Purple,Photography,11/06/2023 02:32:00,,-73.99593125359269,40.780649260115695,-74.02148158849977,1.0,7.707172178968284,4.7890132840177015,9,4,0,Clear,A,1386.1158495899288,22.916123171836585
REC00858,Thomas Brown,3282858462.0,Taurus,Purple,Gaming,11/06/2023 02:49:00,40.74043444387497,-74.0193407112912,40.69813302084887,-74.05966485835357,2.0,6.03351229598673,3.7490495688695704,19,4,0,Clear,A,894.229179896088,18.024601592925627
REC00859,Isabel Thomas,3396340151.0,Taurus,Orange,Reading,11/06/2023 03:06:00,,-73.99391395074268,40.63033858724038,-73.97047657726814,1.0,1.0971366295098455,0.6817288846151622,10,3,0,Clear,A,223.08396016296572,5.633574744888216
REC00860,David Torres,3612473486.0,Virgo,Pink,Gaming,11/06/2023 03:23:00,40.76510094640166,-74.04008617371919,40.72238175463722,-74.04731855680232,1.0,7.18745368941185,4.46607528644353,5,2,0,Clear,B,1415.6676168844092,24.547652680089513
REC00861,Lucia Wilson,3762098386.0,Pisces,Red,Photography,11/06/2023 03:40:00,40.72360462789323,-74.0038077697568,40.7475508190653,-73.98287061513885,1.0,4.552036114259902,2.8285032323537895,7,1,0,Clear,A,1043.3876465214366,17.541320147301633
REC00862,Maria Anderson,3101072877.0,Scorpio,Black,Sports,11/06/2023 03:57:00,40.722523260142744,-73.99339817457111,40.73960814985218,-74.00088696209488,4.0,2.6352327551245587,1.6374572122845021,23,3,0,Rain,A,528.4861580347842,11.372119326388576
REC00863,James Davis,3206167551.0,Scorpio,Blue,Music,11/06/2023 04:14:00,40.74608740207833,-73.97852344722824,40.73297370627283,-73.9721590474689,1.0,,1.3358587526125654,13,0,0,Clear,A,382.4817124272412,9.61055376770838
REC00864,Ana Rodriguez,3071842639.0,Aquarius,Pink,Photography,11/06/2023 04:31:00,40.822765279301336,-74.07124512999631,40.80756434442566,-74.0470825159755,4.0,3.746339328813297,2.327866615084047,12,6,1,Rain,A,1002.2930839482412,14.813484796921637
REC00865,Joseph Rodriguez,3601613674.0,Scorpio,Yellow,Photography,11/06/2023 04:48:00,40.7573469235117,-73.97743878453002,40.78646689054503,-74.02247515635212,2.0,7.143037193038703,4.438476163675652,2,6,1,Clear,A,1189.1073963607657,20.418079132422587
REC00866,Marta Johnson,3563866347.0,Aries,Gray,Reading,11/06/2023 05:05:00,40.74446689874098,-74.03559486905759,40.744315472698766,-73.985011898507,1.0,4.770531888300902,2.96427016996542,5,5,1,Clear,A,904.7363042918374,16.17698090583881
REC00867,Charles Torres,3721106309.0,Taurus,Blue,Sports,11/06/2023 05:22:00,40.72392579321402,-74.0483048532385,40.69790793120099,-74.0370359646625,2.0,6.7307349347617995,4.182283497147874,16,4,0,Clear,A,800.9701512700915,16.463262908875258
REC00868,Joseph Gonzalez,3955589052.0,Capricorn,Gray,Dancing,11/06/2023 05:39:00,40.75155502261331,-73.91843275788375,40.78375003691707,-73.97975360622227,3.0,3.0214169462836695,1.87742086932923,0,6,1,Fog,A,636.4544703205481,13.187728801712497
REC00869,James Brown,3200302793.0,Aquarius,Purple,Photography,11/06/2023 05:56:00,40.74994355401961,-73.94352371942374,40.74570022860578,-73.903080084114,1.0,3.523284639986714,2.189266900033185,10,1,0,Clear,A,845.8566605913265,11.307271885043047
REC00870,Joseph Martinez,3165091855.0,Aquarius,Gray,Music,11/06/2023 06:13:00,40.78015142771538,-73.9524502556074,40.8004699527534,-73.92279026929623,1.0,,1.3407254302336173,0,2,0,Clear,A,193.8720863100936,7.2491178713739135
REC00871,Maria Smith,3404165622.0,Leo,Black,Photography,11/06/2023 06:30:00,40.723426147104064,-73.9910392698682,40.72558002789724,-73.99673631244403,3.0,2.865283218242886,1.7804038986028001,13,6,1,,A,1111.3464046553609,14.25299542287489
REC00872,William Taylor,3481584884.0,Capricorn,Orange,Gardening,11/06/2023 06:47:00,40.709397287453136,-74.00904131465252,40.77172926211619,-73.96716837855935,1.0,7.8007715932861865,4.847173245691831,8,2,0,,A,1419.1174714835047,24.3029700387485
REC00873,Michael Gonzalez,3205798852.0,Pisces,Purple,Gardening,11/06/2023 07:04:00,40.72785674062629,-73.90563591333171,40.72165145649815,-73.92479931379225,1.0,,1.8840340744067257,9,0,0,Snow,A,1229.9826566384168,15.846373225415714
REC00874,James Thomas,3858755637.0,Virgo,Pink,Sports,11/06/2023 07:21:00,40.74564710405974,-73.97325729914593,40.685392869113855,-73.97716429400339,1.0,3.6939895149294264,2.2953379588812126,11,4,0,Rain,A,736.3213521346895,13.389396356664273
REC00875,Sofia Garcia,3586062187.0,Sagittarius,Black,Cooking,11/06/2023 07:38:00,40.748938272661796,-74.024943454925,40.74210308598106,-73.95461003195079,,5.038886718195451,3.1310180789718256,20,4,0,Snow,A,1210.5018859730428,18.750591329306236
REC00876,Joseph Perez,3356763328.0,Aries,Orange,Dancing,11/06/2023 07:55:00,40.74951220600939,-74.02974052230326,40.757504078687205,-74.01411409580115,1.0,3.6579258368689063,2.272929035181069,22,3,0,Rain,A,834.8884408281363,14.10688099580803
REC00877,Laura Johnson,3447521220.0,Taurus,Purple,Travel,11/06/2023 08:12:00,40.70045257826784,-73.96444089595376,40.7142451724199,-73.93192388821292,1.0,12.196794898819634,7.578734643074455,3,0,0,Clear,A,1533.3232248126083,29.31399613733731
REC00878,Paula Moore,3229587851.0,Aquarius,Black,Dancing,11/06/2023 08:29:00,40.74572757445338,-73.99740115774438,40.76999022130962,-73.97289568826864,1.0,2.9540298824669042,1.8355485020983429,17,5,1,Clear,A,513.2623316919153,10.94829017501068
REC00879,David Rodriguez,3421013487.0,Virgo,Pink,Travel,11/06/2023 08:46:00,40.7841814565176,-73.92833819171184,40.76675576142121,-73.96991118110775,1.0,,1.4375713902812308,10,6,1,Clear,A,324.8054531953913,7.4186163301798524
REC00880,John Rodriguez,3354126885.0,Capricorn,Blue,Reading,11/06/2023 09:03:00,40.81361266604969,-73.97639453435369,40.860530150618835,-73.96742253731539,1.0,4.805724798191125,2.986138023576818,21,2,0,Rain,A,1177.288033599868,17.0259067820146
REC00881,Richard Garcia,3941648868.0,Capricorn,Green,Travel,11/06/2023 09:20:00,40.79922087343316,-74.0400307794529,40.82816590734776,-74.03381594567665,4.0,7.671416476505949,4.766795727422978,15,2,0,Rain,A,884.3139899053917,21.02146492706253
REC00882,Carmen Davis,3789365267.0,Sagittarius,Yellow,Cooking,11/06/2023 09:37:00,40.74696116675272,-73.88695086383505,40.75088934312093,-73.85137627662272,1.0,3.4713759642745456,2.1570123542972386,17,6,1,Fog,A,593.7550132801467,10.613893648031796
REC00883,Robert Torres,3980994418.0,Virgo,Gray,Reading,11/06/2023 09:54:00,,-74.03102841393745,40.721264773856,-73.9860007117196,,4.030621980681271,2.5045116107579024,6,0,0,Rain,A,777.8579402446485,14.640522333919549
REC00884,John Martinez,3018603591.0,Capricorn,Orange,Cooking,11/06/2023 10:11:00,40.81215229549088,-74.04110189116132,40.86999158425207,-74.00240854326076,4.0,0.6635433336340375,0.4123065847635155,19,0,0,Clear,A,268.07078073684676,3.3885992867899497
REC00885,Ana Rodriguez,3673238791.0,Taurus,White,Music,11/06/2023 10:28:00,40.74450635829637,-73.98419543292646,40.76638269804264,-73.99838775513415,5.0,1.8977761996893114,1.1792230949771472,3,2,0,Clear,A,854.1967556558096,10.307787411448224
REC00886,Lucia Sanchez,3455970630.0,Gemini,Gray,Photography,11/06/2023 10:45:00,40.793355920558845,-73.95671051801446,40.778588369833685,-73.99982300780941,2.0,7.281093891588785,4.524260592510415,1,0,0,Clear,A,1442.4532580099776,22.760825127582585
REC00887,John Hernandez,3951403997.0,Cancer,Red,Dancing,11/06/2023 11:02:00,40.74854519753795,-74.02496918531202,40.7906079803785,-74.009977473391,5.0,1.1992845851552194,0.7452006619624838,8,0,0,Clear,A,399.21017517734003,7.523532169383671
REC00888,James Wilson,3198694782.0,Scorpio,Green,Sports,11/06/2023 11:19:00,40.63004148252836,-73.94522348730705,40.636650372721476,-73.9478837938647,1.0,0.5384089297057743,0.33455169506020666,11,4,0,Rain,A,457.68764427797805,6.5830703392554
REC00889,Laura Sanchez,3305539115.0,Sagittarius,Red,Cooking,11/06/2023 11:36:00,40.7832009994286,-74.00467465983422,40.82847900807723,-74.0362273990807,3.0,5.3524187026613586,3.3258377616913912,18,0,0,Clear,A,735.7094958801305,16.02304564754368
REC00890,Richard Miller,3073173503.0,Pisces,Gray,Hiking,11/06/2023 11:53:00,40.798312698694424,-73.8577414749459,40.7730201592508,-73.87862937203803,5.0,1.192527427852693,0.7410019603722556,21,2,0,,A,550.2582527296396,10.690766906365077
REC00891,James Anderson,3672994866.0,Gemini,White,Gardening,11/06/2023 12:10:00,40.733596581457356,-73.96332645743205,40.72758339718144,-73.9650959730328,1.0,8.34276757125047,5.183953828515476,8,1,0,Rain,A,1803.7516029092153,26.998148175015885
REC00892,James Sanchez,3285411794.0,Virgo,Yellow,Dancing,11/06/2023 12:27:00,40.692135456826605,-74.03424821457983,40.733594871091434,-74.02650316256957,,7.905873497841914,4.912480521227528,23,2,0,Rain,A,1227.1125307749505,22.95799049522323
REC00893,Isabel Moore,3200277656.0,Capricorn,Blue,Travel,11/06/2023 12:44:00,40.82607975264954,-74.01517764731317,40.806014400273064,-74.03185805953484,,,2.3708087497746684,22,5,1,Fog,A,965.646217711997,15.770684734117888
REC00894,Isabel Torres,3490231502.0,Cancer,Purple,Gardening,11/06/2023 13:01:00,40.74270717886362,-73.95534250187323,40.73510344930322,-73.95581946120629,1.0,2.4779763554474448,1.5397426459607342,9,6,1,Rain,A,1061.6900040888295,13.624895969378477
REC00895,Michael Gonzalez,3197964658.0,Libra,Pink,Gaming,11/06/2023 13:18:00,40.73281114160728,-74.02060715800698,40.650679738574254,-74.02279519349489,1.0,8.051741244108223,5.003118508592771,8,5,1,Rain,A,1789.5901803870574,25.155907825032994
REC00896,Isabel Sanchez,3434194875.0,Libra,Green,Sports,11/06/2023 13:35:00,40.77244361699576,-73.98381349646787,40.784809818239445,-73.97556809855217,3.0,3.5579974821342217,2.2108364534712237,4,4,0,Clear,A,718.5005619327784,11.417363577401378
REC00897,David Taylor,3309309552.0,Capricorn,Gray,Photography,11/06/2023 13:52:00,40.886815193066,-73.88151280911696,40.921440527785265,-73.91078939466557,1.0,10.857303940869079,6.74641380704176,22,0,0,Fog,A,1450.5158413019506,29.172325279021614
REC00898,Thomas Brown,3040011702.0,Taurus,Pink,Hiking,11/06/2023 14:09:00,40.774205633157905,-73.94800971293077,40.74656674706804,-73.96895361003713,1.0,0.9162289814647973,0.5693181184417625,20,2,0,Clear,A,483.1203709596339,7.618186214933373
REC00899,Sofia Miller,3295371840.0,Sagittarius,Red,Sports,11/06/2023 14:26:00,40.758912651230276,-73.95025974830571,40.772339789007624,-73.9098017832568,4.0,2.06081735577394,1.2805321411746091,0,5,1,Clear,A,394.47634412200665,8.493973006380813
REC00900,Ana Taylor,3067583320.0,Libra,Gray,Hiking,11/06/2023 14:43:00,40.75348901127833,-73.88080149242738,40.737258344527405,-73.8885733417532,1.0,,0.8921830604818495,15,3,0,Fog,A,65.59451148361902,5.987283717564887
REC00901,Sofia Moore,3170567670.0,Pisces,White,Photography,11/06/2023 15:00:00,40.83270528992354,-74.01794579114396,40.78743061361207,-74.00365233781609,4.0,0.7074259157440267,0.4395739486917816,22,1,0,Clear,A,287.7045007090597,5.0458564229968985
REC00902,William Smith,3074597979.0,Virgo,Red,Hiking,11/06/2023 15:17:00,40.776366235785844,-73.9808280778848,40.76660630429967,-74.0173684576253,1.0,5.242681808773446,3.2576504381993647,8,2,0,Clear,A,813.4097291173236,14.121785550760857
REC00903,David Smith,3516107732.0,Sagittarius,White,Photography,11/06/2023 15:34:00,40.793190843638776,-73.99516588602597,40.77595141493728,-73.95953360842168,,6.372578883894819,3.959735713664608,4,0,0,Clear,A,912.2654916877489,18.911499960690357
REC00904,Maria Anderson,3504020031.0,Taurus,Yellow,Reading,11/06/2023 15:51:00,40.76519652399769,-74.01132209093169,40.76901826291828,-73.97677456020548,4.0,13.972394237210292,8.682040579569597,3,4,0,,A,2151.564101087064,37.21234679398758
REC00905,Robert Rodriguez,3436988694.0,Libra,Green,Dancing,11/06/2023 16:08:00,40.77679288710758,-73.99276114413155,40.767617553755585,-73.98379431462568,1.0,2.9023527694290667,1.8034378426929087,4,1,0,Rain,A,781.5776375751342,13.634617206528095
REC00906,Isabel Torres,3379725596.0,Pisces,Black,Hiking,11/06/2023 16:25:00,40.736080174241266,-74.00278393598758,40.776199711790845,-74.02120350563725,4.0,3.020014304991319,1.8765493087067608,3,5,1,Clear,A,571.9012847436326,12.303511984092106
REC00907,William Ramirez,3718804832.0,Cancer,White,Hiking,11/06/2023 16:42:00,40.758466280349175,-74.01290559806125,40.741735570904915,-74.05599381824798,2.0,5.435988691487543,3.377765729218306,13,5,1,Clear,A,1107.8624491005307,18.061608292855677
REC00908,Maria Sanchez,3375164505.0,Sagittarius,Green,Dancing,11/06/2023 16:59:00,40.71569390711153,-73.99477303217557,40.71181209924898,-73.92654327407276,1.0,4.082670470430489,2.5368530328818633,7,3,0,,A,942.8115495612499,16.05863268343248
REC00909,Sofia Lopez,3567526262.0,Leo,Blue,Gaming,11/06/2023 17:16:00,40.72459864742884,-74.01271126249044,40.73178481110658,-74.02487537227053,1.0,,1.5776485546967833,12,3,0,Clear,A,717.6254093347293,10.995412336699193
REC00910,Marta Thomas,3619837997.0,Aries,Blue,Photography,11/06/2023 17:33:00,,-73.96379032353217,40.772992779045765,-74.00680140168134,,8.831231175576393,5.487470946799079,20,0,0,Clear,A,1372.2702935241462,24.02121721175507
REC00911,Joseph Perez,3231878005.0,Sagittarius,Pink,Music,11/06/2023 17:50:00,40.71482020771347,-74.02773442020327,40.69875480348166,-74.045634588616,3.0,3.4339727519173247,2.13377108283162,10,3,0,Clear,A,620.8377726015351,11.98380563110867
REC00912,James Martinez,3726785740.0,Cancer,Yellow,Gardening,11/06/2023 18:07:00,40.75652522198384,-73.92915579053181,40.758065560628935,-73.917176912884,1.0,0.6168650112370575,0.3833020288973817,20,6,1,Clear,A,254.63651208878653,5.14217204951128
REC00913,Paula Smith,3605004675.0,Taurus,Green,Music,11/06/2023 18:24:00,,-73.94371130453293,40.747358813452834,-73.98113390396257,,3.1855300869164873,1.9793960156373847,20,1,0,Clear,A,715.6516460750524,12.490551706971297
REC00914,Paula Sanchez,3336877408.0,Libra,Gray,Gaming,11/06/2023 18:41:00,40.693793902446714,-73.95769840112159,40.72075457647821,-73.97541024091457,2.0,7.011041996714951,4.356458176540766,22,5,1,Rain,A,1530.1294867346173,22.944542205505304
REC00915,Charles Ramirez,3962250313.0,Cancer,Pink,Gardening,11/06/2023 18:58:00,40.76138773646984,-74.0029354187943,40.69785122612918,-74.04616370233215,1.0,7.372551387994894,4.581089628509775,13,3,0,Clear,A,1110.6232134724587,20.40786708058931
REC00916,Lucia Johnson,3862909862.0,Leo,Purple,Sports,11/06/2023 19:15:00,40.78877316300334,-73.97779645646989,40.80397144065784,-73.9344998682989,1.0,8.574816671472448,5.328142409969506,9,6,1,Clear,A,1437.7249970822459,23.670354006685987
REC00917,Ana Brown,3701107475.0,Leo,Black,Gardening,11/06/2023 19:32:00,40.68423884287599,-73.98625350703581,40.66400413373364,-73.98873959535959,1.0,4.87728750442206,3.0306050139102396,6,0,0,Rain,A,1173.4122297553886,18.598442946729687
REC00918,Laura Martinez,3371684901.0,Aries,White,Travel,11/06/2023 19:49:00,40.78044777875862,-73.9786520334252,40.815187234369084,-74.0222219813709,,4.03316172330276,2.5060897331703593,18,5,1,,A,334.72354264784826,9.076437373930396
REC00919,Isabel Sanchez,3803420382.0,Virgo,Orange,Travel,11/06/2023 20:06:00,40.694247244588546,-74.04695300736667,40.72221784133844,-74.07395564939158,1.0,12.682565502875484,7.880578409087242,16,3,0,Clear,A,1836.3329494120162,33.09616007811444
REC00920,Thomas Gonzalez,3990704332.0,Scorpio,Purple,Gardening,11/06/2023 20:23:00,40.817777790920594,-73.97477152633178,40.84554564830916,-73.99412663651626,4.0,4.890934951300019,3.039085141624244,23,4,0,Clear,A,915.2582356047564,14.514852239418632
REC00921,Elena Perez,3772247073.0,Scorpio,Pink,Sports,11/06/2023 20:40:00,40.778353001924415,-73.96374457356818,40.76084251605765,-73.96305344566225,2.0,6.086240301621912,3.7818132224591094,3,5,1,Clear,A,894.5872783570069,18.443543088511145
REC00922,Sofia Ramirez,3678441034.0,Scorpio,Black,Music,11/06/2023 20:57:00,40.68423640498291,-73.90779720612048,40.6424490388865,-73.93514378446115,1.0,9.065935258407636,5.633309257452011,19,6,1,Clear,A,1232.953609699367,24.913797219183415
REC00923,William Gonzalez,3225132826.0,Taurus,Gray,Dancing,11/06/2023 21:14:00,40.792648725653684,-74.03034175583556,40.830781687957234,-74.04129602633097,1.0,1.452592197071407,0.9025986660864573,13,6,1,Rain,A,584.32181654219,9.403943015097994
REC00924,James Taylor,3505160582.0,Sagittarius,Blue,Dancing,11/06/2023 21:31:00,40.719337978805314,-74.03927268025011,40.75440560580011,-74.05839232031785,1.0,5.031408705602267,3.1263714588087863,22,1,0,Clear,A,738.8577177335327,16.040121716220224
REC00925,Ana Johnson,3559178224.0,Sagittarius,Yellow,Dancing,11/06/2023 21:48:00,40.70172798978174,-73.9308272274912,40.641619120114676,-73.97392609148538,1.0,2.748517112673174,1.7078488268188428,11,6,1,Rain,A,738.5869236258541,10.048140481823914
REC00926,Laura Rodriguez,3592298766.0,Cancer,Blue,Music,11/06/2023 22:05:00,40.78608800430029,-74.05560910451932,40.827341793811975,-74.08306286642116,5.0,2.8653426376301407,1.7804408200868782,10,6,1,Fog,A,473.24472040585283,9.278481947352335
REC00927,Michael Johnson,3923897277.0,Capricorn,Black,Reading,11/06/2023 22:22:00,40.81033812877506,-73.90722180898834,40.82098441652152,-73.93037014674223,1.0,4.326002590226742,2.688052555491781,22,5,1,Rain,A,1272.126867956681,17.44750202110519
REC00928,Michael Garcia,3926464566.0,Sagittarius,Green,Photography,11/06/2023 22:39:00,40.773815970323355,-73.92084799002262,40.77777449119025,-73.95742778927236,4.0,2.2000729366495424,1.3670615207188628,23,5,1,Fog,A,265.29467361325385,6.539089488259407
REC00929,Richard Taylor,3517380682.0,Gemini,Gray,Reading,11/06/2023 22:56:00,40.73141841425901,-73.95093948814372,40.7067455565566,-73.99424399977423,3.0,1.8323076160144969,1.138542815670544,0,0,0,Clear,A,572.1251075424165,8.82502213438031
REC00930,Ana Rodriguez,3792565249.0,Aquarius,Blue,Hiking,11/06/2023 23:13:00,40.75847810275891,-74.05586563376065,40.78890840581582,-74.07372088571275,1.0,2.378467281071809,1.477910592906871,8,0,0,Fog,A,538.2565291738571,10.460781840242516
REC00931,Elena Martinez,3133927562.0,Cancer,Orange,Gaming,11/06/2023 23:30:00,40.720892151025545,-73.98797309419142,40.7070928106641,-73.96203406211626,4.0,2.7915420049112734,1.7345832471337228,0,4,0,Clear,A,607.1303447026374,10.596994985267917
REC00932,Paula Thomas,3500857005.0,Taurus,Orange,Music,11/06/2023 23:47:00,40.74128102416689,-73.98262401322016,40.72734207936597,-73.9870618216795,4.0,7.539254469788789,4.68467408914713,9,0,0,Clear,A,1441.646353247764,23.95805290728592
REC00933,Carmen Davis,3108711144.0,Libra,Black,Music,12/06/2023 00:04:00,40.77040366486038,-73.96553755112761,40.70631943043726,-74.06102884909733,2.0,6.1801877389324265,3.8401894355281807,10,2,0,Clear,A,1271.256770683153,20.65908820421487
REC00934,Richard Torres,3154245740.0,Scorpio,Black,Photography,12/06/2023 00:21:00,40.678685533800525,-73.9523037431531,40.65636575590061,-73.92200049987173,1.0,9.146619504164773,5.683444107922369,4,0,0,Rain,A,1698.079336717088,28.35695362193241
REC00935,Isabel Miller,3116401334.0,Virgo,Black,Reading,12/06/2023 00:38:00,40.772315483676124,-74.0174679980673,40.74255688524589,-74.03825848866448,,2.2061276303939312,1.3708237318255074,8,5,1,Fog,A,549.8522019443485,10.15058167710556
REC00936,Richard Garcia,3006866024.0,Pisces,Yellow,Gardening,12/06/2023 00:55:00,40.679376517479646,-73.92694464675185,40.617069647710146,-73.88380617144135,2.0,8.196501109520092,5.093068090923609,2,5,1,,A,1273.7774812704831,23.863772607319646
REC00937,Ana Thomas,3837735704.0,Pisces,Gray,Dancing,12/06/2023 01:12:00,40.686312123289234,-73.9539782173356,40.73307815974168,-73.92977597392314,1.0,6.118217682865813,3.801683039820013,1,3,0,Clear,A,1332.9305548088746,21.522493009595717
REC00938,Carmen Smith,3905602231.0,Leo,Green,Gaming,12/06/2023 01:29:00,40.78269256344484,-73.95447075830157,40.778949372238216,-73.96367044333137,2.0,4.416561286636056,2.7443231032383326,17,0,0,Clear,A,792.4076281483972,15.695004497940857
REC00939,Ana Sanchez,3108983502.0,Leo,Purple,Gardening,12/06/2023 01:46:00,40.70779698318261,-73.99117151675262,40.66502613297336,-73.99702268162793,20.0,1.8834960080537368,1.1703497980203585,13,1,0,Clear,A,193.2131124224523,6.5383707936321205
REC00940,Michael Brown,3035952833.0,Gemini,Red,Gaming,12/06/2023 02:03:00,40.70044688164733,-73.96059225099701,40.67153264324108,-73.9948191142608,2.0,7.205048306626487,4.477008071336807,22,0,0,Clear,A,1062.074003845466,20.05952272152974
REC00941,Richard Sanchez,3647667733.0,Pisces,Red,Cooking,12/06/2023 02:20:00,40.735219782976365,-74.08714267620412,40.71779527382877,-74.06759725663296,2.0,4.01905023879615,2.4973212659310025,4,1,0,Clear,B,636.8851189171693,14.129557153556634
REC00942,Sofia Thomas,3558744829.0,Leo,Orange,Reading,12/06/2023 02:37:00,40.720431233743426,-73.96011928447189,40.702542402602106,-73.91162267574586,1.0,8.402734890903588,5.221215781895653,23,5,1,Snow,A,1900.5553263035372,27.286444990831118
REC00943,Paula Wilson,3712029257.0,Capricorn,Pink,Cooking,12/06/2023 02:54:00,40.761569239873154,-73.89711048081627,40.785587291810614,-73.9189181536912,1.0,1.6249166560691846,1.0096760874983652,13,6,1,Clear,A,174.53146610247126,6.7594562284813335
REC00944,Joseph Miller,3671599459.0,Capricorn,Yellow,Photography,12/06/2023 03:11:00,40.758733282088954,-73.94095559026655,40.75065535256376,-73.95904468491527,,9.318821640742792,5.790445521729989,4,6,1,Clear,A,1318.6851078312502,24.041196526880796
REC00945,Charles Gonzalez,3027877317.0,Pisces,White,Sports,12/06/2023 03:28:00,40.70072085667754,-73.94679500346572,40.70367909201736,-73.88758745586735,1.0,8.057587474770497,5.0067511867856185,1,4,0,Clear,A,1282.0352971143775,22.47376390255237
REC00946,Elena Anderson,3289720863.0,Aries,Yellow,Gardening,12/06/2023 03:45:00,40.66445189317012,-73.94135469340779,40.65650971229293,-73.93876531003642,,6.4908064510507115,4.033198895295832,6,2,0,Snow,A,1466.3108711550306,23.251044362738998
REC00947,Paula Johnson,3378295354.0,Aquarius,Black,Dancing,12/06/2023 04:02:00,40.73985824392978,-73.9195351215947,40.77474478069384,-73.96525612237576,1.0,9.593086031181555,5.960865460281314,22,3,0,Rain,A,1702.6529123568143,28.944785104722516
REC00948,Thomas Taylor,3831275596.0,Gemini,Green,Reading,12/06/2023 04:19:00,40.805026079359074,-73.98996080596498,40.84635538792889,-74.03087650595523,1.0,8.572385950087682,5.326632030191933,17,2,0,Clear,A,1338.1206989382363,25.569966153697226
REC00949,Elena Johnson,3237984543.0,Capricorn,Green,Gardening,12/06/2023 04:36:00,40.74670854310504,-73.93073900857217,40.742694577176366,-73.87961083834335,2.0,500.0,5.091247003733486,15,2,0,Rain,A,1540.1595874211255,24.250470353703683
REC00950,Ana Taylor,3192998883.0,Gemini,Red,Hiking,12/06/2023 04:53:00,,-73.95712709761723,40.7042330393442,-73.94291613875295,1.0,2.3142771378291758,1.4380246994100527,21,4,0,Clear,A,318.63111188027165,8.412035234081795
REC00951,Thomas Moore,3294432129.0,Pisces,Purple,Music,12/06/2023 05:10:00,40.83651801304244,-73.97677568191439,40.833232052898836,-74.00828346003424,,3.6620518772608457,2.275492837025449,4,0,0,Clear,A,806.9560033187093,14.025426367951955
REC00952,Isabel Anderson,3075190156.0,Aries,Blue,Cooking,12/06/2023 05:27:00,40.78763036430557,-73.91247062205717,40.6943303150589,-73.90235176572843,2.0,4.97448620986044,3.0910014707071913,19,5,1,Clear,A,740.2809706923133,13.59495222367976
REC00953,Thomas Martinez,3538693097.0,Virgo,Black,Gaming,12/06/2023 05:44:00,40.66361821630632,-74.01438230029802,40.67302545536675,-74.03934692964951,1.0,,2.742337845162656,11,2,0,Snow,C,1240.4779196054546,16.465612334440966
REC00954,Robert Lopez,3170148422.0,Pisces,Red,Travel,12/06/2023 06:01:00,40.73605149322181,-74.0124866439343,40.69528295076791,-74.07008908707924,2.0,5.049562719344198,3.137651836481624,12,3,0,Snow,A,1108.4033478495924,17.111031340679922
REC00955,Ana Torres,3235941690.0,Capricorn,White,Cooking,12/06/2023 06:18:00,,-74.09783498867873,40.754522721685134,-74.10819998246026,4.0,4.708436298731624,2.925685771379168,7,1,0,Clear,A,958.6945074003801,15.3200327980546
REC00956,John Martinez,3422197112.0,Aquarius,Pink,Gaming,12/06/2023 06:35:00,40.696618372549096,-74.02645498819355,40.71076687912252,-74.02671675322834,1.0,8.290630925339192,5.1515576287089395,13,5,1,Rain,A,1548.5952288254919,26.353724881502714
REC00957,Marta Johnson,3473604127.0,Libra,Pink,Photography,12/06/2023 06:52:00,40.73535440223982,-74.00200958596098,40.71824562554425,-74.04902307092904,1.0,2.9080481937961555,1.806976814227311,23,5,1,Rain,A,810.3837525975595,11.267694582258962
REC00958,Charles Lopez,3547146748.0,Pisces,Purple,Dancing,12/06/2023 07:09:00,,-73.9825048281746,40.73791148344749,-74.02021150430369,2.0,3.211915920241899,1.995791407276629,4,4,0,Rain,A,703.5165842003257,12.172285267152727
REC00959,Ana Smith,3815320932.0,Sagittarius,Black,Dancing,12/06/2023 07:26:00,40.73881374151597,-73.95755379737918,40.746553318656666,-73.98760586632447,5.0,,1.0557770915699565,3,4,0,Clear,A,607.3110429775068,10.86522080797903
REC00960,Paula Hernandez,3106842467.0,Virgo,Gray,Sports,12/06/2023 07:43:00,40.68946022947986,-73.93593835966237,40.67271666719403,-73.94206843725587,,9.255512903088588,5.751107308105059,8,2,0,Clear,A,1656.7469653792186,26.745420213398656
REC00961,John Gonzalez,3610781478.0,Leo,Blue,Dancing,12/06/2023 08:00:00,40.82341035467373,-74.04646228643004,40.851141639441586,-74.04260201091506,,5.229641428492631,3.2495475240638942,14,5,1,Clear,A,845.3105748490805,17.157303121235255
REC00962,Lucia Brown,3453862196.0,Gemini,Red,Cooking,12/06/2023 08:17:00,40.763341100234086,-73.97451560379719,40.786528416805936,-74.01780191840078,5.0,5.7924505295294555,3.5992607779842474,13,5,1,Clear,A,917.9507321715935,16.67863670087328
REC00963,Marta Gonzalez,3212714665.0,Aquarius,Green,Sports,12/06/2023 08:34:00,40.70703946188342,-74.02915853410988,40.7240602916603,-74.04662118105676,1.0,6.383439544031236,3.9664842129142333,4,0,0,Rain,A,1129.7478731730823,19.566022340597844
REC00964,Richard Johnson,3764762570.0,Leo,Orange,Gardening,12/06/2023 08:51:00,40.79380442358887,-74.04650460317352,40.77489540685334,-74.06062539675285,1.0,800.0,5.352427699533863,14,2,0,Clear,A,1204.9267589910692,21.16967808699424
REC00965,Paula Lopez,3232285771.0,Scorpio,Gray,Cooking,12/06/2023 09:08:00,40.74594982519744,-73.96378817560347,40.76315395226182,-74.01591650550488,1.0,0.7405815740978128,0.46017591327873203,3,1,0,Clear,C,539.9906324450473,7.954777633199791
REC00966,Michael Taylor,3486525047.0,Aquarius,Blue,Sports,12/06/2023 09:25:00,40.799587713226124,-73.9749181755047,40.77729923124654,-73.96817400176202,1.0,17.640612240501795,10.961364868492842,17,6,1,Snow,A,2924.062850798656,49.694547962589674
REC00967,Thomas Smith,3572093297.0,Pisces,Gray,Music,12/06/2023 09:42:00,,-73.95533043379248,40.74216744048622,-73.93742580284207,3.0,3.0050109792017707,1.8672266771575836,21,2,0,Rain,A,1314.165948170445,16.5705703240377
REC00968,Isabel Perez,3385247795.0,Virgo,Black,Dancing,12/06/2023 09:59:00,40.67619380232424,-73.9510120345865,40.597119839166105,-73.94165456708447,2.0,4.724998418742094,2.9359769924521935,4,5,1,Clear,A,594.9633825041483,13.739534887404805
REC00969,Carmen Torres,3137927139.0,Libra,Pink,Gaming,12/06/2023 10:16:00,40.696640514650376,-74.0041145922898,40.73135633907304,-74.04376438583967,5.0,16.18991585363808,10.059944203890948,21,0,0,Clear,A,2383.4483821386907,42.40332639774985
REC00970,Ana Rodriguez,3014628378.0,Taurus,Green,Hiking,12/06/2023 10:33:00,40.8070540985739,-73.92528215697078,40.85886005680391,-73.90734363812655,1.0,1.6028443315211207,0.9959609851216104,16,4,0,Clear,A,432.29267340420427,7.983039315117086
REC00971,Sofia Taylor,3573987290.0,Gemini,Gray,Hiking,12/06/2023 10:50:00,40.80163811886555,-74.02592453208867,40.80838226126856,-74.02896220919004,2.0,5.742808883504852,3.5684148987522932,21,3,0,Clear,A,944.5763268166625,18.49342420482187
REC00972,Robert Taylor,3858383005.0,Capricorn,Orange,Travel,12/06/2023 11:07:00,40.683532948554436,-74.03277985758739,40.63608458649351,-74.00330478737656,1.0,6.610547772764539,4.107602680110475,20,4,0,Rain,A,1006.0183138841273,16.08592676118003
REC00973,Charles Torres,3443027062.0,Scorpio,Orange,Photography,12/06/2023 11:24:00,,-73.96009037102021,40.81312163865742,-73.94574236048147,,6.210838890616445,3.8592351723012315,13,6,1,Clear,A,753.0098749458008,15.979284394055647
REC00974,Charles Johnson,3281145600.0,Taurus,Red,Sports,12/06/2023 11:41:00,40.8012890947698,-73.96926549159137,40.80342101792333,-73.95990160558635,1.0,4.789327666211346,2.9759493212814103,22,0,0,Clear,A,847.394298314888,15.934155294596092
REC00975,Maria Smith,3332643033.0,Virgo,Yellow,Dancing,12/06/2023 11:58:00,,-74.02048954821755,40.71876999390334,-74.02895080218163,3.0,,1.7843647635968543,16,4,0,Clear,A,374.7274565449269,8.998007044818651
REC00976,John Thomas,3542387042.0,Cancer,Yellow,Hiking,12/06/2023 12:15:00,40.74609737860585,-74.02163758653268,40.82232750240331,-73.99295294159579,2.0,11.015855779427596,6.844933321518705,18,5,1,Rain,A,2091.721995404391,33.00309599897332
REC00977,James Sanchez,3686837819.0,Scorpio,White,Dancing,12/06/2023 12:32:00,40.63986134199274,-73.96100598989408,40.63252479725178,-73.99530940665778,2.0,4.273215723708091,2.6552523274562203,12,2,0,Snow,A,1183.7489878235074,17.903669268115664
REC00978,James Wilson,3236670983.0,Aquarius,Pink,Hiking,12/06/2023 12:49:00,40.714961966205834,-73.96749089915207,40.69764161395535,-74.00540751175517,4.0,1.684446616953259,1.0466662788228636,12,2,0,Clear,A,448.2481560415867,8.316472410858637
REC00979,Elena Thomas,3149270235.0,Aries,Black,Hiking,12/06/2023 13:06:00,40.73942784826118,-74.0319102377999,40.74431727878541,-73.94964973499823,2.0,0.797605295622912,0.4956088001465045,12,2,0,Clear,A,278.0024038861939,5.3604833619661525
REC00980,David Taylor,3949122435.0,Gemini,Orange,Gardening,12/06/2023 13:23:00,40.765465473123854,-74.0121497781437,40.76118276737924,-74.07042625681227,2.0,5.836528560857696,3.626649588388707,1,6,1,Fog,A,938.1462689913693,18.289093767804694
REC00981,Richard Wilson,3035538014.0,Pisces,Green,Sports,12/06/2023 13:40:00,40.74421152713226,-74.02554065391107,40.72172792929223,-74.06128052992321,2.0,4.152003365387438,2.5799344831541577,14,2,0,Clear,A,1001.804452736154,15.965711343428314
REC00982,John Anderson,3271586297.0,Cancer,Green,Gaming,12/06/2023 13:57:00,40.75693745670771,-74.0859921090021,40.704084986859456,-74.06188052929664,1.0,6.582536104947274,4.090197042067193,21,0,0,Clear,A,1244.0753760007717,20.229549644897165
REC00983,Robert Perez,3079924477.0,Libra,Gray,Cooking,12/06/2023 14:14:00,40.70159041501331,-73.9117907812041,40.72356122020512,-73.96060318934289,1.0,1.8809420868430435,1.1687628654437487,0,1,0,Clear,A,100000.0,8.823310053068367
REC00984,Maria Garcia,3007947196.0,Leo,Purple,Music,12/06/2023 14:31:00,40.76619244822531,-73.96807802979454,40.740266104876824,-73.94598404505892,1.0,4.428983057166213,2.7520416312144267,14,2,0,Clear,A,886.1178292292536,15.058861599038213
REC00985,Richard Hernandez,3772129099.0,Taurus,Purple,Music,12/06/2023 14:48:00,40.8341575224886,-73.92208164088811,40.80396407579583,-73.88527686695153,2.0,3.816479796221506,2.371449867457953,15,4,0,Clear,A,894.9358866881319,13.514723086019181
REC00986,Sofia Johnson,3242801744.0,Sagittarius,Black,Dancing,12/06/2023 15:05:00,40.771972287517706,-73.99528078169585,40.74764072877673,-73.95489715268877,1.0,9.309659167521783,5.784752226582178,10,0,0,Clear,A,1301.2663880036623,23.163223231483556
REC00987,Lucia Thomas,3146638704.0,Aquarius,Pink,Cooking,12/06/2023 15:22:00,40.751695380421474,-74.02860249739072,40.707837959433796,-74.02660099756011,,2.624354232948522,1.6306976140814562,2,5,1,Snow,C,726.5216303899568,10.904681251374633
REC00988,Robert Garcia,3575875729.0,Aries,Black,Gardening,12/06/2023 15:39:00,40.712971242974874,-74.0237243549131,40.73265212714092,-74.05891232122627,1.0,0.8154260297758177,0.5066820875478296,19,0,0,Clear,A,387.1799412458088,7.027257971981721
REC00989,Charles Hernandez,3811469025.0,Capricorn,White,Reading,12/06/2023 15:56:00,40.73217457069602,-74.02376442829133,40.747848439522414,-74.05119662166486,2.0,,8.05288409464493,21,3,0,Clear,A,2114.97841316517,37.55267377794906
REC00990,William Smith,3103973461.0,Taurus,Orange,Hiking,12/06/2023 16:13:00,40.684394414472244,-74.00593652628055,40.690093223225986,-73.96798322507908,1.0,0.14561837146346732,0.09048303309462614,20,2,0,Rain,A,130.5786370069584,3.3410439994104473
REC00991,James Miller,3324330357.0,Aries,Pink,Cooking,12/06/2023 16:30:00,40.67771844045092,-74.0573860806942,40.69901153473182,-74.11336307469172,1.0,5.111171383405496,3.1759336736780566,13,4,0,Rain,A,985.5378641027593,14.327733800748817
REC00992,John Thomas,3567724463.0,Pisces,Red,Gardening,12/06/2023 16:47:00,40.746496877485534,-73.99933466976627,40.7594460223076,-73.97463426104407,1.0,6.8443517078995555,4.252881665089255,20,6,1,Fog,A,1040.000309031556,20.39603570640487
REC00993,Elena Taylor,3723834251.0,Taurus,Blue,Gardening,12/06/2023 17:04:00,40.77772075452249,-74.0087304598591,40.795354309081254,-74.05696929535574,20.0,5.290349397409237,3.287269695417575,4,1,0,Fog,A,701.4785780037993,15.174201013402646
REC00994,John Wilson,3013191464.0,Aquarius,Orange,Hiking,12/06/2023 17:21:00,40.70721701191383,-73.93634024204229,40.76195045559052,-73.93919536031697,1.0,1.8564249236908874,1.1535286112587304,16,1,0,,A,399.01669063284965,10.091814947087016
REC00995,Michael Hernandez,3477990818.0,Aries,Yellow,Travel,12/06/2023 17:38:00,40.80978784997491,-73.95313723566665,40.83924088862745,-73.97182591611775,1.0,3.146606334927258,1.9552099249400854,23,5,1,Rain,A,634.924425861727,11.700202568723503
REC00996,Richard Smith,3587264972.0,Scorpio,Purple,Photography,12/06/2023 17:55:00,40.721958059475575,-73.99912565091186,40.727229851446765,-74.01241806798662,4.0,3.8450405794245723,2.389196709877626,1,4,0,Clear,A,630.1096798055922,12.724554147260184
REC00997,Joseph Ramirez,3746416345.0,Capricorn,Black,Dancing,12/06/2023 18:12:00,40.74550390238483,-73.95620253286162,40.71749282105384,-73.91595772570214,1.0,4.212509567630389,2.6175312825480623,21,0,0,Clear,A,861.937345826293,15.049750872236341
REC00998,Michael Anderson,3846868897.0,Pisces,Yellow,Music,12/06/2023 18:29:00,,-74.03476705815022,40.7493962813706,-74.05093776964755,2.0,,1.0909010815846698,6,4,0,Clear,A,60.0,3.2762229748244973
REC00999,James Taylor,3233682124.0,Libra,Pink,Music,12/06/2023 18:46:00,40.73434610653932,-74.04314178583965,40.68156266133352,-74.01185741289947,4.0,6.869615976881026,4.26858014917054,9,3,0,Rain,A,1287.591248280991,22.40723008562066
REC01000,Sofia Sanchez,3381772719.0,Aries,Yellow,Gardening,12/06/2023 19:03:00,,-73.984708878654,40.80976916908506,-74.0063001477198,3.0,4.267167380683564,2.651494062502727,9,0,0,Clear,A,1145.3906369658246,16.76510312435699
REC01001,Paula Gonzalez,3478554434.0,Pisces,Gray,Cooking,12/06/2023 19:20:00,40.77863309896381,-73.97489131024925,40.7618958276738,-73.96702717880537,3.0,13.275853016598145,8.249230064776606,19,5,1,,A,1784.0348029246188,33.99765725814609
REC01002,David Davis,3836075578.0,Aquarius,White,Music,12/06/2023 19:37:00,40.71630349868187,-73.98700852293403,40.718681336738214,-73.99082721959212,1.0,3.100184171372138,1.9263645387496766,7,3,0,Clear,A,271.4799903981578,10.860113779695183
REC01003,Isabel Sanchez,3257024611.0,Scorpio,Black,Hiking,12/06/2023 19:54:00,40.71764734026869,-73.91220241618397,40.68905637475843,-73.95339142744615,2.0,0.4324797008553167,0.268730344200169,0,1,0,Rain,B,507.8997468963253,6.641761301790513
REC01004,John Taylor,3280325308.0,Leo,Yellow,Dancing,12/06/2023 20:11:00,40.81111865558729,-73.94563390592492,40.877283952997665,-73.9861436504423,5.0,2.439929456808104,1.5161014065063083,15,5,1,Clear,A,488.61517846653396,9.479235100573302
REC01005,Ana Wilson,3741594405.0,Sagittarius,Purple,Hiking,12/06/2023 20:28:00,40.81599739604609,-73.92825193089541,40.762121224064764,-73.9361313405319,4.0,0.4074783655930373,0.2531952395069112,8,6,1,Rain,A,650.4514079627068,7.71118151036953
REC01006,Maria Moore,3321451503.0,Gemini,Gray,Hiking,12/06/2023 20:45:00,40.781276870285346,-74.00766231950423,40.78543612809786,-74.01947328939183,2.0,9.648427382437767,5.995252971052738,15,6,1,Snow,C,1943.9220210047313,29.59846559170519
REC01007,Elena Moore,3230538554.0,Pisces,Yellow,Hiking,12/06/2023 21:02:00,40.706613315261265,-73.96337337775562,40.6958552538524,-73.94307504219287,1.0,4.278353376906467,2.6584447161617484,19,2,0,Clear,A,973.8673520011703,16.62297623779241
REC01008,James Torres,3910759991.0,Cancer,White,Gardening,12/06/2023 21:19:00,40.79342385927814,-74.03217458908718,40.79397411503687,-74.0878282646894,5.0,,2.3221801159593314,14,3,0,Rain,A,786.7576653594988,13.749992801212699
REC01009,Maria Hernandez,3852436450.0,Cancer,Green,Gaming,12/06/2023 21:36:00,40.736096248789046,-74.01656716632047,40.72647778258391,-74.04142843680921,1.0,,5.93203866932533,8,4,0,Clear,A,1573.27853518227,26.943624586954094
REC01010,Joseph Hernandez,3819610345.0,Aries,Gray,Cooking,12/06/2023 21:53:00,40.686566577234515,-73.96344375206127,40.65982431831517,-73.95052862595232,1.0,4.4172391737386825,2.744744322625179,11,2,0,Rain,A,925.1917413121539,16.87832669485401
REC01011,Michael Smith,3669878264.0,Gemini,Gray,Reading,12/06/2023 22:10:00,40.71816521748691,-74.02448139739779,40.68462247892696,-74.03195636350213,1.0,,4.130964856451154,1,1,0,Clear,A,1179.3004882038606,19.88196861597613
REC01012,David Gonzalez,3393154308.0,Cancer,Black,Gardening,12/06/2023 22:27:00,40.73881366235844,-74.01956349780107,40.80026685924322,-74.06320642917971,,,3.9022428263436675,9,4,0,Fog,A,1298.9247493069847,17.983544248156353
REC01013,David Rodriguez,3357564279.0,Cancer,Pink,Cooking,12/06/2023 22:44:00,40.80432746946763,-73.95846673832926,40.795391243030295,-73.9476641990355,3.0,6.911525980215799,4.294621809852671,23,3,0,Fog,A,1159.3540679631024,22.164350663725816
REC01014,Thomas Lopez,3740934244.0,Gemini,Black,Sports,12/06/2023 23:01:00,40.70987373240978,-74.01819518280871,40.720140379440245,-73.99273378084081,1.0,13.130043443559424,8.158628224567963,20,4,0,Clear,A,2300.8501999984464,36.562146012965925
REC01015,John Anderson,3546849015.0,Scorpio,Gray,Gaming,12/06/2023 23:18:00,40.70171248402699,-73.93189020149713,40.65389329717349,-73.96182335150715,1.0,3.9044379492367858,2.426104512955211,22,2,0,Clear,A,794.9806393171777,12.063756964558142
REC01016,Charles Garcia,3744119921.0,Virgo,Purple,Hiking,12/06/2023 23:35:00,40.72586225089485,-73.99071344279854,40.66235306338094,-73.96170891657235,1.0,13.051951500559236,8.110104155853993,15,4,0,Rain,A,2368.7574243267927,39.20247438278379
REC01017,Carmen Davis,3960465558.0,Aquarius,Blue,Reading,12/06/2023 23:52:00,40.743905431669276,-73.98864120576599,40.723606095265986,-74.00652732803034,1.0,0.7642777091063748,0.47490000438513724,4,3,0,Clear,A,121.51769398935042,3.423709797708912
REC01018,Lucia Miller,3764622443.0,Cancer,Red,Photography,13/06/2023 00:09:00,40.78365124907788,-73.96743671179513,40.809843487615055,-73.9781256986909,2.0,5.425769724339871,3.37141595938279,12,0,0,Fog,A,770.5237591462472,16.64063713061646
REC01019,William Moore,3268958433.0,Taurus,Orange,Dancing,13/06/2023 00:26:00,40.77852119575762,-73.9867351760395,40.77937074496233,-74.00271647376451,2.0,5.029209775401048,3.1250051073507246,21,6,1,Rain,A,1440.3163098402547,20.230970611895845
REC01020,Maria Wilson,3860795718.0,Scorpio,Blue,Gaming,13/06/2023 00:43:00,40.637520065699924,-73.96600092861728,40.62132225269122,-73.93557770020058,2.0,4.976011243946498,3.0919490826622797,6,5,1,Rain,A,833.1263751447516,16.149618383639115
REC01021,Laura Johnson,3522427355.0,Pisces,Pink,Travel,13/06/2023 01:00:00,40.73220922402117,-74.02587515638697,40.74510364283171,-74.03076797282316,2.0,,2.9976187695551237,8,1,0,Rain,A,1345.0074737547943,18.976661630861805
REC01022,Robert Miller,3288327070.0,Capricorn,Gray,Music,13/06/2023 01:17:00,40.756195271224115,-74.11605757827124,40.73968526724781,-74.09286478338285,1.0,7.026717424563092,4.366198432818193,21,1,0,Clear,A,1339.1307115884224,21.936577520644242
REC01023,David Anderson,3182963048.0,Pisces,Black,Hiking,13/06/2023 01:34:00,40.70648017185894,-74.0506450633245,40.74777870052025,-74.06521052690307,2.0,2.926305337019564,1.8183212735691836,16,2,0,Fog,A,777.8708094131981,10.452123700906371
REC01024,Maria Anderson,3143987337.0,Gemini,Yellow,Photography,13/06/2023 01:51:00,40.710977715670566,-74.00276718849433,40.75350438807457,-73.99199103069103,2.0,2.309519681226543,1.4350685538434182,16,4,0,Clear,A,197.69792164815513,6.3497838048914685
REC01025,Maria Martinez,3015623524.0,Aquarius,Blue,Sports,13/06/2023 02:08:00,40.7812290664951,-73.9554777610893,40.76391134692003,-73.98810118220554,1.0,-5.0,1.908914851430522,16,6,1,Clear,A,522.3717882378965,11.721315310760403
REC01026,Thomas Johnson,3719874990.0,Taurus,Orange,Reading,13/06/2023 02:25:00,40.7841588389371,-73.87206638536007,40.76085751738447,-73.84203122883945,1.0,7.746265933542714,4.81330500939137,4,4,0,Clear,A,1314.5020294508563,24.81357602116569
REC01027,James Martinez,3476882402.0,Aries,Blue,Sports,13/06/2023 02:42:00,40.741139668931204,-74.00965478799777,40.73894215648158,-74.01885486931052,1.0,2.1851635866208903,1.3577972829822091,5,3,0,,A,602.0040506904296,7.576273715543183
REC01028,Carmen Lopez,3874156952.0,Libra,Gray,Cooking,13/06/2023 02:59:00,40.77009683036011,-74.01270400282426,40.78289705156776,-73.97522841857608,1.0,8.062036752499646,5.009515838937458,5,1,0,,A,1242.5673202986188,23.368475154344523
REC01029,Lucia Anderson,3075376561.0,Aries,Pink,Cooking,13/06/2023 03:16:00,40.773159366741645,-73.9631411066047,40.76494539095304,-73.96471102478564,1.0,7.194669372042823,4.470558902375621,8,1,0,Rain,A,1394.3968709371038,23.81724565477885
REC01030,James Davis,3364461061.0,Pisces,Green,Sports,13/06/2023 03:33:00,40.69515902145834,-73.96891863832356,40.72653856729483,-73.96604818406539,1.0,1.6105860897864033,1.0007714891966673,9,2,0,Rain,A,733.3698516689996,9.66823429587071
REC01031,William Sanchez,3652848805.0,Pisces,Pink,Cooking,13/06/2023 03:50:00,40.695828424964596,-73.96721542856544,40.70379421434876,-73.89862046326884,1.0,9.131528509581564,5.674067001527206,16,1,0,Clear,A,1274.0800642706376,22.527732130464297
REC01032,Thomas Perez,3383829540.0,Taurus,Yellow,Travel,13/06/2023 04:07:00,40.730337540301036,-73.99278531842194,40.76298587573122,-73.97042342095669,1.0,5.246565987893891,3.2600639544636145,2,3,0,Fog,A,648.8563572165858,16.4345930966149
REC01033,Elena Martinez,3144283116.0,Capricorn,Pink,Gardening,13/06/2023 04:24:00,40.71535046070052,-74.07903432804387,40.68168371435855,-74.0731991758159,1.0,13.232252728717867,8.22213811029615,19,3,0,Rain,A,2112.823839140206,36.1244009711987
REC01034,Maria Gonzalez,3425246430.0,Libra,Pink,Travel,13/06/2023 04:41:00,40.720166374948946,-73.97013348698259,40.70238768482566,-74.00670896378206,1.0,1.06344293134366,0.6607925976919413,8,6,1,Clear,A,803.2477974637627,8.110006296182355
REC01035,Isabel Ramirez,3101699415.0,Gemini,Black,Reading,13/06/2023 04:58:00,40.74524354530542,-73.9823781282927,40.76123841177851,-74.00503574713878,2.0,6.905562882942297,4.290916514136738,0,5,1,Clear,A,1041.3378855388676,18.878125446488816
REC01036,Sofia Perez,3385770037.0,Pisces,Yellow,Hiking,13/06/2023 05:15:00,40.74541650549423,-74.05944833244055,40.74700400416477,-74.03588666861864,1.0,6.786079886094281,4.21667324490229,23,5,1,Clear,A,803.4612484954496,19.230959934032708
REC01037,Elena Davis,3679207900.0,Leo,Green,Photography,13/06/2023 05:32:00,,-73.9509282007173,40.61634753487165,-73.96090211383827,4.0,11.037361848305988,6.85829656904374,18,1,0,Clear,A,1572.370094229289,29.40952900193095
REC01038,David Moore,3094240674.0,Cancer,Gray,Gardening,13/06/2023 05:49:00,40.75478007837837,-73.94351314839814,40.73920649915734,-73.94972574564514,4.0,4.079110679631023,2.534641082113008,13,2,0,Clear,A,1029.4897440130628,12.886420585303414
REC01039,Laura Thomas,3965638948.0,Cancer,Yellow,Cooking,13/06/2023 06:06:00,40.73740306105383,-73.95209983720602,40.74000510684111,-73.9845636208988,2.0,9.070690557139308,5.636264062180209,7,3,0,Clear,A,1240.604034880998,26.358723303269805
REC01040,Richard Brown,3379638626.0,Cancer,White,Reading,13/06/2023 06:23:00,40.7612810502175,-74.00034502635354,40.80412843699553,-73.98819408139668,1.0,16.699379127859892,10.376509908057429,17,5,1,Clear,A,2384.149096148049,43.92761056279131
REC01041,Elena Thomas,3060067585.0,Aries,Orange,Hiking,13/06/2023 06:40:00,40.7179532279987,-73.96895358493232,40.65767976787725,-73.9658274784631,4.0,2.3872144926150387,1.4833458564906992,5,6,1,Fog,A,627.9056805553951,9.583973700478708
REC01042,Michael Smith,3442102606.0,Leo,Green,Hiking,13/06/2023 06:57:00,,-74.02489492117097,40.71366987010439,-74.00350837571357,1.0,2.8538191917820264,1.7732804850167896,1,2,0,Clear,A,351.33220895681865,10.421394691656591
REC01043,Thomas Wilson,3315443371.0,Pisces,Gray,Cooking,13/06/2023 07:14:00,40.73047298826397,-74.0492741615203,40.72721939006259,-74.01213568220798,1.0,3.2181918539572467,1.9996910904852683,6,4,0,Clear,A,639.1443700327037,10.887504115000361
REC01044,Carmen Perez,3623846976.0,Sagittarius,Pink,Hiking,13/06/2023 07:31:00,40.80342847722563,-73.98494786840688,40.77080530278779,-73.9714867905122,0.0,3.9272323976242034,2.440268322144149,5,1,0,,A,774.0071023062288,13.379128178225047
REC01045,William Taylor,3517203209.0,Cancer,White,Cooking,13/06/2023 07:48:00,40.72916015903077,-74.05510683250147,40.72448037459728,-74.09029240506676,1.0,1.9984525671340372,1.2417804700926438,10,4,0,Clear,A,223.15963822350494,7.172247735663707
REC01046,David Davis,3658076023.0,Leo,Yellow,Travel,13/06/2023 08:05:00,40.805541565586914,-73.98667345906934,40.75635866837843,-74.03203317072969,1.0,3.0623560618710934,1.9028592485209033,22,4,0,Rain,A,936.3112269971643,13.732566394008451
REC01047,Michael Wilson,3149891175.0,Gemini,Green,Gardening,13/06/2023 08:22:00,40.798855097431456,-73.98259864465068,40.7813297130914,-73.96067493471192,2.0,4.817310651000664,2.9933371365229338,9,6,1,Rain,A,1534.0348442664204,20.597236878571838
REC01048,David Smith,3335248452.0,Sagittarius,Black,Cooking,13/06/2023 08:39:00,40.73308113817661,-74.02086784818394,40.72502667192836,-74.01726429344599,1.0,,6.245972419430293,21,1,0,Clear,A,1437.1874674918865,25.874078145639267
REC01049,Elena Brown,3244123836.0,Taurus,Orange,Reading,13/06/2023 08:56:00,40.72444792187373,-73.882956284027,40.72429210057008,-73.8304184393363,,5.194271113004626,3.2275694357587974,10,4,0,Clear,A,970.179491063124,14.473272099839702
REC01050,Paula Hernandez,3191529297.0,Taurus,Purple,Reading,13/06/2023 09:13:00,40.7261908224114,-74.00993212288421,40.78244582169363,-74.00918466541191,5.0,1.6212861475105655,1.0074201947647876,7,1,0,Clear,A,631.0835007933747,10.161694042891042
REC01051,Charles Wilson,3479272543.0,Aries,Purple,Cooking,13/06/2023 09:30:00,40.74279666015349,-73.96938907658219,40.71831169361413,-74.02121082992674,2.0,11.530211022539834,7.1645387532866,12,5,1,Rain,A,1973.3070900758353,31.877664388218044
REC01052,Paula Taylor,3692457432.0,Taurus,Purple,Hiking,13/06/2023 09:47:00,40.72205770451101,-73.98954679084298,40.68232084369658,-74.02752186812519,1.0,7.7194299135460795,4.7966298848100415,5,6,1,Rain,A,1314.992167432854,23.03285989018919
REC01053,Ana Smith,3769699457.0,Capricorn,Black,Photography,13/06/2023 10:04:00,40.786785682731136,-73.93302572963808,40.81654935813774,-73.9555319470601,2.0,9.230432844876042,5.7355232872534705,9,2,0,Snow,A,1846.0225905837772,29.548915593294673
REC01054,Carmen Gonzalez,3920983838.0,Taurus,Orange,Travel,13/06/2023 10:21:00,40.717714566121046,-73.99672679915643,40.58382551030864,-73.94448720657927,1.0,4.001655200196547,2.4865124934013285,17,4,0,Snow,A,1044.7252238239023,16.506028299366818
REC01055,Michael Smith,3681198879.0,Virgo,Orange,Photography,13/06/2023 10:38:00,40.79315179299084,-74.04335291238108,40.7745802818041,-74.00828780396822,4.0,5.331937362009952,3.3131112505694857,14,4,0,Clear,B,851.6414737857829,15.189654716517639
REC01056,Lucia Brown,3510895252.0,Libra,Pink,Hiking,13/06/2023 10:55:00,,-73.95925437454572,40.693605139115284,-73.97533684504,1.0,8.826152787056317,5.4843153834459715,4,6,1,Rain,A,1509.5799195115774,24.946481854920933
REC01057,Elena Anderson,3611052497.0,Taurus,Yellow,Travel,13/06/2023 11:12:00,40.66663030567037,-74.05514172714427,40.63839417752642,-74.06095260532979,,5.030301861395308,3.1256836979170637,10,3,0,Snow,A,1117.163103289104,16.592786541051254
REC01058,David Taylor,3560349164.0,Aquarius,Yellow,Dancing,13/06/2023 11:29:00,40.66014259985225,-74.02240651359845,40.65729587823646,-74.06328018329187,5.0,7.068279123927028,4.392023667513661,20,4,0,Rain,A,1316.0840031893313,21.129552425163293
REC01059,Carmen Hernandez,3115295752.0,Libra,White,Dancing,13/06/2023 11:46:00,40.722982658113374,-74.00551794017211,40.70352719277976,-74.04742697792915,,1.6729380218795733,1.0395151715933324,3,0,0,Clear,A,286.40082261038054,7.172889034568252
REC01060,Ana Rodriguez,3068056150.0,Leo,Purple,Music,13/06/2023 12:03:00,40.709621230291155,-74.00362578453026,40.65737759169964,-73.97005977485107,1.0,,1.2140373804847355,12,5,1,Clear,A,538.1552265025114,7.3787931117685615
REC01061,Joseph Taylor,3326163109.0,Aries,Pink,Gardening,13/06/2023 12:20:00,40.70736272696309,-73.99732180087497,40.72590568097433,-73.96909516449597,5.0,9.35923093840979,5.815554687430629,14,4,0,Clear,A,1345.0486096440156,24.21022458334699
REC01062,Lucia Anderson,3786586710.0,Cancer,Yellow,Hiking,13/06/2023 12:37:00,40.79915052562669,-74.00130087753597,40.818855233113254,-74.00958182486497,1.0,14.17954141574549,8.810755829043192,1,4,0,Clear,A,2203.5746118777683,38.310870838012946
REC01063,Carmen Gonzalez,3096355702.0,Sagittarius,Blue,Travel,13/06/2023 12:54:00,40.713424117140725,-73.97371791460485,40.6838007683227,-73.91842505979166,1.0,1.8365814463650665,1.1411984499093077,6,3,0,Clear,A,463.77852419789485,8.981537468151977
REC01064,John Hernandez,3870884111.0,Scorpio,Purple,Travel,13/06/2023 13:11:00,40.651720294845695,-74.01399155074752,40.63548433447812,-74.00096043676743,1.0,1.9808872447480503,1.2308658881563408,5,0,0,,C,352.07886649423824,6.926871138571064
REC01065,Marta Anderson,3770236343.0,Taurus,Purple,Photography,13/06/2023 13:28:00,40.77823722502702,-73.9582509721661,40.833918787629585,-73.95189804444527,2.0,5.633787178228703,3.5006719727231475,18,2,0,,A,894.2445189104524,16.604645726222937
REC01066,Isabel Johnson,3974791950.0,Cancer,Black,Reading,13/06/2023 13:45:00,40.816803365197764,-74.02208726370591,40.830257232794146,-74.01555984634642,2.0,5.627998597472486,3.4970751165100764,14,1,0,,A,1378.5758508101926,18.18270156393904
REC01067,Michael Sanchez,3623614871.0,Pisces,Orange,Reading,13/06/2023 14:02:00,,-74.04346890376941,40.77249902816701,-74.07532131889376,3.0,,3.782224065374479,22,4,0,Clear,A,1013.379955306281,19.18649589833728
REC01068,John Taylor,3607602995.0,Pisces,Pink,Gardening,13/06/2023 14:19:00,40.71649358450718,-74.03656758649795,40.76501724709231,-74.00823766650896,5.0,2.9381140731083955,1.8256588797214368,23,2,0,Clear,A,632.814529481417,11.612592095958307
REC01069,Maria Gonzalez,3488128750.0,Virgo,White,Sports,13/06/2023 14:36:00,40.758579881978285,-74.00057191205252,40.70993033254751,-73.97201368295767,1.0,5.1257741628363265,3.185007417335771,13,5,1,Rain,A,1015.5534776571071,17.6748038140357
REC01070,Sofia Davis,3703100264.0,Aries,Purple,Travel,13/06/2023 14:53:00,40.70983411987575,-73.9314485346548,40.648846849519245,-73.92422988795941,1.0,8.450589053981894,5.250950971061783,15,6,1,Rain,A,1492.5431169262008,24.840007060535044
REC01071,Joseph Ramirez,3547002575.0,Gemini,Pink,Dancing,13/06/2023 15:10:00,40.701419687726926,-73.98137591640928,40.70642688300504,-74.01492555419934,2.0,4.656980708760053,2.893712759982943,19,2,0,,A,1055.3054704643532,16.14308133589337
REC01072,Joseph Thomas,3841548714.0,Pisces,Orange,Reading,13/06/2023 15:27:00,40.7401192478354,-74.00304479719455,40.76532226342697,-73.97036923028524,,7.344110649453505,4.5634173783615735,23,1,0,Rain,A,857.1330630525702,19.04543058821333
REC01073,Michael Brown,3727271961.0,Aries,White,Cooking,13/06/2023 15:44:00,40.7471510398942,-73.98201451946042,40.6958300705308,-74.03602401529831,1.0,8.103634290041015,5.035363342437075,21,1,0,Rain,A,1589.2196765666247,24.652075384149857
REC01074,Marta Torres,3811128249.0,Sagittarius,Blue,Travel,13/06/2023 16:01:00,40.739860715245506,-74.04049663533556,40.70087270944339,-74.06371294489904,,8.438189880719968,5.243246484372847,20,2,0,Rain,A,1362.1716324251938,24.679571514904215
REC01075,Isabel Perez,3549711148.0,Aquarius,Blue,Hiking,13/06/2023 16:18:00,40.833583094369764,-74.06531828649541,40.85737505171027,-74.04791024290985,1.0,,1.1995568401965557,23,6,1,Snow,A,862.7952126764588,11.248564670678027
REC01076,Sofia Davis,3008586530.0,Aquarius,Yellow,Gaming,13/06/2023 16:35:00,40.75213960990824,-74.0293829595399,40.71757120979103,-74.04163150675721,3.0,7.296354728711211,4.533743234134014,21,0,0,Rain,A,1261.1935151957978,22.435702031790623
REC01077,Carmen Miller,3311295020.0,Aquarius,Purple,Gardening,13/06/2023 16:52:00,40.79798700557409,-74.03243933016627,40.79030152718273,-74.06213237482183,1.0,1.4366667552592294,0.8927030583821827,9,3,0,Clear,A,654.3689662829458,8.919777779393213
REC01078,Ana Wilson,3991691417.0,Aquarius,Yellow,Gaming,13/06/2023 17:09:00,40.861594126056744,-73.86003728602215,40.86789085257833,-73.81851332061923,1.0,7.379961306085158,4.585693936723441,23,2,0,,A,1338.6057174669932,20.856238598342678
REC01079,James Lopez,3017656815.0,Libra,Orange,Dancing,13/06/2023 17:26:00,40.72632285024511,-73.88391398492836,40.75496862906361,-73.8499113919903,4.0,7.359135459258757,4.572753359455072,5,5,1,Rain,A,1371.1900493633348,21.17029060560031
REC01080,William Johnson,3089364707.0,Cancer,White,Music,13/06/2023 17:43:00,40.757429215345795,-73.88443088990128,40.74823611078404,-73.8524373195624,1.0,19.817221300678312,12.313846616823783,14,5,1,Clear,C,2777.9854694250243,49.547531672315046
REC01081,John Thomas,3689981890.0,Scorpio,Green,Hiking,13/06/2023 18:00:00,40.79084867843541,-74.0408112485338,40.80562063139409,-74.03084837051391,4.0,4.415917135998267,2.7439228467123793,3,1,0,Snow,A,1235.8981377799955,16.24356280151107
REC01082,Charles Martinez,3825750297.0,Sagittarius,Red,Travel,13/06/2023 18:17:00,40.75610308950822,-73.89226178218388,40.71891723075758,-73.89121690420764,1.0,3.9996379309427468,2.4852590207878253,1,3,0,Clear,A,705.1233787401521,13.397802079689807
REC01083,Sofia Torres,3763283823.0,Gemini,Pink,Dancing,13/06/2023 18:34:00,40.73614447404026,-74.01562798022694,40.75381063309636,-73.96348924492536,2.0,2.099529036865386,1.3045864571660817,18,1,0,Snow,A,1117.3189546194722,11.272954849476667
REC01084,Lucia Miller,3714745094.0,Taurus,Red,Gardening,13/06/2023 18:51:00,40.867176347619456,-73.89775491167649,40.83991359062773,-73.85469620545253,2.0,1.744088924037733,1.0837262788182502,6,6,1,Clear,A,952.0934527824828,11.492501056133294
REC01085,Richard Brown,3524050198.0,Libra,Orange,Photography,13/06/2023 19:08:00,40.80991740777573,-73.95806766324964,40.76849786358058,-73.96059584910535,1.0,6.143588348148279,3.8174476354772446,10,2,0,Clear,A,959.9995432300706,16.692719235285434
REC01086,Michael Torres,3515667560.0,Gemini,Green,Music,13/06/2023 19:25:00,40.644915658979855,-74.02962472634582,40.70687148542037,-73.94828641071672,4.0,5.41328818329193,3.3636602917402896,21,3,0,Clear,A,996.8820805125445,17.262746120080102
REC01087,Charles Garcia,3293550262.0,Gemini,Black,Dancing,13/06/2023 19:42:00,40.817867237495655,-73.8972498998764,40.8727670583529,-73.90100296982541,,2.707457190729748,1.6823353820609344,14,1,0,Clear,A,384.9700014539842,8.473432427455007
REC01088,Laura Rodriguez,3702945170.0,Gemini,White,Dancing,13/06/2023 19:59:00,40.830016964425056,-73.89926105866434,40.83446082489539,-73.88769706114965,2.0,7.47895507017196,4.647205790907821,21,1,0,Clear,A,1031.2747313247892,20.836537415176842
REC01089,Richard Ramirez,3075339916.0,Aquarius,White,Music,13/06/2023 20:16:00,40.80976763365246,-74.03303909042022,40.85618133462882,-73.99132471857571,4.0,3.5147787107351998,2.183981562268242,15,5,1,Clear,A,460.3065522569658,10.983458074840588
REC01090,John Wilson,3615073750.0,Leo,Pink,Dancing,13/06/2023 20:33:00,40.787533158378885,-73.96371765796572,40.77776056219991,-73.95257042849691,1.0,3.68670092381068,2.290809039729166,4,0,0,Snow,A,1387.7476129167517,17.56949346323387
REC01091,Robert Sanchez,3665220672.0,Pisces,Yellow,Reading,13/06/2023 20:50:00,40.827547636663596,-74.07684824431466,40.82346705501374,-74.08477737345852,1.0,7.083509017809258,4.401487081905157,8,6,1,Clear,A,1391.6669686645653,23.176636542409373
REC01092,Marta Garcia,3480751175.0,Pisces,White,Reading,13/06/2023 21:07:00,40.7941313423211,-73.99975316225397,40.788835266410125,-73.98830210003347,1.0,1.0105439558902727,0.6279227084154946,0,1,0,Snow,A,724.1128576482381,7.767105324528938
REC01093,Laura Perez,3889219813.0,Aquarius,Green,Reading,13/06/2023 21:24:00,40.77893618051216,-73.99939690359383,40.75153449252308,-73.99955454395281,1.0,,5.462766446006598,12,6,1,Fog,A,1378.8020741217101,25.74920991204118
REC01094,Carmen Martinez,3934458331.0,Scorpio,White,Music,13/06/2023 21:41:00,40.75670751504549,-74.00044969847276,40.686383913249614,-74.06436590216559,,0.3927275331187363,0.24402949998152232,2,4,0,Clear,A,369.4471763378213,5.0294991551676285
REC01095,Laura Perez,3150598735.0,Aries,Gray,Gardening,13/06/2023 21:58:00,40.69641977482042,-73.89941101183646,40.68714090186523,-73.86930946864337,4.0,1.0039259968588856,0.6238105005942026,4,2,0,Rain,A,767.7988181883386,10.216148694506966
REC01096,William Perez,3316592991.0,Virgo,Red,Gaming,13/06/2023 22:15:00,40.68136353800617,-74.04679413329859,40.720435762909254,-74.06546631949386,1.0,3.427501889565992,2.12975027662151,22,4,0,Clear,A,705.9610085898854,13.163125592934
REC01097,Paula Lopez,3717090838.0,Libra,Pink,Photography,13/06/2023 22:32:00,,-73.99119357103874,40.79692235106937,-74.02571091086146,1.0,0.6334783362592451,0.3936250672797434,13,2,0,,A,280.1713209332974,4.7751629999435
REC01098,Paula Wilson,3860625213.0,Aquarius,Yellow,Gaming,13/06/2023 22:49:00,40.78775269294257,-73.942259012165,40.81218859883998,-73.90611084591814,4.0,1.3990268332921143,0.8693147024295543,4,0,0,Clear,A,602.0886992514329,10.302992873514333
REC01099,William Garcia,3561994501.0,Aries,Gray,Reading,13/06/2023 23:06:00,40.74786432912359,-74.04576211535887,40.759657281771716,-74.03441670011799,1.0,2.990724419032969,1.858349422978935,19,2,0,Clear,A,376.14672578293755,8.345157996896393
REC01100,Maria Ramirez,3935017158.0,Libra,Orange,Travel,13/06/2023 23:23:00,40.70716673271413,-74.02417366515746,40.68176991386355,-74.00378643078557,2.0,1.185185426477138,0.7364398536355257,13,0,0,Rain,A,230.51244700979646,4.646541015840285
REC01101,Lucia Johnson,3202074694.0,Taurus,Pink,Photography,13/06/2023 23:40:00,,-73.92423880729442,40.70094582530759,-73.92802879047747,1.0,,2.1208822769199247,20,5,1,Clear,A,856.6615283180763,13.750171340227931
REC01102,Charles Rodriguez,3842243004.0,Pisces,Orange,Gardening,13/06/2023 23:57:00,,-73.91275165894238,40.72192068738843,-73.9060230226703,2.0,4.740158374565067,2.94539694936187,0,5,1,Clear,A,724.8375761025198,14.218230293288478
REC01103,Maria Perez,3173169288.0,Pisces,Black,Travel,14/06/2023 00:14:00,40.78509366047552,-74.00166372124383,40.75321732742427,-74.01068539926756,1.0,5.9040378878626605,3.668597926419109,10,3,0,Snow,A,1679.9883343740994,25.05019409443472
REC01104,Isabel Anderson,3154863449.0,Aries,Purple,Gardening,14/06/2023 00:31:00,40.86191985254511,-73.93712472041094,40.889506714781675,-73.96296589618946,2.0,,2.4133545504986134,4,6,1,Clear,A,1038.1874581456016,15.862225097128803
REC01105,Marta Sanchez,3158448850.0,Capricorn,Yellow,Travel,14/06/2023 00:48:00,40.7487744348266,-73.90216163556305,40.70961593232578,-73.88160166765206,4.0,0.09681619809129786,0.060158777824187847,2,4,0,Rain,A,766.4844378757828,9.048029059152592
REC01106,Paula Thomas,3004588250.0,Cancer,Black,Reading,14/06/2023 01:05:00,40.764387802124034,-74.0003590380116,40.74461736390597,-73.99322110071611,1.0,5.550269163089597,3.448776300138146,9,5,1,Fog,A,520.4503782747182,14.192893304985992
REC01107,John Moore,3874071372.0,Taurus,Purple,Travel,14/06/2023 01:22:00,40.80629721847351,-73.94041756388154,40.87280655817193,-73.88877215697157,1.0,9.494093192548958,5.899354181147339,21,6,1,Rain,A,5.0,27.034523413466616
REC01108,Richard Johnson,3805090516.0,Pisces,Green,Reading,14/06/2023 01:39:00,40.746809026980095,-74.00114027119407,40.76785398386748,-74.0682098925882,5.0,2.7945399397470982,1.7364460769005943,8,4,0,Clear,A,607.2742975067855,9.124307085699748
REC01109,Charles Wilson,3244473833.0,Sagittarius,Red,Cooking,14/06/2023 01:56:00,,-74.04766127843054,40.77578918054458,-74.01229688038055,1.0,7.222503619927472,4.487854296817953,14,0,0,Clear,A,1015.938147760817,20.56226573787907
REC01110,Elena Johnson,3958849947.0,Scorpio,Green,Gardening,14/06/2023 02:13:00,40.791099176670656,-73.97981918655269,40.72589527133599,-73.99145651432724,1.0,,1.4045302453117219,5,4,0,Clear,A,545.3271587458781,8.704107074656662
REC01111,Marta Hernandez,3764234878.0,Cancer,Black,Gaming,14/06/2023 02:30:00,,-73.99222230819667,40.80156401121747,-74.00671208977009,1.0,4.618762007858107,2.8699647675848,21,4,0,Clear,A,676.8781238696515,13.377072363383954
REC01112,Marta Miller,3663693187.0,Pisces,Blue,Sports,14/06/2023 02:47:00,40.75270687704284,-74.0263309507004,40.717770662413585,-74.00879722459062,1.0,6.95196999906717,4.319752550290366,5,6,1,Rain,A,1472.5284799445835,22.611278576743064
REC01113,William Sanchez,3808142023.0,Libra,Pink,Music,14/06/2023 03:04:00,40.72597043345091,-73.9969640214691,40.723631309157035,-74.0236104229635,,2.267176990032352,1.4087580334733927,22,0,0,Rain,A,957.1066931895966,12.056929872343638
REC01114,William Torres,3332943904.0,Scorpio,Blue,Reading,14/06/2023 03:21:00,40.76020511558347,-73.99134011782857,40.75449451360467,-74.0048274538767,1.0,4.2632861735321566,2.64908239293385,21,0,0,Clear,A,706.3923893000998,13.127492213280295
REC01115,Lucia Brown,3251381262.0,Sagittarius,Black,Gaming,14/06/2023 03:38:00,40.66513465529106,-73.96606590506885,40.63943520000674,-73.9482304177771,1.0,5.369862939201636,3.33667710439466,7,1,0,Clear,A,1103.4336772024296,16.461815698010202
REC01116,Carmen Garcia,3394297912.0,Leo,White,Hiking,14/06/2023 03:55:00,40.76468530255084,-73.92802486114256,40.799858838149255,-73.94407779581147,3.0,4.486387107333922,2.7877108432711863,1,4,0,Snow,A,1169.7621167982857,16.960045172265335
REC01117,Isabel Lopez,3866102515.0,Cancer,Red,Hiking,14/06/2023 04:12:00,40.79334438250942,-73.92796383236131,40.82199047480948,-73.94913561048217,3.0,3.867663233193244,2.4032537708725195,23,4,0,Rain,A,1014.7720394748007,14.265213455763309
REC01118,Thomas Martinez,3280889350.0,Scorpio,Gray,Gaming,14/06/2023 04:29:00,40.834911946389326,-73.98432642185031,40.801133041790486,-74.0055628058647,1.0,2.7503534292519927,1.70898986068774,3,3,0,Clear,A,798.1458925901167,12.139056687517906
REC01119,Paula Martinez,3877216709.0,Gemini,Blue,Music,14/06/2023 04:46:00,40.79623231170085,-74.00734919755227,40.84345446040724,-73.99682302567912,1.0,10.995301237006709,6.832161324940095,1,4,0,Snow,A,2185.174293683337,32.65845699987744
REC01120,Ana Moore,3586279857.0,Taurus,Yellow,Reading,14/06/2023 05:03:00,,-73.91300643238071,40.587208873665816,-73.94914547736079,5.0,11.657851849115106,7.243851061336502,8,0,0,,A,1847.4044891155925,33.16179428316271
REC01121,Isabel Hernandez,3342025039.0,Aquarius,Pink,Sports,14/06/2023 05:20:00,40.819588906969216,-73.9849845136354,40.869516022279804,-73.96231434042079,5.0,6.922940949218876,4.301714740557082,4,2,0,Clear,A,1329.7156381113975,21.004160484324473
REC01122,Sofia Moore,3105070655.0,Gemini,White,Reading,14/06/2023 05:37:00,40.82334746564267,-74.00985540050866,40.817020654854815,-73.94638805747566,5.0,2.2247113628622346,1.3823711242530696,18,6,1,Clear,A,400.4173489415285,10.285065619346641
REC01123,Lucia Johnson,3679013953.0,Virgo,Blue,Music,14/06/2023 05:54:00,40.70396823335812,-73.97149192211393,40.69195357307128,-73.97139173121616,5.0,5.65371301145276,3.5130533076394133,18,6,1,Snow,A,1337.4953495360076,18.119451739305436
REC01124,Paula Sanchez,3886242008.0,Scorpio,Red,Music,14/06/2023 06:11:00,40.7299689765088,-74.07128979926932,40.774639614709024,-74.05823237060486,2.0,4.698763395898256,2.9196753100726953,8,1,0,Clear,A,830.687309471659,15.41903197309063
REC01125,Joseph Smith,3394969906.0,Gemini,Orange,Reading,14/06/2023 06:28:00,40.82195342327626,-74.00348419502954,40.81702853906095,-73.99554235841306,1.0,1.9926311542452644,1.2381632129445341,4,0,0,Rain,A,400.6632347656214,7.50318767405358
REC01126,Charles Martinez,3314606354.0,Capricorn,Red,Gardening,14/06/2023 06:45:00,40.75277804212481,-74.00687045773536,40.78570607084149,-74.03488245393406,5.0,1.0716966285346232,0.6659212057691873,15,2,0,Clear,A,166.65490301266763,4.56597202306898
REC01127,Joseph Brown,3422679091.0,Taurus,Blue,Photography,14/06/2023 07:02:00,40.7206231413637,-74.01947979079463,40.68158953196867,-74.00998750463525,2.0,2.494394475598974,1.54994438969741,6,6,1,Clear,A,519.1622296751741,9.936099695426336
REC01128,Richard Garcia,3320235108.0,Scorpio,Blue,Gaming,14/06/2023 07:19:00,40.71242710689902,-73.96099725879056,40.71328183701599,-73.95432684809568,2.0,2.455529002855838,1.525794512033535,1,5,1,Clear,A,545.386092639948,9.992023491250004
REC01129,Joseph Perez,3940775166.0,Aquarius,Purple,Photography,14/06/2023 07:36:00,40.88172958415115,-73.92612292347017,40.895965779125646,-73.87296458875903,,7.095919341964371,4.409198497435743,13,5,1,Clear,A,942.4813447331768,19.235196921636124
REC01130,David Miller,3861788100.0,Capricorn,Green,Sports,14/06/2023 07:53:00,40.78937386386449,-73.89537222789666,40.82526586224546,-73.8879364879131,2.0,,3.97847674045218,21,4,0,Clear,A,933.314176021186,18.14493505342455
REC01131,Sofia Miller,3213586746.0,Leo,White,Gardening,14/06/2023 08:10:00,40.73606990117144,-74.00478575216766,40.757443743251216,-73.96752939651964,2.0,23.650865811482326,14.695962140146584,0,0,0,Clear,A,2961.253713207768,56.52975155358694
REC01132,Elena Brown,3010053177.0,Scorpio,Gray,Photography,14/06/2023 08:27:00,40.821431172074206,-73.99413917214524,40.822779026694796,-73.9812644711236,1.0,8.192651783690794,5.090676231483732,7,4,0,Clear,A,1805.1111857974283,27.535798382540907
REC01133,Maria Martinez,3098662803.0,Pisces,Red,Reading,14/06/2023 08:44:00,40.745488387313245,-74.0139858523787,40.759697344253915,-74.02925767585212,1.0,5.749734884328143,3.572718514809863,16,6,1,Clear,A,1202.9775265746794,19.230402211212947
REC01134,Lucia Smith,3041116535.0,Pisces,Purple,Gardening,14/06/2023 09:01:00,40.8105704924545,-73.95309380731914,40.78873819505076,-73.98864966846861,1.0,3.45431697918741,2.1464123956746604,18,3,0,Clear,A,507.1292657562805,11.105777921074896
REC01135,John Thomas,3932058230.0,Cancer,Green,Photography,14/06/2023 09:18:00,40.779061621217025,-74.07337588523858,40.79718363099477,-74.06413146943757,1.0,5.027687492601279,3.1240592049651497,5,3,0,,A,868.4102357527591,15.723077939112764
REC01136,Sofia Garcia,3295632406.0,Virgo,Black,Hiking,14/06/2023 09:35:00,40.733067910514045,-73.99945954006908,40.747398104913316,-73.97665069790078,4.0,1.1285384893397539,0.7012410896595322,13,1,0,Fog,A,170.63055571830304,6.903785071812826
REC01137,Richard Ramirez,3690844878.0,Virgo,Green,Hiking,14/06/2023 09:52:00,40.7749150606102,-73.965425774925,40.751586946234355,-73.96809660282729,1.0,0.9996269289955616,0.6211391844969011,7,2,0,Clear,A,646.344473999716,6.211440912475416
REC01138,Ana Garcia,3458843912.0,Aries,Yellow,Sports,14/06/2023 10:09:00,,-74.01115580782579,40.78062651289772,-74.0301468555558,4.0,6.591824837147961,4.095968790883465,10,0,0,,A,1405.8728887064487,21.20865881847044
REC01139,Thomas Johnson,3758162822.0,Leo,Gray,Music,14/06/2023 10:26:00,40.79004116697425,-74.00144909556334,40.8131767036769,-73.95924095510627,1.0,,1.6897650910789974,13,6,1,Clear,A,302.39917711313603,8.028314437150867
REC01140,Joseph Wilson,3038279908.0,Taurus,Yellow,Gaming,14/06/2023 10:43:00,40.831420760254765,-73.93043134043177,40.90473613372537,-73.9436732426909,,,3.9469246219564966,9,1,0,,A,993.116630937283,19.546018798180903
REC01141,David Garcia,3389385730.0,Taurus,Yellow,Gaming,14/06/2023 11:00:00,40.86059184922911,-73.98283903178425,40.896157244777754,-74.01739557990503,,5.671531788139472,3.524125378728012,16,6,1,Clear,A,916.1128791870694,17.882588858099773
REC01142,Sofia Brown,3133257854.0,Scorpio,Pink,Cooking,14/06/2023 11:17:00,40.770557148553046,-73.92026590892208,40.777307373816505,-73.9222158739131,1.0,3.22006688484389,2.000856180302333,11,4,0,Clear,A,854.2243894011748,11.641604522576221
REC01143,Lucia Moore,3557643351.0,Taurus,Black,Gardening,14/06/2023 11:34:00,,-73.89813290694534,40.663137746695405,-73.89580208960939,1.0,10.001036643018828,6.214354139909252,3,0,0,Rain,A,1671.8989526298835,29.905622656231277
REC01144,William Wilson,3040870484.0,Aries,Gray,Hiking,14/06/2023 11:51:00,40.79383264522207,-73.95346633167183,40.78947370056683,-73.97552927349892,1.0,0.79012287029981,0.49095943804106323,18,0,0,Fog,A,519.6538021644869,7.312675542749385
REC01145,Carmen Brown,3218344541.0,Scorpio,Pink,Sports,14/06/2023 12:08:00,40.73696210039676,-73.99453845345852,40.74030384496683,-73.99728208096586,1.0,0.5807213533699004,0.36084340806480836,16,4,0,Clear,A,312.61415763424634,7.327030411863575
REC01146,Robert Martinez,3709431185.0,Aquarius,Orange,Music,14/06/2023 12:25:00,40.665438873336775,-73.90091756778672,40.688728061709654,-73.95177349481794,,2.2516843048406257,1.3991313281831244,4,1,0,Clear,A,327.3544541713692,7.078446686382451
REC01147,David Gonzalez,3606339513.0,Leo,Black,Photography,14/06/2023 12:42:00,40.78453475177091,-74.10632562204874,40.80708130195141,-74.09361106703395,1.0,9.399528858884398,5.840594646573858,23,1,0,Clear,A,1345.4780407445771,26.262413157683977
REC01148,John Anderson,3716943183.0,Pisces,Pink,Cooking,14/06/2023 12:59:00,40.77197015139913,-74.05758241758701,40.76941387288558,-74.0890789652999,5.0,2.3328969545108698,1.4495945135213737,13,3,0,Fog,A,601.7706556560241,8.935167041222053
REC01149,Joseph Johnson,3709293036.0,Capricorn,Orange,Gardening,14/06/2023 13:16:00,40.709722921647305,-73.94148236681022,40.676742567163245,-73.95293858252737,2.0,3.5843443769697165,2.22720764986205,6,0,0,Clear,A,804.5111077225372,13.216607335034404
REC01150,Charles Lopez,3410088049.0,Taurus,Pink,Hiking,14/06/2023 13:33:00,40.69070378972271,-73.85628677714786,40.68428277649126,-73.87658868101389,1.0,2.7525206488447953,1.7103365080933393,2,1,0,Rain,A,951.0441244143376,11.026737732725788
REC01151,Robert Martinez,3200154704.0,Aquarius,Gray,Dancing,14/06/2023 13:50:00,40.819791134187795,-73.94587315019568,40.794717510334,-73.90382491873864,2.0,7.9757493298511015,4.955899336838909,4,0,0,Clear,A,1271.3389939394565,21.61440998009564
REC01152,James Hernandez,3810838960.0,Scorpio,White,Gaming,14/06/2023 14:07:00,40.77530785950576,-73.97076181734035,40.73884038669782,-73.97986381087402,1.0,6.964348732137772,4.327444336037179,4,3,0,Clear,B,1179.5345441479144,19.515575255525814
REC01153,David Moore,3527079962.0,Aquarius,White,Gaming,14/06/2023 14:24:00,40.71045098133495,-74.00332370066633,40.72870474697887,-74.0286255533661,2.0,3.5060386970846364,2.1785507712461776,7,2,0,Clear,A,1198.980858377233,15.454356847838845
REC01154,Carmen Davis,3304145515.0,Aquarius,Orange,Gaming,14/06/2023 14:41:00,40.783127231500806,-73.95218954738975,40.79349154306504,-73.88947716290562,2.0,2.202563864771966,1.3686093112172213,21,2,0,Fog,A,904.0084344668018,12.678651390838425
REC01155,Joseph Hernandez,3729550397.0,Taurus,Green,Gardening,14/06/2023 14:58:00,40.72898904094545,-73.92209520972958,40.70142298694352,-73.8682563349957,1.0,2.034414627112122,1.2641262512632865,2,6,1,Rain,A,697.0698921586826,9.830179229131266
REC01156,Marta Anderson,3639168403.0,Sagittarius,Gray,Sports,14/06/2023 15:15:00,40.77723835572528,-73.94256285614169,40.767501766292526,-73.9174722191185,2.0,1.5999328930430765,0.9941519016830695,22,3,0,Clear,A,72.9432953070565,5.764305085999748
REC01157,James Sanchez,3512946431.0,Aries,Yellow,Sports,14/06/2023 15:32:00,40.76570394341806,-73.97685909503015,40.77490696357043,-73.95999779147354,1.0,1.6342572680046719,1.015480072877331,0,5,1,Clear,A,418.9995970510322,6.274905995747211
REC01158,James Moore,3008974254.0,Gemini,Red,Hiking,14/06/2023 15:49:00,,-73.92832472231697,40.62950455161665,-73.95428822111334,1.0,11.004930088846514,6.838144414236647,1,0,0,Clear,A,1653.5191686110272,31.053896164488194
REC01159,John Rodriguez,3468251412.0,Scorpio,Gray,Gaming,14/06/2023 16:06:00,40.755414285602114,-73.96474830988429,40.768593203152214,-73.93213296547064,2.0,10.902530793743894,6.774516461839437,6,6,1,,A,1391.8933344093286,28.688455631710468
REC01160,Marta Perez,3823696078.0,Sagittarius,Blue,Photography,14/06/2023 16:23:00,40.74167233454395,-73.9544977896705,40.71880594154183,-73.94355526195977,1.0,4.434997383266952,2.755778759037969,14,1,0,Clear,A,787.8482159649986,15.11099945888991
REC01161,Lucia Rodriguez,3431255178.0,Aries,White,Hiking,14/06/2023 16:40:00,40.7129838151488,-73.93146209591433,40.7237249162682,-73.95056700647648,1.0,0.6232190010723466,0.3872502139153251,13,1,0,Rain,A,314.196664025279,4.233885458947549
REC01162,Robert Perez,3258248457.0,Gemini,Blue,Gaming,14/06/2023 16:57:00,,-74.02670442687435,40.68536920460073,-74.02247946669951,1.0,8.639223098251069,5.368162695783365,12,5,1,Clear,A,1388.195988066016,23.38937750897379
REC01163,Charles Gonzalez,3858281485.0,Sagittarius,Green,Music,14/06/2023 17:14:00,40.739124198152155,-73.98111960041678,40.762280568477735,-73.99504807409738,2.0,12.821504272295625,7.966910931180605,11,5,1,Snow,A,2459.5330799183384,37.770847307400345
REC01164,Sofia Rodriguez,3362436792.0,Taurus,Red,Hiking,14/06/2023 17:31:00,40.73236313102645,-73.97430732445028,40.764608332188644,-74.01997875782997,1.0,2.503768341898545,1.5557690383738407,17,4,0,,A,845.3442043468951,12.397315157590237
REC01165,Lucia Smith,3345988214.0,Leo,Pink,Gaming,14/06/2023 17:48:00,40.78257050665672,-74.0400365231322,40.87344739667924,-73.99907375786421,3.0,3.38633319041997,2.1041692408644472,1,5,1,Clear,A,805.0541965718601,15.09136880197089
REC01166,Sofia Anderson,3395475311.0,Taurus,Black,Hiking,14/06/2023 18:05:00,40.742741974769004,-74.0344856705604,40.78203108968562,-74.08889702307285,2.0,11.566238547486114,7.186925212489994,6,1,0,Rain,A,2031.2267484943936,32.85361754920014
REC01167,John Brown,3088971518.0,Virgo,Black,Music,14/06/2023 18:22:00,40.75442919266033,-74.01129308708322,40.758209903745104,-73.9465932732747,2.0,,0.7277863382987441,9,0,0,Clear,A,626.5601862392964,9.165740103101525
REC01168,Michael Miller,3925502127.0,Taurus,Gray,Reading,14/06/2023 18:39:00,40.766358259690975,-73.92791849404256,40.7652245584884,-73.9343339845491,1.0,9.998354045718363,6.212687251742065,19,0,0,Clear,A,1732.3303223873745,27.757881744834727
REC01169,Carmen Sanchez,3982203464.0,Capricorn,Pink,Cooking,14/06/2023 18:56:00,40.72680437678733,-73.98978445207196,40.69872603396388,-73.97622207265754,1.0,18.33389998506336,11.392153767618806,22,6,1,Rain,A,2760.52767083574,46.72169872851902
REC01170,Laura Ramirez,3379826028.0,Pisces,Black,Cooking,14/06/2023 19:13:00,,-73.97350181074879,40.67284743843417,-73.9574726144358,3.0,8.285415847431318,5.148317130534246,9,3,0,,A,1397.773074529499,26.34796886145209
REC01171,Paula Perez,3096184685.0,Leo,Blue,Sports,14/06/2023 19:30:00,40.86067184651711,-73.96457917378845,40.86881843376636,-73.99426971944527,1.0,5.8888592135390825,3.6591663383759934,5,4,0,,A,893.3717073680307,16.56026687071773
REC01172,Joseph Hernandez,3860981405.0,Virgo,Blue,Gaming,14/06/2023 19:47:00,40.74611430911867,-73.94844176225081,40.75519096934002,-73.954754315482,1.0,4.008741264664378,2.4909155683657693,3,1,0,Clear,A,575.0025170869719,12.110581452864794
REC01173,Marta Torres,3971433870.0,Aquarius,Pink,Travel,14/06/2023 20:04:00,40.73950009105799,-73.95494314123546,40.819790666181675,-73.95798593704407,1.0,3.3264442884350744,2.0669560139491905,7,6,1,Snow,A,1195.39606323919,12.596991591975573
REC01174,Paula Torres,3897826896.0,Sagittarius,Purple,Reading,14/06/2023 20:21:00,40.820673600982666,-73.97662595421085,40.79884242062061,-73.99473321360614,1.0,6.229486263793923,3.870822109219894,12,0,0,Fog,C,1152.5828594733007,18.86910019652892
REC01175,Paula Anderson,3807444533.0,Scorpio,Black,Sports,14/06/2023 20:38:00,40.844356457671644,-73.98692066306728,40.81940691331624,-73.95580233239285,,11.109792609021005,6.903302943259991,4,0,0,Rain,A,2017.3799060814522,32.81912127752131
REC01176,Maria Perez,3021866719.0,Scorpio,Black,Gaming,14/06/2023 20:55:00,,-73.92527320695778,40.829787719064704,-73.96156012605655,4.0,23.881251823887713,14.839117327060931,7,2,0,Fog,A,3177.3598721052012,58.07982472982711
REC01177,Maria Martinez,3424228768.0,Scorpio,Purple,Music,14/06/2023 21:12:00,40.73048326234415,-74.00464418391788,40.71536965598387,-73.9986827646936,,,1.0744541671467933,7,0,0,,A,1107.0328387243396,12.594878226594025
REC01178,Charles Sanchez,3162171663.0,Pisces,Orange,Photography,14/06/2023 21:29:00,40.767363769102566,-73.91199331344097,40.77904129599603,-73.9632983160662,3.0,7.959936828354316,4.94607390697135,8,6,1,Clear,A,1533.1842761748871,24.469305153788675
REC01179,Michael Rodriguez,3111449426.0,Scorpio,Pink,Reading,14/06/2023 21:46:00,40.77922700048495,-74.00854069651194,40.765015511762826,-74.0013627646302,1.0,3.848297798715554,2.391220651485683,13,5,1,Clear,A,728.94741207731,14.129149165143266
REC01180,Paula Hernandez,3727353138.0,Aries,White,Photography,14/06/2023 22:03:00,40.86184170216547,-73.99418340183178,40.853280000489335,-73.98909212659319,,6.935193726417914,4.309328260978026,10,4,0,Rain,A,1086.830833083253,21.043670636130415
REC01181,Maria Ramirez,3261512248.0,Scorpio,Red,Music,14/06/2023 22:20:00,40.77101157290517,-73.94458408845324,40.783898278825625,-73.88735384276303,3.0,1.2640885843785135,0.7854679877638613,22,1,0,,A,133.50014698611236,6.5208731237101905
REC01182,Ana Lopez,3991074307.0,Aries,Green,Gaming,14/06/2023 22:37:00,40.773230429267166,-73.86173560242558,40.75622239152087,-73.88018075899976,1.0,13.832546899829076,8.595143499693693,9,2,0,Clear,A,2426.4392695294687,40.26158434286425
REC01183,William Gonzalez,3468659844.0,Capricorn,Blue,Reading,14/06/2023 22:54:00,40.699344057860905,-74.07680932068372,40.688528560715824,-74.08189195088399,,1.8652981881728339,1.159042200483142,6,0,0,Rain,A,847.0279262848173,10.011724899462818
REC01184,John Martinez,3630240293.0,Pisces,Orange,Reading,14/06/2023 23:11:00,40.687235564809825,-73.93670960725579,40.70309446064664,-73.94390757729283,1.0,3.3166494144203575,2.060869763287792,12,4,0,Clear,A,820.9541809682296,13.291374652251733
REC01185,Ana Ramirez,3279235463.0,Scorpio,Red,Reading,14/06/2023 23:28:00,40.8177194976359,-73.95636835203241,40.81911600858761,-73.90592799505285,3.0,7.830854996972035,4.86586620032351,21,3,0,Snow,A,1669.8006085683073,25.00097669860787
REC01186,Richard Johnson,3948844857.0,Gemini,Purple,Gaming,14/06/2023 23:45:00,40.767290903798575,-74.00266790677098,40.74809858598381,-74.01994354803601,4.0,1.2674636396534236,0.7875651492350875,8,1,0,Clear,A,732.4947704113424,10.318101755318978
REC01187,Ana Gonzalez,3598284007.0,Aries,Green,Sports,15/06/2023 00:02:00,40.77236404293725,-73.96204114579437,40.75790564563104,-73.95528265317728,1.0,3.2310766735565792,2.007697343724525,7,6,1,Clear,A,509.97276273097475,10.572950519274997
REC01188,Joseph Wilson,3077207447.0,Sagittarius,Blue,Hiking,15/06/2023 00:19:00,,-74.04004534346103,40.834952252362456,-74.04884693752024,1.0,3.7334093822304286,2.3198323212459036,16,3,0,Clear,A,450.7987927864505,11.291181236117847
REC01189,William Wilson,3761988858.0,Cancer,Yellow,Gardening,15/06/2023 00:36:00,40.79261531920576,-74.01964436267126,40.80192494155299,-74.0241949634152,,1.711649899644797,1.0635696097921872,23,4,0,Rain,A,827.4978627025645,10.736050117395331
REC01190,Richard Taylor,3854597628.0,Aquarius,Orange,Dancing,15/06/2023 00:53:00,40.78608961870016,-73.95860053275024,40.775244672340456,-73.95826479283458,1.0,-5.0,2.225154011517205,13,3,0,Clear,A,487.5265459428212,12.010851096663439
REC01191,Joseph Anderson,3428290452.0,Gemini,Black,Gaming,15/06/2023 01:10:00,40.781796214520305,-74.03041505269081,40.80777247074627,-73.99747174557312,1.0,2.4751040148801504,1.537957856830094,17,5,1,Clear,A,499.535279511275,7.889827087975347
REC01192,James Martinez,3122083149.0,Aquarius,Pink,Dancing,15/06/2023 01:27:00,40.75693444853984,-73.97244993384086,40.770019947114314,-73.92883532122856,1.0,,5.1826988851101605,8,1,0,,A,1351.487523406072,24.10945329736266
REC01193,Michael Perez,3182805062.0,Sagittarius,Pink,Photography,15/06/2023 01:44:00,40.76045564496984,-74.01319084295338,40.80110155797487,-74.05482783953583,4.0,5.267015213133731,3.2727705100001194,21,4,0,Clear,A,363.2612990830685,13.302102148739712
REC01194,James Torres,3859508034.0,Taurus,Green,Hiking,15/06/2023 02:01:00,40.79580212250731,-74.00266873543427,40.822376261153956,-73.97923174505935,1.0,0.6218195965396366,0.38638066452143055,20,0,0,,A,318.1943856137645,5.3242397118737115
REC01195,Sofia Ramirez,3247416859.0,Cancer,Blue,Music,15/06/2023 02:18:00,40.703079771673046,-73.92620904614577,40.738073994924065,-73.88856350490332,1.0,2.263440940035914,1.406436560351056,22,3,0,Clear,A,410.5857159581219,7.694541746780882
REC01196,David Garcia,3822939218.0,Gemini,Yellow,Dancing,15/06/2023 02:35:00,40.69747899980485,-74.03825561277392,40.687272963001284,-74.02805604637882,1.0,1.3451458794963842,0.8358346402885477,14,2,0,Fog,A,191.08532392710669,6.192647641256269
REC01197,Thomas Wilson,3117186700.0,Scorpio,Purple,Photography,15/06/2023 02:52:00,40.754084847834655,-73.98169046816673,40.727418122910656,-73.94616676025821,1.0,2.1249368208634705,1.3203741173167556,15,3,0,Clear,A,572.1753053270062,10.830859323192639
REC01198,Charles Moore,3908597050.0,Virgo,Green,Travel,15/06/2023 03:09:00,40.75745664809646,-73.95607355052314,40.78061182051469,-73.99354089209643,2.0,5.319221338634107,3.305209882408414,19,4,0,Clear,A,1064.0986420362367,17.992112268937994
REC01199,Isabel Gonzalez,3395105972.0,Taurus,Purple,Photography,15/06/2023 03:26:00,40.78622298657838,-73.96709806014007,40.80966261435133,-73.95185688815847,1.0,11.014300014630651,6.8439666143910625,8,2,0,Rain,A,2133.70342782256,33.364888185587716
REC01200,David Lopez,3525290688.0,Aquarius,Yellow,Music,15/06/2023 03:43:00,40.738885038374164,-74.0095831969245,40.7357443226015,-73.97212437966826,1.0,2.0477617310804703,1.272419754603203,9,6,1,Rain,A,632.1265190388848,8.439605403836559
REC01201,Elena Ramirez,3283764966.0,Sagittarius,Red,Reading,15/06/2023 04:00:00,40.71110435084112,-73.96173549756786,40.679801255654674,-73.98063913755779,2.0,7.4770316879902134,4.646010656998167,13,6,1,Clear,A,1261.4223089410843,24.112664451620283
REC01202,David Gonzalez,3922489381.0,Gemini,Yellow,Music,15/06/2023 04:17:00,40.78008784958078,-74.03148534233358,40.789296488396154,-74.07012880437432,3.0,1.9185153616381148,1.192109808776437,11,6,1,Rain,A,452.16235353526474,9.074732788011934
REC01203,Thomas Taylor,3207414012.0,Virgo,Gray,Gardening,15/06/2023 04:34:00,40.81732964347334,-74.0043467244787,40.82898297437924,-73.97009146713904,1.0,0.23194128657135393,0.14412158917812876,7,4,0,Clear,A,696.0075161028208,8.221824888084853
REC01204,Charles Hernandez,3625420936.0,Sagittarius,Gray,Cooking,15/06/2023 04:51:00,40.76825193499466,-73.90046515856257,40.72751973261243,-73.91314871281239,1.0,800.0,2.23803022201341,16,4,0,Fog,A,664.2174480488862,12.471219202924358
REC01205,Ana Brown,3894964180.0,Pisces,Blue,Gaming,15/06/2023 05:08:00,40.67730173913807,-73.9480311403494,40.68852994504712,-73.96537989051455,1.0,3.680502319893738,2.286957407014692,16,2,0,Clear,A,511.76980475144126,11.982190789701104
REC01206,Michael Thomas,3741411520.0,Aries,Purple,Hiking,15/06/2023 05:25:00,40.76377752607994,-73.97986192552877,40.79829679745539,-74.03627332295936,3.0,1.3300645538181928,0.8264635418705643,18,6,1,Clear,A,365.0884402840542,8.551754662969717
REC01207,Lucia Brown,3657140807.0,Aquarius,Black,Travel,15/06/2023 05:42:00,40.653430881529424,-73.95750287644616,40.61401524567461,-73.97290897778991,1.0,2.303122152855753,1.4310933152421321,23,4,0,,A,514.289879502496,8.818765753952539
REC01208,James Brown,3047433241.0,Virgo,Yellow,Gaming,15/06/2023 05:59:00,40.74794597756523,-74.02030999317037,40.7638211592238,-74.0412656390724,1.0,4.50431354383313,2.798849811045136,23,2,0,Snow,A,1381.923347313032,20.19355321249522
REC01209,Charles Sanchez,3285635134.0,Capricorn,Green,Reading,15/06/2023 06:16:00,40.6495114515773,-73.965934798565,40.688821863151624,-74.02001615323896,1.0,9.33147780298289,5.798309693917282,17,0,0,Snow,A,1551.908696039469,28.04971493933269
REC01210,Marta Moore,3291607643.0,Sagittarius,Red,Sports,15/06/2023 06:33:00,40.728493582948566,-74.0025680023506,40.769679200117984,-74.02012235862055,4.0,3.4417074711050404,2.13857721302801,12,4,0,,A,508.99627354541866,11.805064638381358
REC01211,Michael Johnson,3449145040.0,Sagittarius,Yellow,Dancing,15/06/2023 06:50:00,40.77555258486041,-74.0089977087106,40.71932056079581,-73.97344243437686,,8.792258251154724,5.463254301778262,16,0,0,Clear,A,1427.263094745098,24.668734177622888
REC01212,Lucia Smith,3673077308.0,Aquarius,Purple,Music,15/06/2023 07:07:00,40.73572847558597,-73.98619496107526,40.76835758850245,-73.97592997738245,1.0,2.2787974012166283,1.4159786199913775,3,1,0,Clear,A,620.9842784487039,11.22407385029581
REC01213,Marta Thomas,3093384504.0,Capricorn,Orange,Sports,15/06/2023 07:24:00,40.8074364789777,-74.01006743797139,40.79802996977009,-74.05917953714467,2.0,4.266369154981758,2.65099806820017,17,3,0,Rain,A,1571.849352793802,18.406259875192063
REC01214,Joseph Torres,3107737108.0,Taurus,Black,Travel,15/06/2023 07:41:00,40.760953566819076,-73.97294188061329,40.74806477622999,-73.96124207500924,4.0,5.430386024148641,3.3742843942112652,20,0,0,Rain,A,1384.9143925302524,20.638022110191926
REC01215,Charles Ramirez,3278279259.0,Virgo,Pink,Hiking,15/06/2023 07:58:00,40.69381791979225,-73.95917474864429,40.769188567119535,-73.93737347543086,1.0,4.106624346823892,2.5517372770103086,22,3,0,Snow,A,1078.114132879071,14.485636399910064
REC01216,Marta Hernandez,3861185873.0,Capricorn,White,Travel,15/06/2023 08:15:00,40.795033432107374,-73.99364247028035,40.80163044352944,-73.9905228164689,3.0,3.774290168912904,2.34523445654758,9,2,0,Rain,A,1387.5719093124299,16.320233518572092
REC01217,Carmen Thomas,3222440992.0,Taurus,Black,Gaming,15/06/2023 08:32:00,40.78446169570907,-74.12258589783178,40.772977083370556,-74.12364218894186,1.0,8.419860737945378,5.231857286597857,9,1,0,Clear,A,1545.8088129121427,25.459653252491727
REC01218,Carmen Gonzalez,3381955932.0,Libra,White,Music,15/06/2023 08:49:00,40.81369113429948,-74.0234298200965,40.83766777773746,-74.04721964263477,2.0,5.450909163761832,3.387036877995853,4,2,0,Clear,A,1145.4888550448677,18.708427443403085
REC01219,Marta Rodriguez,3765766878.0,Cancer,Purple,Travel,15/06/2023 09:06:00,40.7854866605681,-74.03408295303952,40.83605622512075,-74.02153392656867,2.0,8.975507482494448,5.577120059905058,0,4,0,Rain,A,1688.7831510173214,25.34911791687614
REC01220,Marta Miller,3368187915.0,Sagittarius,Blue,Travel,15/06/2023 09:23:00,,-73.96148528468123,40.77869377863861,-73.94393243910118,4.0,4.552114769800279,2.8285521066255694,13,5,1,Clear,A,1039.5531533557669,14.203406700055405
REC01221,Lucia Thomas,3787691509.0,Scorpio,Orange,Gardening,15/06/2023 09:40:00,40.70035236460165,-74.01648183244362,40.68434221054424,-74.00806533818593,1.0,2.5578020231794745,1.5893440009450532,9,3,0,Snow,A,1342.5450226619448,13.98503769388198
REC01222,Charles Davis,3723591482.0,Virgo,Orange,Travel,15/06/2023 09:57:00,40.79065954100262,-74.00504285008698,40.793396663875875,-73.95268221407437,3.0,0.2149068891030163,0.13353690858883036,4,5,1,Clear,A,307.7806581545505,5.831638929734515
REC01223,Charles Taylor,3803401773.0,Cancer,Yellow,Reading,15/06/2023 10:14:00,40.74267829458018,-73.93801330756911,40.77540402259678,-73.94417687363298,2.0,,0.4950345343395328,21,2,0,,A,206.261899457342,6.059078448924453
REC01224,Carmen Rodriguez,3638372562.0,Pisces,Red,Reading,15/06/2023 10:31:00,40.790303070215316,-74.01902699693898,40.78097609113154,-74.0581295648727,3.0,7.5000470298742385,4.660311722999985,8,6,1,Clear,A,1240.5281539985792,21.18709966789015
REC01225,Robert Rodriguez,3943750624.0,Gemini,White,Reading,15/06/2023 10:48:00,40.861506867668446,-73.96985680703325,40.89426129159149,-73.91962858021998,2.0,5.016559573512861,3.11714463875326,16,3,0,Clear,A,671.1931766088809,13.508317841338798
REC01226,David Thomas,3599021173.0,Sagittarius,Orange,Dancing,15/06/2023 11:05:00,40.81033787123022,-74.0108901593129,40.806125644448464,-74.06757576777947,,2.367395738299126,1.4710310573026661,18,4,0,Clear,A,479.10656870815404,8.157410036775762
REC01227,David Thomas,3049310813.0,Virgo,Orange,Photography,15/06/2023 11:22:00,40.764252505727804,-74.0035524902919,40.70861403460921,-74.01551303310283,,7.335139148582534,4.5578427478938774,4,5,1,,A,1347.5387805357996,21.256075125309515
REC01228,Elena Martinez,3871433477.0,Gemini,White,Music,15/06/2023 11:39:00,40.75366699363555,-74.03817786274085,40.799264393205,-74.06580742488661,3.0,,5.283664865434296,0,4,0,Clear,A,1407.013330013372,24.044103064346107
REC01229,Joseph Wilson,3737777555.0,Cancer,Black,Hiking,15/06/2023 11:56:00,40.729113982789094,-74.00606420850616,40.73917285616268,-74.00912284145748,4.0,3.9954050482965613,2.4826288302650825,6,5,1,Clear,A,567.8769335256248,12.36575081940234
REC01230,Lucia Taylor,3696194677.0,Aquarius,Blue,Sports,15/06/2023 12:13:00,40.63385139198959,-73.95461468599058,40.66547082045419,-73.9587008243071,1.0,3.024522755295558,1.879350728980756,0,3,0,Clear,A,753.4986173756527,13.892147494632862
REC01231,Ana Torres,3847894432.0,Scorpio,Orange,Sports,15/06/2023 12:30:00,40.752322969696735,-74.02825272482474,40.761392135154836,-74.05694170383732,1.0,6.833504209126966,4.246141343929432,9,1,0,Clear,A,1020.3353472068675,19.250817863273912
REC01232,Robert Martinez,3330577180.0,Cancer,Gray,Gaming,15/06/2023 12:47:00,40.72431086158789,-74.01577644943593,40.7254265979396,-73.98375404361411,2.0,5.192459830577026,3.2264439573854773,2,3,0,Clear,A,925.2421266885949,16.857853522484913
REC01233,Lucia Torres,3375316410.0,Cancer,Blue,Gaming,15/06/2023 13:04:00,40.766095168488114,-73.87050168412046,40.78820193046867,-73.87454363343542,1.0,,1.69284809218751,16,3,0,Snow,A,1270.6884374963236,16.76773813929728
REC01234,Maria Martinez,3155597044.0,Sagittarius,Gray,Gaming,15/06/2023 13:21:00,40.72418700654623,-73.96716490924733,40.71956793657678,-73.93059757973008,1.0,5.255460386415479,3.2655906757673727,22,2,0,Rain,A,902.025238233939,15.967674148610373
REC01235,Michael Wilson,3583463477.0,Gemini,Blue,Sports,15/06/2023 13:38:00,40.76105274792844,-73.96307996689139,40.81545401209598,-73.99815198302767,1.0,4.426716553049928,2.750633291285187,9,3,0,Snow,A,1425.0195102720822,18.490568066718453
REC01236,Robert Miller,3664197044.0,Capricorn,Green,Photography,15/06/2023 13:55:00,40.81230326332565,-74.01130956807593,40.811390088667196,-74.04370076450196,2.0,,0.2869460603469888,8,6,1,Fog,A,265.2038017389662,5.047869759739659
REC01237,Laura Miller,3418195618.0,Taurus,Yellow,Hiking,15/06/2023 14:12:00,,-73.92788999073619,40.812397295571806,-73.96108362760323,3.0,6.978054979892906,4.335961000911035,8,1,0,Clear,A,1544.2103543160647,23.759113299157715
REC01238,James Perez,3966931993.0,Libra,Orange,Music,15/06/2023 14:29:00,40.695691771299,-73.9197518121305,40.71383120194372,-73.90418225023848,,12.110352190323823,7.525021650853704,10,1,0,Rain,A,2423.5009640295916,37.05205548971246
REC01239,Lucia Hernandez,3363310358.0,Aries,Gray,Reading,15/06/2023 14:46:00,40.708460869412065,-74.01024846872717,40.63702605033992,-73.95782445790242,5.0,5.493448869593893,3.413469817548427,12,5,1,Clear,A,1005.088293801147,17.528251292530292
REC01240,Charles Moore,3721216932.0,Gemini,Yellow,Music,15/06/2023 15:03:00,,-73.92656660737318,40.75483850579237,-73.9356827259128,2.0,5.400409603884042,3.3556579159750313,8,3,0,Fog,A,1200.9327847998934,20.383025709780394
REC01241,Elena Rodriguez,3413940634.0,Capricorn,Purple,Gaming,15/06/2023 15:20:00,40.78765385680278,-73.91300928071172,40.81314371691787,-73.98241779161624,4.0,3.988692994771875,2.478458154854395,20,0,0,Clear,A,952.4500563114259,15.10467430854025
REC01242,Thomas Thomas,3031397807.0,Gemini,Yellow,Photography,15/06/2023 15:37:00,40.706415955146454,-74.0834495204071,40.678861169731746,-74.06921284024365,1.0,2.0069330516472537,1.2470499972351057,11,5,1,Clear,A,582.6014363934928,8.531718410813248
REC01243,Robert Gonzalez,3873061295.0,Libra,Green,Hiking,15/06/2023 15:54:00,40.74856377292697,-73.93701713334144,40.707872580354866,-73.91707612222199,1.0,1.95459025392155,1.2145257006694874,6,6,1,Fog,A,289.79821554181694,7.24823147265711
REC01244,Michael Smith,3409287830.0,Capricorn,Blue,Music,15/06/2023 16:11:00,40.79523403648788,-74.01820969183466,40.833757248156346,-74.04923180564859,1.0,3.2833601298892368,2.040184767269405,21,5,1,Snow,A,1013.3344198079684,11.966481994018878
REC01245,Ana Miller,3914477349.0,Libra,Green,Hiking,15/06/2023 16:28:00,40.83603837240838,-73.91372395376845,40.788391782027894,-73.89675532418251,1.0,2.1703304537229924,1.3485804043603096,21,3,0,Clear,A,385.12881768296126,8.348106115252218
REC01246,Charles Taylor,3551547825.0,Sagittarius,Purple,Gardening,15/06/2023 16:45:00,,-74.02003055374904,40.78216006112993,-73.99570665769002,5.0,4.017649792615277,2.496451069287147,2,2,0,Clear,A,398.40791075056393,11.072745099772192
REC01247,Charles Torres,3416406257.0,Taurus,Pink,Music,15/06/2023 17:02:00,40.740047479989926,-73.94965099596857,40.72914870683212,-74.01112866909351,3.0,,0.0653800662232672,11,0,0,Rain,A,609.904894722875,6.942244513711955
REC01248,Michael Brown,3309811101.0,Virgo,Gray,Gaming,15/06/2023 17:19:00,40.73151628555291,-74.06797590118926,40.75258547170152,-74.03449266471138,3.0,2.4748631049293324,1.5378081623730442,12,4,0,Clear,A,281.37009334700076,9.929653785669835
REC01249,Thomas Davis,3799657266.0,Capricorn,Black,Sports,15/06/2023 17:36:00,40.75715657718184,-73.92422329201078,40.765154279380845,-73.88886017976708,1.0,,0.8728541717214635,21,4,0,Snow,A,994.5724618386258,10.448728655475023
REC01250,Thomas Rodriguez,3162771824.0,Libra,Pink,Dancing,15/06/2023 17:53:00,40.81945360441076,-73.97632651187145,40.757257812319466,-73.9855726730189,1.0,,5.372035075378532,9,0,0,Snow,A,1820.3633077291904,28.476328336624192
REC01251,Richard Johnson,3435818858.0,Taurus,Orange,Photography,15/06/2023 18:10:00,40.757238040288684,-73.9154345968918,40.74778977952458,-73.89608032919344,1.0,13.740418511690311,8.537897591027521,5,5,1,Clear,A,1953.7225903430071,36.19317240039567
REC01252,Paula Lopez,3669367529.0,Aries,Black,Gardening,15/06/2023 18:27:00,40.77499987843508,-74.01582561840411,40.76767473439494,-73.95653248869614,3.0,0.9207139404683014,0.5721049419027289,20,6,1,Clear,A,401.99287559456985,4.430631997635843
REC01253,Thomas Brown,3182906385.0,Pisces,Green,Sports,15/06/2023 18:44:00,40.678918856310425,-73.96933895998534,40.691191045560366,-73.98906211305619,1.0,10.575830530239937,6.57151439240572,19,3,0,,A,1850.968164800725,29.825270824374698
REC01254,James Davis,3292178623.0,Gemini,Orange,Hiking,15/06/2023 19:01:00,40.82971930025192,-73.90404615377037,40.839274860790404,-73.86922485161597,5.0,3.721701715006482,2.3125575163552927,4,6,1,Clear,A,827.7677934279959,13.464373157042532
REC01255,William Thomas,3001470685.0,Leo,Pink,Cooking,15/06/2023 19:18:00,40.81684295836666,-73.98128788281981,40.809488058070315,-73.9739330232306,1.0,6.657076382277559,4.136514208732189,22,4,0,Clear,A,1037.5129349464082,18.515311621052657
REC01256,Lucia Gonzalez,3920100946.0,Capricorn,Black,Gardening,15/06/2023 19:35:00,,-73.9585171310792,40.70116964229546,-73.99271066425085,1.0,,2.888227673069257,12,2,0,Rain,A,1027.400361718722,17.16636227497485
REC01257,James Wilson,3091290614.0,Gemini,Orange,Dancing,15/06/2023 19:52:00,40.74478259643172,-73.94503339804592,40.759215946399415,-73.99965233175139,4.0,12.80183463869663,7.954688791281563,19,4,0,Clear,A,1657.9704574588282,32.56963589826715
REC01258,Richard Hernandez,3515048044.0,Taurus,Black,Cooking,15/06/2023 20:09:00,40.808967996107036,-74.05760259263099,40.835102764261414,-74.03594639382692,3.0,,1.3599160693258054,19,2,0,Clear,A,583.5028752144096,8.302672031301764
REC01259,Lucia Taylor,3644537407.0,Aquarius,Gray,Gaming,15/06/2023 20:26:00,40.89726418075509,-74.00605487202152,40.907189011388844,-74.04524250140925,2.0,6.709861835542119,4.169313558612642,8,0,0,Clear,A,1200.9326719598102,20.103677135981187
REC01260,Joseph Gonzalez,3379600553.0,Capricorn,White,Travel,15/06/2023 20:43:00,40.6657609235567,-73.92310611588205,40.65917708508872,-73.89406822828457,4.0,5.226545550469892,3.247623835241027,8,2,0,,A,852.4308796120572,15.282156469865447
REC01261,Thomas Sanchez,3706473386.0,Capricorn,Yellow,Gaming,15/06/2023 21:00:00,40.72445306398973,-74.08238126840516,40.71333988877748,-74.14791748449485,5.0,6.085338902599032,3.781253119246863,6,1,0,,A,1123.346610085572,19.35014854515576
REC01262,John Sanchez,3683014144.0,Aquarius,Blue,Music,15/06/2023 21:17:00,40.73029040264006,-73.92409612367713,40.702758427928416,-73.91962477738814,4.0,9.64236689159122,5.991487157794928,6,1,0,Snow,A,2188.2584213088617,32.194737622702746
REC01263,Laura Sanchez,3235074732.0,Virgo,Yellow,Travel,15/06/2023 21:34:00,40.80204818470122,-74.00943586740661,40.80950030078976,-74.01904901400829,4.0,6.094868726283469,3.7871746753194855,0,1,0,Clear,A,952.4214621064305,16.515907276322594
REC01264,Paula Ramirez,3427268547.0,Scorpio,Pink,Photography,15/06/2023 21:51:00,40.76771850500349,-73.87723640023356,40.77346968297792,-73.8269288128907,1.0,2.2176055850503893,1.3779557999883454,17,1,0,Fog,A,371.4777916576769,7.832311765142841
REC01265,Isabel Taylor,3379153572.0,Cancer,Red,Cooking,15/06/2023 22:08:00,40.72438183984373,-73.95815618246482,40.749468119937,-73.95138597147103,1.0,5.836005316155905,3.626324459305111,11,0,0,Clear,A,846.2762825250386,16.74706450669646
REC01266,John Davis,3140004933.0,Taurus,Green,Travel,15/06/2023 22:25:00,40.679188141229034,-74.02002635219236,40.660500612115676,-74.00164657777397,3.0,3.131366378602871,1.9457402580388448,13,6,1,Rain,A,905.6368766312311,15.09069648310571
REC01267,Laura Torres,3975730791.0,Leo,White,Gaming,15/06/2023 22:42:00,40.800565036472875,-73.93102673549498,40.804141170884904,-73.94395163192785,1.0,7.890843720289916,4.9031414533202655,14,2,0,Clear,A,1006.962463629641,21.74508490604714
REC01268,Paula Brown,3927317488.0,Capricorn,Purple,Dancing,15/06/2023 22:59:00,40.73998738286239,-73.90833835546273,40.70050439748789,-73.9136965569185,2.0,5.308030428244094,3.298256175228461,2,5,1,Snow,A,1374.2543524037385,19.385756340345573
REC01269,Robert Moore,3131770219.0,Scorpio,Orange,Dancing,15/06/2023 23:16:00,40.692105382066785,-73.94979048154444,40.681921612029996,-73.9182199474806,4.0,1.0448720626635286,0.6492531984492994,2,3,0,Snow,A,724.8404528798086,8.124954620559944
REC01270,David Moore,3638846833.0,Sagittarius,Gray,Dancing,15/06/2023 23:33:00,40.71589001769145,-74.00229584744088,40.6990373022008,-74.00180618910848,,1.1819787033179456,0.7344472888593752,18,1,0,Rain,A,667.0036182645872,8.622526015365311
REC01271,Thomas Perez,3775445624.0,Sagittarius,Green,Reading,15/06/2023 23:50:00,40.7287401806275,-73.90808608436454,40.76046926001617,-73.93565553411024,1.0,,3.9601421049428516,8,1,0,Clear,A,1275.9994680042505,18.554229168335787
REC01272,Richard Garcia,3543822622.0,Cancer,Blue,Music,16/06/2023 00:07:00,40.73500024490297,-74.02644559221764,40.78619105778468,-73.99223463898208,2.0,10.098479547774089,6.274902335079934,17,6,1,Clear,A,1310.913372121958,26.367916450616853
REC01273,Carmen Davis,3480948517.0,Gemini,Gray,Sports,16/06/2023 00:24:00,40.697763822753764,-73.9264233670239,40.66247326458215,-73.87584712888298,1.0,7.375883451284814,4.583160076008296,0,4,0,,A,1273.8067689487161,22.814853689016697
REC01274,Elena Rodriguez,3475178261.0,Aries,Green,Gaming,16/06/2023 00:41:00,40.69839442168462,-74.10041631480854,40.72562465642487,-74.05533147706893,1.0,2.9732761507569765,1.8475075750720134,16,1,0,Clear,A,654.8710499398145,10.583322321200882
REC01275,Isabel Taylor,3931467476.0,Capricorn,Green,Dancing,16/06/2023 00:58:00,40.86847639724411,-73.97411824572883,40.88889315782165,-73.93541006136664,3.0,9.196583513815973,5.714490294563345,21,3,0,Rain,A,1599.6426368848015,26.66100162203977
REC01276,Laura Davis,3472928725.0,Capricorn,White,Sports,16/06/2023 01:15:00,,-74.00790950366931,40.75000500181158,-74.01639222912436,4.0,2.874257809442267,1.785980449310951,11,3,0,Rain,A,721.911686690109,12.584483093066355
REC01277,Elena Rodriguez,3576926834.0,Gemini,Yellow,Photography,16/06/2023 01:32:00,40.72942826836063,-74.04861904448823,40.706875503957825,-74.07805901836717,,2.6453067608634906,1.643716907304508,22,5,1,Clear,A,452.7257579079386,8.10220163455727
REC01278,James Moore,3394161836.0,Sagittarius,Black,Reading,16/06/2023 01:49:00,40.768898584999555,-73.91475570619222,40.745965658687595,-73.9503485095673,1.0,6.650980214032382,4.132726226573515,17,6,1,Clear,A,100000.0,18.801472230224068
REC01279,William Martinez,3502924450.0,Leo,Red,Hiking,16/06/2023 02:06:00,40.75802783041161,-74.08736197506441,40.74670622961099,-74.12657923026876,3.0,,0.6096493970331057,1,4,0,Clear,A,141.87320993455802,4.590012042351491
REC01280,James Johnson,3523636060.0,Aquarius,Blue,Hiking,16/06/2023 02:23:00,40.70466719378571,-73.91080918552372,40.69390353295195,-73.91361475649262,6.0,11.214715540525027,6.968499010131577,23,5,1,Rain,A,1777.1598639437914,31.667595175779795
REC01281,Michael Martinez,3513077015.0,Leo,Gray,Hiking,16/06/2023 02:40:00,,-74.05663867711988,40.64964269761386,-74.00349947941807,1.0,3.3161773545454403,2.0605764389712546,6,0,0,Clear,A,654.5162739677094,12.077863107761521
REC01282,Carmen Taylor,3405921981.0,Taurus,Red,Cooking,16/06/2023 02:57:00,40.72345597660726,-73.9273323120529,40.708157490170656,-73.97695311468158,2.0,,5.3447307197569485,3,5,1,,A,1212.5188767719014,23.739404583570828
REC01283,Robert Gonzalez,3383529232.0,Leo,White,Reading,16/06/2023 03:14:00,40.740873917316705,-74.0189659182313,40.76505275240119,-74.01846273969424,2.0,12.392430164806363,7.700296723935895,22,6,1,Clear,A,1973.8719432931784,34.92944076066793
REC01284,Robert Hernandez,3864551907.0,Gemini,Orange,Reading,16/06/2023 03:31:00,40.7445221285128,-74.07768570145318,40.759785750436045,-74.08728965557187,2.0,2.408112101299535,1.4963310244965933,3,0,0,Clear,A,474.23876930253755,9.508658965074943
REC01285,Maria Miller,3158194604.0,Sagittarius,Purple,Hiking,16/06/2023 03:48:00,40.658428950071595,-74.00264103016414,40.65323197095879,-74.03791038543622,1.0,10.872386738438442,6.7557858200502325,20,2,0,Snow,A,2009.675085623541,32.00818649870123
REC01286,James Hernandez,3958253119.0,Aquarius,Gray,Photography,16/06/2023 04:05:00,40.87400338756632,-73.95180726317076,40.85782020289798,-73.95940941632654,5.0,1.7481711197203043,1.086262836831725,10,5,1,Rain,A,710.4309506566899,10.481568548727665
REC01287,Sofia Lopez,3893550385.0,Pisces,Gray,Hiking,16/06/2023 04:22:00,40.870135808520764,-74.0249182904975,40.8531517094379,-73.98622683639246,1.0,2.4621770951414015,1.5299254437851078,23,6,1,Clear,A,431.9400811952969,9.554148196444366
REC01288,Sofia Anderson,3457020923.0,Pisces,Green,Travel,16/06/2023 04:39:00,40.77224118741055,-73.96698779077678,40.785403730892845,-73.96016780299894,1.0,2.465705559077494,1.5321179289495415,3,5,1,Rain,B,605.1245990328247,10.179173701906167
REC01289,Charles Sanchez,3288728598.0,Taurus,Blue,Gardening,16/06/2023 04:56:00,40.75127464585234,-73.94551028756696,40.752959896188464,-73.92669426314977,1.0,6.17187437431908,3.835023751845021,22,3,0,Rain,A,1173.8577536088258,18.398612825751343
REC01290,Richard Perez,3915583561.0,Aries,Yellow,Sports,16/06/2023 05:13:00,40.7217589532072,-73.90534837570125,40.72772138818991,-73.87327852904278,2.0,2.3430748939312314,1.4559187899169432,14,3,0,Clear,A,121.65463557820219,8.351406056311257
REC01291,Charles Lopez,3572685172.0,Leo,Red,Gaming,16/06/2023 05:30:00,40.77892632100691,-73.97683741064748,40.80467819181891,-73.9652365240766,2.0,1.4081831969534284,0.8750042012741488,1,5,1,Clear,A,60.0,5.195427571902194
REC01292,Charles Perez,3440094428.0,Aquarius,Orange,Dancing,16/06/2023 05:47:00,40.744149729768004,-73.92171287687508,40.74252014803398,-73.93276128206807,1.0,3.415477294441623,2.122278541924486,1,1,0,Fog,A,465.18596540928155,9.567595659880302
REC01293,Charles Wilson,3526760548.0,Pisces,Gray,Music,16/06/2023 06:04:00,40.81261142246082,-73.93753621687712,40.853716675482545,-73.9345246848368,1.0,,1.523434637679744,8,1,0,Fog,A,438.7666734722289,7.787860890238274
REC01294,Marta Taylor,3487535002.0,Scorpio,Yellow,Gaming,16/06/2023 06:21:00,40.79570486696347,-73.98461825878546,40.7356327978513,-74.01681668875375,1.0,11.647689018693905,7.23753617323485,12,6,1,Clear,A,1834.5123470523486,32.52782422270473
REC01295,Isabel Moore,3357819795.0,Aries,Blue,Dancing,16/06/2023 06:38:00,40.707471302206514,-73.92264373223745,40.668017449504134,-73.92092728658925,2.0,2.9761242307990923,1.849277289415863,14,1,0,Rain,A,1039.620301168342,14.41869381618149
REC01296,William Wilson,3495512203.0,Pisces,Orange,Music,16/06/2023 06:55:00,,-73.93529697673654,40.769916387638055,-73.93163797369974,4.0,7.238500139441961,4.497794070145191,23,5,1,Clear,A,1193.9450971310043,20.449535969941596
REC01297,Joseph Martinez,3513903781.0,Sagittarius,Green,Travel,16/06/2023 07:12:00,40.79848329968446,-73.98830492552952,40.786550954817024,-73.94879059427079,1.0,1.2006326427260756,0.7460383058433443,18,5,1,Clear,A,60.0,5.019459062186981
REC01298,David Johnson,3216607033.0,Libra,Gray,Gaming,16/06/2023 07:29:00,,-73.94432682177208,40.793619660187076,-73.954053163692,1.0,3.798152275141195,2.3600616773567595,6,6,1,Clear,A,427.59741268066824,11.244390030141131
REC01299,Charles Hernandez,3458898869.0,Sagittarius,Red,Reading,16/06/2023 07:46:00,40.694338722394676,-73.9664146244932,40.73193237683227,-73.97614309994196,1.0,11.847492758270237,7.361688422699135,16,2,0,Clear,A,1806.8985251277459,31.735475238797605
REC01300,Carmen Martinez,3694311129.0,Libra,Yellow,Gardening,16/06/2023 08:03:00,40.72714494886382,-73.95259690765819,40.737442429472786,-73.99806648381511,2.0,7.326881146300862,4.552711464758113,15,3,0,Clear,A,1116.2448293690131,21.28420093422269
REC01301,Elena Brown,3688511959.0,Cancer,Pink,Hiking,16/06/2023 08:20:00,,-73.88586300587461,40.76969237206346,-73.86640859168996,,17.283239337225684,10.73930371021126,3,1,0,Clear,A,2127.2024350023653,42.61555607408486
REC01302,Ana Moore,3722431169.0,Scorpio,Yellow,Music,16/06/2023 08:37:00,40.74816232015086,-74.02021288107763,40.76663092515925,-74.06429123172148,1.0,2.4210910486889903,1.5043957660149265,3,5,1,Clear,A,345.2654598950738,8.658050650512575
REC01303,John Moore,3014231679.0,Pisces,Purple,Hiking,16/06/2023 08:54:00,40.74640579353505,-73.96726512287526,40.775893398554004,-73.98220068779575,1.0,7.894761562752519,4.905575887009095,7,1,0,Clear,C,1178.6434846850734,23.328507843316867
REC01304,Michael Gonzalez,3252143043.0,Libra,Black,Gardening,16/06/2023 09:11:00,40.79496196719258,-73.97846964793526,40.80975260881602,-73.99977604034578,4.0,0.0487877044454913,0.030315264698999374,19,3,0,Rain,A,688.7037224781769,5.990218726950347
REC01305,William Johnson,3139177053.0,Virgo,Black,Reading,16/06/2023 09:28:00,40.75728870575087,-73.94058821839002,40.7792225724533,-73.91386753626675,3.0,7.998115422048979,4.9697969779139965,10,1,0,Clear,A,1362.701105849352,23.45361008326461
REC01306,Paula Anderson,3999211777.0,Aquarius,Gray,Cooking,16/06/2023 09:45:00,40.754037566521845,-74.0025944595385,40.736639560099356,-73.98795625805073,6.0,3.913171860715482,2.4315315122646397,8,6,1,Clear,A,794.790842028477,13.395453336878989
REC01307,Elena Wilson,3775007224.0,Gemini,Green,Cooking,16/06/2023 10:02:00,40.71216163842561,-74.00832090753072,40.72785407080258,-73.98708880560149,1.0,2.2691231415418294,1.4099673155829882,22,4,0,Rain,A,760.6976904222646,11.086606264827264
REC01308,Michael Thomas,3080085437.0,Aries,Blue,Gardening,16/06/2023 10:19:00,40.75837777734084,-73.9832173399964,40.7571639308633,-73.95484941912663,1.0,1.5362295078400843,0.954568465516101,13,4,0,Rain,A,649.0252627770577,7.86535090235278
REC01309,Ana Wilson,3761631420.0,Aquarius,Black,Cooking,16/06/2023 10:36:00,40.748563946714974,-73.95624771341954,40.74595231320077,-73.97543186836732,2.0,4.318039433943599,2.683104481108968,9,6,1,Clear,A,914.2341990207801,15.508234015848716
REC01310,William Smith,3303319711.0,Aquarius,Blue,Cooking,16/06/2023 10:53:00,40.726007079441366,-74.00285523369436,40.67563171633041,-74.02888620699878,3.0,,8.589043656281833,15,0,0,Clear,A,2333.3957533191137,37.80690701849312
REC01311,John Ramirez,3466700805.0,Gemini,Orange,Photography,16/06/2023 11:10:00,40.69246664930757,-74.11272791827724,40.67981820554597,-74.16324278369208,,3.8614394904109166,2.3993865175961218,13,6,1,Snow,A,1423.2904540440047,16.73949622899004
REC01312,Sofia Garcia,3920751929.0,Libra,Purple,Hiking,16/06/2023 11:27:00,40.81384738711391,-74.02760754713418,40.809815973655006,-74.02378055723908,1.0,3.872517620101539,2.4062701461201135,20,3,0,Clear,A,965.6545994132084,15.953566956471995
REC01313,Isabel Johnson,3266138048.0,Libra,Blue,Gardening,16/06/2023 11:44:00,40.83898612657677,-73.9092762340547,40.88565600846213,-73.93275119445009,4.0,3.529370533544063,2.193048497798808,23,4,0,Clear,A,705.4187520474059,13.291047543599705
REC01314,Sofia Taylor,3397424745.0,Scorpio,Black,Gaming,16/06/2023 12:01:00,40.76222510776011,-73.90265372302174,40.75384556102365,-73.88911750050693,1.0,2.0399951239609155,1.267593810170718,19,3,0,,A,628.4730161005701,10.55265643350636
REC01315,Paula Miller,3900713558.0,Aries,Black,Cooking,16/06/2023 12:18:00,,-74.0048134716951,40.83021621010587,-73.97000147624242,1.0,11.66273127761928,7.246882996705569,9,2,0,Rain,A,1886.161091988519,31.77450478347807
REC01316,Elena Lopez,3275944053.0,Capricorn,Yellow,Photography,16/06/2023 12:35:00,40.761476733952726,-73.89012616115471,40.8027368930871,-73.86222113797385,1.0,8.491094784128514,5.276120057108718,21,3,0,Snow,A,1601.6690109987728,25.42448630947104
REC01317,James Anderson,3020166428.0,Capricorn,Purple,Dancing,16/06/2023 12:52:00,40.680656949668,-73.99632885941398,40.643526867806145,-73.99270284556613,,,2.744404943184891,20,0,0,Clear,A,945.5417715018774,14.813928638138867
REC01318,William Rodriguez,3617193720.0,Scorpio,Blue,Sports,16/06/2023 13:09:00,40.76501470280205,-74.05674854915229,40.753524895074,-74.05440930736177,1.0,0.6563422231415179,0.4078320235356681,18,0,0,Snow,B,517.269963761331,6.28005370339887
REC01319,Laura Perez,3633337460.0,Leo,White,Music,16/06/2023 13:26:00,40.73302475927353,-73.99530288351977,40.75941396266075,-73.99557981451524,2.0,4.52854906861332,2.8139090633133277,7,2,0,Rain,A,1135.4578318476445,17.462101850409603
REC01320,Michael Wilson,3034630407.0,Capricorn,Pink,Reading,16/06/2023 13:43:00,,-73.94372978716838,40.84787141143579,-73.87998394224037,1.0,3.0482294626325506,1.8940813894254507,5,3,0,Clear,A,333.0304409429607,10.251402057588923
REC01321,Charles Garcia,3112853885.0,Cancer,Red,Photography,16/06/2023 14:00:00,40.828539552287246,-74.0082651088723,40.768987805301975,-74.02573611667849,1.0,,1.1383266330623947,19,5,1,Clear,A,404.2995139687762,6.556285749867789
REC01322,Ana Gonzalez,3849955638.0,Pisces,Red,Gaming,16/06/2023 14:17:00,40.72466490929876,-73.94983244712935,40.72114594922441,-73.94745620277675,3.0,4.1496854866824116,2.5784942205453367,0,3,0,Clear,A,536.7117484057749,10.84953933816569
REC01323,Marta Anderson,3702266154.0,Aquarius,Red,Hiking,16/06/2023 14:34:00,40.769375289529044,-73.96665513396607,40.78822152129946,-73.97208499153895,1.0,2.221843719649667,1.3805892539224334,15,4,0,Clear,A,592.8013494953086,11.787186844962202
REC01324,William Thomas,3170565847.0,Virgo,White,Gardening,16/06/2023 14:51:00,40.793056190165686,-73.99432132068543,40.81828809077579,-74.01781551184128,3.0,,2.5287584115284054,0,4,0,Fog,A,673.2833930566569,12.945079814698497
REC01325,Paula Torres,3995567285.0,Virgo,Purple,Sports,16/06/2023 15:08:00,40.817709299697114,-73.94118319955953,40.88509266462146,-73.95257762688361,1.0,3.5334221941142485,2.195566082178965,2,0,0,Rain,A,740.7988016344751,12.64866142010912
REC01326,Paula Smith,3483137419.0,Aquarius,Yellow,Travel,16/06/2023 15:25:00,40.7992885320102,-73.91854371042723,40.779933964069905,-73.91770604680464,1.0,1.5131724926819743,0.940241504950291,7,3,0,Clear,A,357.5993044929803,7.718456885557265
REC01327,Richard Miller,3638808516.0,Gemini,Gray,Reading,16/06/2023 15:42:00,40.69425308314923,-73.9709124697502,40.68720301678929,-74.00645557429456,3.0,6.819347677847727,4.23734488593192,7,1,0,Rain,A,1494.2381826506175,20.87171160644704
REC01328,Marta Johnson,3628039058.0,Scorpio,Gray,Hiking,16/06/2023 15:59:00,40.694194659765515,-73.9505146164345,40.6453520062289,-73.90105735942385,4.0,6.853964188735344,4.258854581918669,1,4,0,Clear,A,1093.8514549727347,18.668088970850917
REC01329,Joseph Rodriguez,3040079825.0,Capricorn,Orange,Dancing,16/06/2023 16:16:00,40.788246349426636,-74.05282287775536,40.79208990203897,-74.03103600368432,1.0,0.39036852511690473,0.2425636808204162,11,3,0,Clear,A,132.12353801063026,5.119796132465558
REC01330,William Rodriguez,3960899854.0,Aquarius,Blue,Sports,16/06/2023 16:33:00,40.73076893301176,-73.91042401236734,40.746103423403895,-73.87766515414006,,4.814407152121687,2.9915329865210047,15,2,0,Clear,A,758.2314136010251,13.916068494526879
REC01331,Carmen Wilson,3989842507.0,Leo,Pink,Photography,16/06/2023 16:50:00,40.70080715267702,-74.00664977151779,40.76356836427686,-74.01148943330392,1.0,1.5086718139384956,0.9374449136987769,10,4,0,Fog,A,290.43253510070645,8.164445992364513
REC01332,Michael Anderson,3339119213.0,Taurus,White,Photography,16/06/2023 17:07:00,40.809417131470575,-74.02308501799907,40.8605361079539,-74.03247657494103,3.0,3.914329687843745,2.432250952465156,16,0,0,Snow,A,784.4913728314523,14.169069281224843
REC01333,Isabel Garcia,3878496202.0,Aquarius,White,Cooking,16/06/2023 17:24:00,40.7315164189044,-73.93566203066992,40.7770027629775,-73.94207923919336,6.0,9.38169645619925,5.829514108684984,13,0,0,Snow,A,1891.370771913906,29.655701171653185
REC01334,Isabel Perez,3602174980.0,Gemini,Green,Gaming,16/06/2023 17:41:00,40.831518498393216,-73.999189802708,40.81065934261091,-74.02008071407325,1.0,0.531615831322084,0.3303306607244347,4,0,0,Clear,A,60.0,4.217917250124811
REC01335,Charles Smith,3587100818.0,Capricorn,White,Sports,16/06/2023 17:58:00,40.727976216187784,-74.01471190693559,40.740765908292474,-73.97571674585396,1.0,8.755192258085962,5.440222568599133,0,0,0,Clear,A,1175.9540391363137,25.12521699776124
REC01336,Carmen Rodriguez,3583204609.0,Sagittarius,Green,Sports,16/06/2023 18:15:00,40.71265935482549,-73.99468024059104,40.724334277444974,-73.95277897955712,3.0,0.12845817172764792,0.07982018262458032,7,3,0,Clear,A,404.7095644381114,5.839374742341471
REC01337,Laura Rodriguez,3281199267.0,Scorpio,White,Dancing,16/06/2023 18:32:00,40.746782326591934,-74.04080197487677,40.76079560476464,-74.0243115083798,1.0,4.508847697754502,2.8016672028014122,8,5,1,Rain,C,1122.0397186680543,16.83717149598995
REC01338,Carmen Anderson,3325276552.0,Taurus,Black,Reading,16/06/2023 18:49:00,40.78791345493755,-74.01524083275402,40.78663596839213,-73.96429850281365,,2.528193564962289,1.5709461636541824,1,3,0,,A,788.7661718724752,12.485580691262616
REC01339,Richard Sanchez,3966046842.0,Scorpio,Blue,Gaming,16/06/2023 19:06:00,,-73.92888521648531,40.79857425588578,-73.85699328198044,1.0,3.0902522878635814,1.9201931543620814,12,4,0,Clear,A,444.4018701188434,10.167117356067003
REC01340,Elena Martinez,3986413511.0,Aries,Black,Reading,16/06/2023 19:23:00,40.84458393728471,-73.92171197525673,40.83390668545567,-73.86630793182009,,2.1449307086213825,1.3327977393467771,10,1,0,Clear,A,389.1167549924888,9.921159763708014
REC01341,James Anderson,3647791902.0,Aries,Red,Gaming,16/06/2023 19:40:00,40.758575213557016,-73.97672848382184,40.76845808047687,-73.99080315066898,2.0,5.4189650301069285,3.367187719722572,15,0,0,Fog,B,924.5091329891706,16.513045710693646
REC01342,William Thomas,3853710382.0,Capricorn,Orange,Cooking,16/06/2023 19:57:00,40.741173691263704,-74.01397261789023,40.784770089569584,-74.08653995928152,1.0,9.907831282225088,6.156439031667485,3,1,0,Rain,A,1721.1454536516924,27.20565146418277
REC01343,Ana Garcia,3173484471.0,Gemini,Yellow,Travel,16/06/2023 20:14:00,40.82545775011782,-73.9593092461193,40.89006504603765,-73.93702513143968,1.0,2.670828678271091,1.6595754866459862,21,0,0,Rain,A,961.1270549888162,12.191900116173114
REC01344,Sofia Taylor,3094813709.0,Leo,Pink,Cooking,16/06/2023 20:31:00,,-74.07481816037031,40.7548985013881,-74.06201244193716,,2.9813852785226267,1.8525463519008831,6,4,0,Rain,A,928.7635374032676,13.34766387891343
REC01345,Robert Lopez,3077994682.0,Aquarius,Blue,Travel,16/06/2023 20:48:00,40.72932100443909,-73.92145038097544,40.7458395653069,-73.91818222481612,1.0,1.2793115932680297,0.7949271240205489,20,2,0,,A,838.7439061748894,10.793628740946785
REC01346,William Ramirez,3568462358.0,Sagittarius,Purple,Music,16/06/2023 21:05:00,40.76193045095858,-73.98348203808828,40.77556117762063,-73.99043898490982,1.0,2.354942287182937,1.4632928439291486,16,0,0,Clear,A,200.02007256390198,8.820248360892576
REC01347,Michael Torres,3421437766.0,Cancer,Purple,Gaming,16/06/2023 21:22:00,40.76090825813017,-74.03171870170111,40.79750474345655,-73.99119862145484,1.0,7.0750621415402755,4.396238437951022,6,2,0,Clear,A,1255.4363109085662,22.41956860893811
REC01348,Isabel Taylor,3054910996.0,Scorpio,White,Reading,16/06/2023 21:39:00,,-73.90564361845205,40.78873612014994,-73.9520359077664,1.0,6.164786534391475,3.8306195736613655,22,5,1,Clear,A,817.1082186021032,17.272340402177004
REC01349,Ana Rodriguez,3060394439.0,Libra,Yellow,Sports,16/06/2023 21:56:00,40.75912080168581,-73.97787040227671,40.74911678197426,-73.93191053117722,4.0,3.3766484810862716,2.0981514433410577,20,0,0,Clear,A,705.7460590748392,12.588675426430825
REC01350,Ana Garcia,3841387459.0,Gemini,Gray,Gaming,16/06/2023 22:13:00,40.68561937832312,-74.00131070061313,40.683352529660304,-73.9492990592913,1.0,3.832229905363502,2.3812365285256245,1,6,1,Rain,A,881.968369142041,15.165312426012678
REC01351,Charles Lopez,3623028935.0,Pisces,Green,Dancing,16/06/2023 22:30:00,40.73219930328167,-73.87751959131643,40.73439608716405,-73.87301428308166,4.0,10.859576441381055,6.747825872957388,17,1,0,Clear,A,1489.4975657782486,28.421526421813315
REC01352,Elena Sanchez,3475816040.0,Pisces,Orange,Travel,16/06/2023 22:47:00,40.77156285662775,-74.00626917172988,40.78592369955145,-73.99774249648077,1.0,9.458231533880628,5.8770707864389395,8,5,1,Clear,A,1789.802502866679,30.302467374187042
REC01353,Carmen Anderson,3295487562.0,Sagittarius,Green,Sports,16/06/2023 23:04:00,40.72358762111488,-73.94256688784077,40.74839380427616,-73.97813929533154,2.0,1.7688861152931645,1.099134534345829,8,6,1,,A,501.55614317171637,7.216411765028399
REC01354,Paula Lopez,3457421847.0,Virgo,White,Travel,16/06/2023 23:21:00,40.705422976566545,-73.94533602489551,40.694163753889484,-73.91520141601991,4.0,10.964140076978977,6.812798683772503,10,0,0,Clear,A,1953.587472027512,33.47340703997918
REC01355,William Rodriguez,3463692936.0,Cancer,Blue,Gaming,16/06/2023 23:38:00,40.74796782349107,-74.02237403845581,40.80367787851965,-73.98423633176945,,3.86428799230208,2.4011564940647356,3,6,1,Clear,A,803.6956572465574,13.036159900502184
REC01356,Charles Anderson,3587709904.0,Cancer,Orange,Sports,16/06/2023 23:55:00,40.726364036817955,-73.98698340633459,40.671487290196126,-73.96405369954036,2.0,6.179883348299921,3.84000029601647,3,6,1,Clear,A,1026.1820206732236,19.02469757121039
REC01357,Maria Johnson,3461943569.0,Leo,Orange,Hiking,17/06/2023 00:12:00,40.683895538502135,-73.99260143743555,40.64806896239673,-74.02978687665546,2.0,,7.917157871103664,22,1,0,Clear,A,1835.1227939109538,34.20872663593292
REC01358,Charles Anderson,3083534996.0,Taurus,Black,Photography,17/06/2023 00:29:00,40.68514375072896,-74.06833604426313,40.70337375421446,-74.11661840262946,6.0,,9.337418531629892,4,2,0,Clear,A,2096.8717619888107,39.608843494400325
REC01359,Marta Sanchez,3823191006.0,Leo,Red,Gardening,17/06/2023 00:46:00,40.77040399599138,-74.07820191797305,40.76547647302047,-74.08541123339248,1.0,4.588827291049762,2.8513642026668817,16,3,0,Clear,B,870.0546717591986,14.689856814245545
REC01360,Robert Garcia,3996470664.0,Scorpio,Black,Gardening,17/06/2023 01:03:00,,-74.0887892872593,40.73754753630286,-74.08641331125163,1.0,8.399621691355813,5.219281329979453,4,5,1,Rain,A,1277.8747295272685,25.28003282954877
REC01361,Michael Davis,3688424876.0,Sagittarius,Yellow,Gaming,17/06/2023 01:20:00,40.7657015469535,-74.00248978074069,40.794486535286914,-73.9720337542796,6.0,2.6510497262108377,1.6472854194253543,3,6,1,Clear,A,60.0,5.384186878046363
REC01362,David Perez,3841831009.0,Aquarius,Orange,Cooking,17/06/2023 01:37:00,40.73506768382425,-74.02966422325723,40.759445138601464,-74.03687962644796,1.0,8.865939040611478,5.5090374076037945,2,2,0,Clear,A,1365.7304511459315,25.04970331254664
REC01363,Isabel Gonzalez,3336663632.0,Aquarius,Pink,Sports,17/06/2023 01:54:00,40.67432959627603,-74.02658515537186,40.711805295449466,-73.9947066507608,5.0,,2.587246373614968,0,3,0,Rain,A,835.3562815661562,13.673879877834315
REC01364,Paula Lopez,3577876372.0,Cancer,Black,Hiking,17/06/2023 02:11:00,40.70629342955646,-74.00103712085533,40.675224952956306,-73.96716179909103,3.0,7.077491005099883,4.39774766332992,19,4,0,,A,949.3434354214596,18.892448427879266
REC01365,Joseph Anderson,3980497110.0,Cancer,Orange,Reading,17/06/2023 02:28:00,40.733903074571856,-73.97981630479215,40.758281433740585,-73.96560931525632,1.0,4.1897531833442665,2.60339112528781,2,4,0,Rain,A,689.4374759415647,14.207489629623218
REC01366,Lucia Wilson,3828772523.0,Pisces,Green,Gardening,17/06/2023 02:45:00,40.771804500880776,-73.99563515645941,40.79586836016594,-73.96956401180964,1.0,1.3497274198675648,0.8386814766105286,7,4,0,Clear,A,724.9248161604855,10.666476035101429
REC01367,Lucia Hernandez,3350188924.0,Scorpio,Red,Travel,17/06/2023 03:02:00,40.66256913588493,-74.0152351751976,40.632344926599814,-74.0277171852722,1.0,1.0633721448472953,0.6607486130159087,22,5,1,Clear,A,648.0755396633486,8.259084951941041
REC01368,John Davis,3385507875.0,Gemini,Yellow,Dancing,17/06/2023 03:19:00,40.63443967146117,-73.88345273276941,40.63561940255015,-73.91770172910196,1.0,3.203491837121505,1.9905569263240268,5,4,0,Clear,B,593.5501446728156,11.753041390751346
REC01369,Robert Torres,3299592929.0,Gemini,Green,Gardening,17/06/2023 03:36:00,40.8224458622719,-73.99005462729511,40.85151059191865,-74.00712271478086,1.0,,3.513398625137855,21,0,0,Clear,A,898.3455187760793,16.736578045438964
REC01370,Sofia Lopez,3818105161.0,Aries,White,Sports,17/06/2023 03:53:00,40.7798940164877,-73.93008111663337,40.820159362174174,-73.95506309336612,5.0,2.9807676312657065,1.8521625638072035,1,5,1,,A,649.6273024893158,11.216592226149652
REC01371,Robert Miller,3554384221.0,Virgo,Gray,Dancing,17/06/2023 04:10:00,40.70619590535208,-74.04182688952402,40.70179137076462,-74.0055077233592,1.0,,1.4732925853505003,0,2,0,Clear,A,558.3868993104586,8.570460426981668
REC01372,Richard Perez,3532728099.0,Taurus,Blue,Cooking,17/06/2023 04:27:00,40.738266295574086,-73.91324035594964,40.705303017060295,-73.88736209441292,,5.317914551792584,3.3043978829619096,19,1,0,,A,788.3262380258658,15.256696525864951
REC01373,William Ramirez,3576441247.0,Capricorn,Purple,Music,17/06/2023 04:44:00,40.728938618615054,-74.00742358938908,40.77490542037297,-74.06833695496384,1.0,0.042384962896050815,0.02633678677968199,3,0,0,Clear,A,403.9285940464516,7.482234741359504
REC01374,Elena Martinez,3546420890.0,Cancer,Green,Dancing,17/06/2023 05:01:00,40.764483159362264,-73.83992133599679,40.76567650551475,-73.83455634400552,2.0,5.971252517884587,3.710363148290464,8,5,1,Rain,A,1562.0295336754552,23.65844373257681
REC01375,John Hernandez,3800334327.0,Sagittarius,Red,Sports,17/06/2023 05:18:00,,-74.0455922220709,40.66795961465469,-74.09916528327291,1.0,8.473305155138872,5.265066097553796,11,5,1,Rain,A,1672.1998539718697,25.215740982299376
REC01376,David Miller,3966667584.0,Capricorn,Gray,Gaming,17/06/2023 05:35:00,40.692569984013325,-74.0333524155346,40.68538186852254,-74.06587011248172,3.0,6.928617972306393,4.305242278069995,18,0,0,Clear,A,1414.6389763879115,22.64478491125714
REC01377,Paula Garcia,3491892944.0,Pisces,Black,Hiking,17/06/2023 05:52:00,40.77446562806297,-73.98943636100866,40.8084501440269,-73.96447563712802,1.0,8.783854748904806,5.458032609181728,13,6,1,,A,1718.8403280224636,27.90045938665195
REC01378,Paula Perez,3295921707.0,Capricorn,Yellow,Photography,17/06/2023 06:09:00,,-73.99774218232112,40.80414038349542,-74.04947115233107,4.0,0.9671231072687113,0.6009422522866664,17,4,0,Clear,A,189.54361553373425,6.595017365507928
REC01379,John Brown,3797707464.0,Libra,Green,Gardening,17/06/2023 06:26:00,40.77648940349448,-74.03863210800412,40.780005973745034,-74.07955814310245,3.0,4.758126136137035,2.9565615953376057,16,5,1,Clear,A,822.3047573258528,15.818303987892405
REC01380,Carmen Perez,3852183249.0,Scorpio,Gray,Music,17/06/2023 06:43:00,40.75375371252775,-73.90630300565769,40.74393549323304,-73.93702573947517,1.0,6.1608803339037,3.828192373958076,22,0,0,Rain,A,1402.424364163092,20.843218698284847
REC01381,Lucia Thomas,3214363029.0,Taurus,Red,Hiking,17/06/2023 07:00:00,40.73928698019771,-73.91156116755631,40.73816274554942,-73.95910991533717,1.0,6.068598698216178,3.7708512417092845,17,6,1,Clear,A,791.7770551839681,16.83215902134844
REC01382,Thomas Rodriguez,3524982621.0,Gemini,Red,Sports,17/06/2023 07:17:00,40.710562764749184,-73.9970200505795,40.697475434171295,-74.03962752654817,,,2.9330313884697685,16,1,0,Clear,A,753.9726379346573,14.442774025610635
REC01383,Michael Moore,3097503178.0,Aries,Blue,Sports,17/06/2023 07:34:00,40.72962184947502,-73.92951811842394,40.74471665853726,-73.93120172057667,1.0,10.424199253971684,6.47729511463964,8,2,0,,A,1421.0223988480157,27.98157471246138
REC01384,John Torres,3825830903.0,Gemini,Black,Sports,17/06/2023 07:51:00,,-73.90889162826274,40.7629386444267,-73.95943464803517,1.0,13.412140136414441,8.333914928703978,11,4,0,Clear,A,2312.4793661076105,38.512056028233005
REC01385,Carmen Wilson,3828593915.0,Cancer,Yellow,Hiking,17/06/2023 08:08:00,,-73.98048077153602,40.82906751761862,-73.98795122891713,1.0,,3.383005920724109,23,4,0,Rain,A,1211.9657053443154,20.179460479247325
REC01386,Elena Thomas,3998487273.0,Taurus,White,Photography,17/06/2023 08:25:00,40.81159467857719,-74.01348484404203,40.80056652819855,-74.01321216146765,1.0,4.034496813510863,2.5069193195080586,18,1,0,Snow,A,1299.8954987145755,18.143872028417267
REC01387,David Davis,3695133993.0,Libra,Red,Hiking,17/06/2023 08:42:00,40.758518568457845,-73.91590834628528,40.79207596591238,-73.89335128215106,,6.737334855132396,4.186384496268472,14,0,0,Clear,A,797.796515600215,18.490632393988633
REC01388,Lucia Lopez,3495394790.0,Aquarius,Gray,Cooking,17/06/2023 08:59:00,40.75933983202422,-73.92369404989317,40.75972837245496,-73.89581418084015,1.0,,3.1425870041632287,17,6,1,Clear,A,1047.75209160589,16.54054630474896
REC01389,Carmen Moore,3223383502.0,Aquarius,Orange,Photography,17/06/2023 09:16:00,40.752610828949926,-74.04266494633826,40.716390718783245,-74.08395141971762,,8.946346694511071,5.559000391915038,16,1,0,Clear,A,1416.9065452044385,25.357104625101673
REC01390,John Johnson,3903963119.0,Gemini,Red,Gaming,17/06/2023 09:33:00,40.77855056311953,-73.90919754452689,40.75286878121166,-73.94891130957161,,5.570342495776314,3.4612492869430245,13,3,0,Snow,A,1071.574060595979,18.815497393196303
REC01391,Carmen Garcia,3445953087.0,Virgo,Red,Cooking,17/06/2023 09:50:00,40.75240465861865,-74.03100601876712,40.717667285987766,-74.07239313020166,2.0,4.0143870266264,2.494423681121873,9,2,0,Clear,B,942.1173208709411,15.101262337206474
REC01392,James Johnson,3653019019.0,Taurus,Blue,Travel,17/06/2023 10:07:00,40.75322343307379,-73.96104701589198,40.72019312496615,-73.93732122557564,2.0,7.341902547412383,4.56204532778818,19,2,0,Clear,A,973.1225710985138,20.436398313294355
REC01393,Elena Perez,3409090286.0,Taurus,Blue,Gardening,17/06/2023 10:24:00,40.70698860072962,-74.02080292570821,40.66759220317551,-74.0104354345098,,4.108586820401042,2.552956701179416,21,1,0,Clear,A,732.50841374462,12.864841967131582
REC01394,Ana Torres,3758638388.0,Virgo,Blue,Gaming,17/06/2023 10:41:00,,-73.97179575274811,40.673218407503796,-73.98239154541633,1.0,1.0456184085755051,0.6497169561549702,1,6,1,Clear,A,453.5194026070423,6.857943218037996
REC01395,Robert Lopez,3375595993.0,Cancer,White,Music,17/06/2023 10:58:00,40.7154428111001,-73.97421804040185,40.71527855862712,-74.00997954191881,1.0,7.014292620420484,4.358478019843297,15,5,1,Snow,A,1620.971058061607,23.735364422490854
REC01396,Joseph Perez,3806988720.0,Aquarius,Green,Hiking,17/06/2023 11:15:00,40.76199614056054,-73.86839266641414,40.78415008029453,-73.86373411433546,6.0,10.561830461266995,6.562815155547934,5,5,1,Rain,A,1482.2179813027626,29.12435544468206
REC01397,Michael Brown,3336870405.0,Taurus,Gray,Gardening,17/06/2023 11:32:00,40.734679997302,-74.0610941066466,40.6941014107801,-74.02002925936671,3.0,4.770682378340325,2.964363680111706,4,2,0,Clear,A,857.3423608938625,14.08439384631916
REC01398,Isabel Perez,3488895074.0,Pisces,Black,Photography,17/06/2023 11:49:00,40.879118908711575,-74.0185284585338,40.854981172365534,-73.97941720585507,1.0,9.077148087534336,5.640276584299298,0,2,0,Snow,A,2011.5859460236452,29.78470517205035
REC01399,William Moore,3877978732.0,Scorpio,Purple,Cooking,17/06/2023 12:06:00,,-74.00326988997726,40.7934881930415,-74.04746697269019,1.0,3.3476846144485943,2.0801541365645377,6,5,1,Clear,A,585.8305721276271,11.986229955870957
REC01400,Elena Smith,3451781057.0,Libra,Green,Sports,17/06/2023 12:23:00,40.82854037982511,-73.963556288619,40.82380217006576,-73.93142471558922,1.0,10.028859797416388,6.231642641180418,6,0,0,Snow,A,2076.6457113861416,29.599003542025926
REC01401,Thomas Lopez,3637109951.0,Libra,Yellow,Sports,17/06/2023 12:40:00,40.824237283437775,-73.99559982978025,40.772906276061306,-74.04018992849396,5.0,2.641779496690951,1.641525167638353,12,4,0,Rain,A,864.5800007623691,13.105159688918247
REC01402,Isabel Davis,3367957251.0,Libra,Purple,Sports,17/06/2023 12:57:00,,-74.08989836237599,40.772366719787016,-74.10196708749405,2.0,5.592821757963101,3.47521724856729,4,6,1,Clear,A,554.4312625108755,14.859937529726846
REC01403,Paula Moore,3867863397.0,Cancer,Gray,Sports,17/06/2023 13:14:00,40.74795806330637,-73.94315012943636,40.75881902903147,-73.9587514724863,1.0,1.8521048646654008,1.1508442518620048,19,4,0,Clear,A,649.5408474713622,8.125862638206833
REC01404,Michael Hernandez,3095089578.0,Scorpio,Black,Gardening,17/06/2023 13:31:00,40.705050383899696,-73.91326063215865,40.71447919201099,-73.9052715613145,1.0,5.477330012855207,3.403454027417853,17,4,0,Rain,A,1042.2725784576244,19.64641225448363
REC01405,John Smith,3201456322.0,Gemini,Yellow,Travel,17/06/2023 13:48:00,40.7199067817596,-73.95836994260816,40.787285609337474,-73.9884440085074,1.0,4.278969710599575,2.6588276880449686,22,1,0,Clear,A,614.4167678895806,12.841255806800653
REC01406,Lucia Hernandez,3691218921.0,Cancer,Purple,Hiking,17/06/2023 14:05:00,40.79201843534952,-74.00282248597668,40.769423061510935,-73.9997357564607,1.0,,0.25040778394167174,7,1,0,Fog,A,258.1067423538044,2.451557918702056
REC01407,Michael Hernandez,3042483400.0,Leo,Blue,Photography,17/06/2023 14:22:00,40.763482433282114,-73.96976559787294,40.79648586666108,-74.00219294495794,1.0,6.24201871446136,3.87860941062357,14,4,0,,A,1465.429666766743,22.69529552940056
REC01408,Ana Thomas,3679956050.0,Aries,Blue,Photography,17/06/2023 14:39:00,,-74.04084462992883,40.717145434424914,-74.03568503230849,1.0,2.8631807736627843,1.779097500511618,15,6,1,Rain,A,1063.2043216733277,14.276762256666368
REC01409,Thomas Martinez,3119656193.0,Pisces,Red,Sports,17/06/2023 14:56:00,40.73962895796895,-73.92694118911591,40.75367879497619,-73.96645989724308,,2.2699909769041042,1.4105065633098801,8,3,0,Clear,B,714.6686847816084,11.1331569200804
REC01410,James Sanchez,3183525878.0,Sagittarius,Red,Gardening,17/06/2023 15:13:00,40.76647253158309,-73.95512478824283,40.74692880777395,-73.96705690212279,3.0,8.135781188601113,5.055338492942262,15,3,0,Clear,A,1167.3305534005826,22.11732878050414
REC01411,Isabel Gonzalez,3084324370.0,Pisces,Gray,Gaming,17/06/2023 15:30:00,40.751240413155266,-74.00667306662695,40.73105378574689,-74.00656248963843,2.0,3.5575126331462057,2.210535182370691,5,0,0,Rain,A,1413.2332025227101,16.82625833887177
REC01412,Lucia Davis,3090775296.0,Gemini,Pink,Gardening,17/06/2023 15:47:00,40.73809152586954,-73.97589957371558,40.700565729060685,-73.9834052962793,2.0,2.7457732480037285,1.7061438688853248,10,1,0,Rain,A,779.2151686035702,11.570215661923813
REC01413,Marta Brown,3655363700.0,Aries,Gray,Music,17/06/2023 16:04:00,,-73.92843293101375,40.7032202385029,-73.90308634590654,4.0,5.853710488463087,3.637325939926797,12,4,0,Clear,A,835.2255046423381,17.569902956163503
REC01414,Isabel Garcia,3657148486.0,Aries,Green,Music,17/06/2023 16:21:00,40.62922361767883,-73.9217762535314,40.64935842211836,-73.98954299594958,1.0,3.9288815892143254,2.4412930819716947,1,3,0,Snow,A,1363.0530560217421,17.130093231269647
REC01415,Isabel Moore,3503807945.0,Aries,Purple,Hiking,17/06/2023 16:38:00,40.75091036111408,-73.98371620647075,40.73481887276858,-73.97847746252626,1.0,3.2343654837245377,2.0097409149874,16,4,0,Snow,A,1065.1368769551548,14.571136297399406
REC01416,David Davis,3510014705.0,Scorpio,Gray,Music,17/06/2023 16:55:00,40.69708580535598,-73.87267312264214,40.773438377647466,-73.89757972392178,1.0,0.7973184164191066,0.4954305417287567,1,2,0,Clear,A,661.5368444873304,8.994521009913226
REC01417,Ana Lopez,3363070788.0,Virgo,Black,Dancing,17/06/2023 17:12:00,40.76817378395821,-73.91159734043637,40.75396586061659,-73.89386950937843,1.0,1.5163377035671555,0.9422082752032269,12,3,0,Rain,A,467.8157375531891,8.680680278322399
REC01418,William Wilson,3843074694.0,Libra,Red,Gaming,17/06/2023 17:29:00,40.756698088465605,-73.95360453024674,40.776879846634294,-73.95268650470102,1.0,2.3393104378914487,1.4535796661030473,18,4,0,Clear,A,456.24776729220525,9.310922462749177
REC01419,Joseph Perez,3635166517.0,Virgo,Orange,Dancing,17/06/2023 17:46:00,40.78742031579562,-73.99977291966401,40.78907462934283,-73.9671363058435,4.0,3.0486486535225414,1.894341862487955,0,1,0,Clear,A,858.3270626053827,12.364113329978744
REC01420,Sofia Thomas,3808212133.0,Aries,Blue,Sports,17/06/2023 18:03:00,40.787909303126156,-73.99825552145745,40.733150459312064,-74.00524143821195,1.0,0.9208602651166798,0.5721958637958164,4,1,0,Clear,A,389.4178693942026,5.023014149771157
REC01421,Richard Gonzalez,3381904243.0,Cancer,Purple,Hiking,17/06/2023 18:20:00,40.83598231906201,-73.96997164293907,40.79560290222652,-73.93294469915604,1.0,4.2627698101302,2.6487615396904123,22,2,0,Rain,A,929.3486574875795,16.446811141060504
REC01422,Maria Thomas,3790131465.0,Virgo,Black,Dancing,17/06/2023 18:37:00,40.65084330041961,-73.98551542890179,40.60552796756699,-73.98081657284867,1.0,8.444696643860908,5.247289598292497,15,2,0,,A,1128.637291186328,22.618944524189477
REC01423,William Davis,3376199959.0,Sagittarius,White,Hiking,17/06/2023 18:54:00,40.74369709195839,-73.8949809855481,40.78776477002806,-73.93377918294392,1.0,3.2228402230351394,2.0025794522275677,5,0,0,,A,640.9423694166665,11.615130327071096
REC01424,John Johnson,3752268293.0,Virgo,Black,Music,17/06/2023 19:11:00,40.64797625636939,-74.02685144888855,40.68693170488506,-74.0512534667013,1.0,3.084376801386557,1.9165422974543662,13,4,0,Rain,A,594.0858919887092,9.87082154057032
REC01425,Marta Wilson,3107039211.0,Aquarius,White,Hiking,17/06/2023 19:28:00,40.774534829129195,-73.95471461044515,40.83236600933524,-73.97231322103016,1.0,4.546651742699353,2.82515754001284,7,6,1,,A,1105.081181892999,16.43578635023368
REC01426,Maria Hernandez,3272367014.0,Virgo,Black,Hiking,17/06/2023 19:45:00,40.74164848918107,-74.0800906351066,40.67503575456383,-74.07665174853274,4.0,,6.310210121343087,17,3,0,Clear,A,1661.9118638522673,28.470555709250313
REC01427,Ana Sanchez,3759940102.0,Aquarius,Yellow,Gardening,17/06/2023 20:02:00,,-73.96114208161771,40.685381500784004,-73.93414886499681,1.0,5.668969953517664,3.5225335289872244,4,3,0,Rain,A,1262.0970207428088,19.689774817067992
REC01428,Isabel Brown,3747263862.0,Gemini,White,Music,17/06/2023 20:19:00,40.7633509249187,-73.93640459976803,40.781494695014224,-73.91808171277042,1.0,3.4896628567800674,2.1683752989802874,10,6,1,Clear,A,441.7311059641576,11.240763926123911
REC01429,Marta Smith,3335845981.0,Cancer,Black,Cooking,17/06/2023 20:36:00,40.6973572310957,-73.90798177719884,40.6743306220069,-73.88804269440297,3.0,4.283749616597731,2.661797783014949,12,5,1,Clear,A,693.0637056311591,12.639278038149822
REC01430,David Johnson,3915783087.0,Aquarius,Blue,Dancing,17/06/2023 20:53:00,40.842392411093634,-74.00957278114244,40.86321996025994,-74.03196524346454,1.0,,9.572025813859891,8,5,1,Clear,A,2422.121857540039,42.05930896750967
REC01431,Richard Johnson,3262176218.0,Libra,Purple,Hiking,17/06/2023 21:10:00,40.737779170852626,-74.01560087697227,40.72441785883153,-73.98913066550719,1.0,4.422902291749518,2.74826321992669,14,3,0,Clear,A,990.7474971740669,15.947997502913523
REC01432,David Miller,3715931168.0,Taurus,White,Cooking,17/06/2023 21:27:00,40.75382666349527,-73.92883350005602,40.73739443540999,-73.92571453975476,1.0,18.846112030269417,11.710427478360538,12,0,0,Clear,A,2732.6694994167556,50.08347434461572
REC01433,Richard Anderson,3779873858.0,Sagittarius,Pink,Gaming,17/06/2023 21:44:00,40.74357369814858,-73.9202506821275,40.689095667392436,-73.89641156845205,3.0,2.273093108010941,1.4124341376178664,22,4,0,Clear,A,503.7920490834419,10.295152883909905
REC01434,David Gonzalez,3648491193.0,Gemini,Red,Photography,17/06/2023 22:01:00,40.796120492528075,-73.9913542038924,40.77881801095201,-74.03567773520783,2.0,3.5171744301900034,2.1854701928615925,22,2,0,Clear,A,477.1771027264533,10.109401044413678
REC01435,Sofia Johnson,3534895014.0,Scorpio,Red,Hiking,17/06/2023 22:18:00,40.68988976774464,-74.07797462315378,40.70100985334918,-74.06440070163559,1.0,5.896502064966189,3.663915384610106,2,0,0,Clear,A,1120.6401040378973,19.374726350011976
REC01436,William Moore,3792697407.0,Pisces,White,Sports,17/06/2023 22:35:00,,-74.03293931786861,40.76177152055918,-74.05126395564058,5.0,2.675747208865531,1.662631718919984,2,2,0,Rain,A,723.098540480824,12.438201721133415
REC01437,Elena Taylor,3949721595.0,Gemini,White,Photography,17/06/2023 22:52:00,40.72407176667933,-73.98462419135329,40.726132593471725,-74.02258391652572,2.0,5.6447332456739305,3.507473541597656,14,6,1,Clear,A,671.3508496327743,15.973906843992872
REC01438,Joseph Anderson,3954540964.0,Pisces,Yellow,Cooking,17/06/2023 23:09:00,40.72450833441399,-74.05090053500604,40.69310527321954,-74.0315050559529,3.0,3.370600309802985,2.0943932851025906,17,0,0,Rain,A,705.7007420862208,10.214916281620242
REC01439,Elena Sanchez,3978387012.0,Taurus,Gray,Photography,17/06/2023 23:26:00,40.79396964865814,-73.94356360417707,40.77073644251092,-73.95643406189164,3.0,12.141004143913147,7.544067885907456,19,0,0,Rain,A,2145.6507970838,34.55354784840364
REC01440,Carmen Anderson,3936305381.0,Aries,White,Music,17/06/2023 23:43:00,40.73658986424399,-74.01863307557572,40.71544008113258,-74.00272186928235,1.0,6.173994827997758,3.836341340267795,8,3,0,Clear,A,1273.8566572305458,19.61451501767852
REC01441,Isabel Perez,3896960286.0,Taurus,Green,Reading,18/06/2023 00:00:00,40.78068909104073,-73.98361788038098,40.7946281881993,-74.01296536308628,2.0,2.49808021226713,1.552234599576639,15,0,0,,A,267.1582886025007,8.645755122928252
REC01442,Richard Rodriguez,3422121255.0,Capricorn,White,Dancing,18/06/2023 00:17:00,,-73.92526187515223,40.807370151282356,-73.86431314182609,1.0,12.146154466973101,7.547268147297543,19,3,0,,A,1766.8159511292358,30.615039771677434
REC01443,John Johnson,3533143980.0,Virgo,Blue,Photography,18/06/2023 00:34:00,40.732543202780796,-73.96161811252054,40.78768708509314,-73.96518844341658,1.0,5.839253148842961,3.6283425683496997,23,5,1,Clear,A,718.1187560752146,17.931267972002157
REC01444,Joseph Rodriguez,3056997845.0,Leo,Orange,Sports,18/06/2023 00:51:00,40.7616469956731,-73.88278131611702,40.78502467379366,-73.89685785088349,,4.851285315714474,3.0144480079108185,16,3,0,Rain,A,1131.6091282976215,17.95029851847575
REC01445,Isabel Smith,3687417128.0,Libra,White,Travel,18/06/2023 01:08:00,40.725805203619785,-73.91011188354776,40.73671902535727,-73.88041231092629,1.0,16.778954488539338,10.425955729498178,12,3,0,Fog,A,2500.7484488988043,44.65476308243951
REC01446,Robert Lopez,3198225351.0,Aries,Pink,Cooking,18/06/2023 01:25:00,40.749021716305336,-74.03194436117207,40.802268638246176,-74.03451621622834,6.0,21.567794588421492,13.40160209120205,11,1,0,Rain,A,3073.629273527322,54.53070852058963
REC01447,Sofia Johnson,3989472927.0,Libra,Pink,Hiking,18/06/2023 01:42:00,40.773684272377004,-73.95035417203842,40.78192013259584,-73.85538256368046,4.0,12.26615047034542,7.621830183909004,0,5,1,Clear,A,1800.9104943503196,31.82348885782821
REC01448,Marta Brown,3315690319.0,Taurus,Green,Photography,18/06/2023 01:59:00,40.70216231397688,-73.97235462783303,40.720593129627744,-73.93740274790213,1.0,2.823646015808885,1.7545317484891827,5,6,1,Clear,A,703.2189499428242,12.196704881999306
REC01449,Elena Wilson,3933832077.0,Taurus,White,Sports,18/06/2023 02:16:00,40.77201466117782,-73.9206415742281,40.80070765494872,-73.93484373199493,1.0,2.7391736105794036,1.7020430455793345,5,6,1,Clear,A,725.8274148518976,10.654068430948078
REC01450,Robert Garcia,3286597551.0,Libra,White,Gardening,18/06/2023 02:33:00,40.765883166019,-73.95383176003851,40.7710941272865,-73.95160359328759,1.0,,0.7758895324784286,15,3,0,Rain,A,432.65971182035037,3.797359795261366
REC01451,Charles Sanchez,3273276844.0,Virgo,Yellow,Photography,18/06/2023 02:50:00,40.675550024198074,-74.0049874878027,40.67350685669444,-74.00299895171698,1.0,3.3057453747324543,2.05409430924288,22,5,1,,A,810.572394680863,12.420070958136355
REC01452,Laura Anderson,3576144995.0,Aries,Pink,Music,18/06/2023 03:07:00,40.71269612194185,-73.95619616336919,40.70770067921378,-73.98785470688748,2.0,3.533111935242469,2.1953732963135484,13,4,0,Clear,A,692.7969972400608,10.462245980387225
REC01453,Marta Garcia,3552814661.0,Taurus,White,Gaming,18/06/2023 03:24:00,40.71542593741878,-73.99845097495242,40.69824191840394,-73.9599444905894,1.0,6.001750826003582,3.729313912504672,6,6,1,Rain,A,1123.4053662636313,18.946237233042215
REC01454,David Gonzalez,3901829759.0,Gemini,Orange,Dancing,18/06/2023 03:41:00,40.72778058352785,-74.0123144222512,40.71289753819254,-74.02520156857605,2.0,1.2664519612979233,0.7869365216436519,2,4,0,Clear,A,330.87149948088296,7.282089727640329
REC01455,Richard Taylor,3251449742.0,Aquarius,Blue,Reading,18/06/2023 03:58:00,40.702205441635144,-73.98556684234227,40.73406632876443,-73.9929861262828,2.0,5.363703382351394,3.3328497343950683,2,0,0,Rain,A,1272.0476528943154,18.421378568960197
REC01456,Marta Smith,3773982218.0,Gemini,Orange,Reading,18/06/2023 04:15:00,40.79695797811112,-73.96756129338698,40.764054203066905,-73.96100234832957,1.0,2.042110531456455,1.2689082630416288,14,2,0,Rain,A,830.5159866590011,12.511021085833146
REC01457,John Thomas,3019168857.0,Aries,Green,Dancing,18/06/2023 04:32:00,40.8030267949594,-73.91498802292175,40.807161121855444,-73.94245779187003,1.0,3.471347309567359,2.1569945490931794,6,6,1,,A,1281.5735451034643,17.080004350627068
REC01458,William Torres,3730527316.0,Gemini,Green,Reading,18/06/2023 04:49:00,40.71060613612104,-74.00483293298551,40.70989429035786,-73.99849279902777,1.0,1.8208136300087283,1.1314007860921536,3,4,0,Clear,A,299.2933555918585,6.3514817217991
REC01459,Richard Wilson,3887598352.0,Taurus,Blue,Reading,18/06/2023 05:06:00,40.692291499606306,-74.07583369298911,40.64953704606308,-74.09091971843021,2.0,1.966123088274034,1.2216918694839247,5,5,1,Clear,A,479.88949225077636,8.111815987393518
REC01460,Charles Perez,3215677594.0,Aquarius,Pink,Sports,18/06/2023 05:23:00,40.74933305426818,-73.98985248234887,40.77447855944176,-74.00414903738864,1.0,2.680180954942906,1.6653867201538286,12,6,1,Fog,A,490.6150743435852,10.32325109923232
REC01461,William Miller,3613705421.0,Leo,Yellow,Music,18/06/2023 05:40:00,,-73.96718173236248,40.77641984911755,-73.97204596627617,4.0,0.7608090505036167,0.4727446805204828,21,2,0,Clear,A,318.5910974281849,5.45472120154028
REC01462,Michael Rodriguez,3898397811.0,Virgo,Purple,Cooking,18/06/2023 05:57:00,40.85770999409416,-73.9708812679244,40.83535255735465,-73.99292983625898,1.0,3.147239645899846,1.9556034460124332,20,3,0,Clear,A,504.1814879530113,10.081665645649815
REC01463,John Gonzalez,3302729888.0,Aries,Pink,Cooking,18/06/2023 06:14:00,40.716271050048476,-73.99268632768242,40.71370327549431,-74.03962756286732,2.0,4.301809569569059,2.6730197140526957,21,2,0,Clear,A,1033.5728839979465,15.655939038648706
REC01464,Carmen Davis,3093815297.0,Pisces,Red,Hiking,18/06/2023 06:31:00,40.63625201274282,-73.93251937061511,40.680951010936106,-73.92730524072032,1.0,3.4159639429257127,2.122580931179693,6,3,0,,A,867.6497638181693,11.341460187564381
REC01465,Robert Sanchez,3508164630.0,Gemini,Orange,Music,18/06/2023 06:48:00,40.67562593527532,-73.9643833913514,40.691249387175645,-74.03307005035053,5.0,13.953626877148826,8.670379086280844,12,1,0,Clear,A,1996.852822099395,36.620260532192525
REC01466,Paula Thomas,3697395901.0,Gemini,Green,Gardening,18/06/2023 07:05:00,40.660877058559926,-73.94984940153049,40.67020409880043,-74.01745392851834,,3.9593276246324507,2.4602113654454905,17,5,1,Clear,A,782.5872361151171,15.60952608944637
REC01467,Richard Davis,3929989349.0,Scorpio,Red,Cooking,18/06/2023 07:22:00,40.77084197759226,-74.07184803826517,40.811391823724556,-74.07050622601572,2.0,3.375484035084698,2.0974278903646137,10,0,0,Clear,A,825.188942054289,12.851757640759736
REC01468,Carmen Brown,3652371893.0,Cancer,Blue,Dancing,18/06/2023 07:39:00,40.75487639065138,-73.98868261017573,40.746948704201486,-73.9941387175814,5.0,0.9248312844825807,0.5746633400702257,6,6,1,Clear,A,310.2097665842607,7.509043839064056
REC01469,Michael Rodriguez,3539705892.0,Pisces,Blue,Dancing,18/06/2023 07:56:00,40.76085952624239,-73.98695760943967,40.82080625109533,-73.97917791377601,1.0,6.362425707803856,3.95342682448379,22,2,0,Rain,A,1203.6234959262113,20.037480906598862
REC01470,Elena Gonzalez,3167274713.0,Leo,Yellow,Cooking,18/06/2023 08:13:00,40.8062965228993,-73.89580400082717,40.82140386571199,-73.87587292590793,1.0,4.686238240131052,2.911892541508472,11,2,0,Rain,A,1198.8136581253525,18.18251937244007
REC01471,James Taylor,3514941603.0,Libra,Purple,Cooking,18/06/2023 08:30:00,40.831446945029185,-73.98531059923354,40.835453265363135,-74.04462854983134,1.0,11.274299083403147,7.005522495753297,6,5,1,Clear,A,1981.6947315084192,32.09636488725743
REC01472,James Perez,3303958234.0,Virgo,Black,Music,18/06/2023 08:47:00,40.79214779008836,-74.01300754502641,40.7382465329605,-74.03144853283744,1.0,7.528894804491203,4.678236893561503,9,6,1,Rain,A,1819.5631084488289,27.257901478244133
REC01473,William Martinez,3956580364.0,Cancer,Pink,Cooking,18/06/2023 09:04:00,,-74.01594321262465,40.81603884614375,-74.02937335149929,2.0,1.226735499128951,0.7622578638292554,13,2,0,Rain,A,404.8105433709228,7.259622017798286
REC01474,Isabel Moore,3972277379.0,Scorpio,Black,Travel,18/06/2023 09:21:00,40.67629708601044,-73.93103829885354,40.692420942897215,-73.92166994825313,1.0,1.2809163561269639,0.7959242771229676,4,0,0,Clear,A,488.20429322639586,5.839876019569925
REC01475,John Miller,3924745431.0,Aquarius,Green,Hiking,18/06/2023 09:38:00,40.724570281536586,-74.00902303713441,40.71789435632177,-74.00217580120673,1.0,8.245004077771023,5.1232064288086585,18,1,0,Clear,A,1255.7212081248965,24.03628464988474
REC01476,Lucia Anderson,3873677170.0,Libra,White,Sports,18/06/2023 09:55:00,,-74.02264696217743,40.80409143023461,-74.03479810790606,2.0,,1.002585395829476,4,0,0,Rain,A,862.2588703907506,10.58164931400027
REC01477,Carmen Brown,3000030167.0,Leo,Red,Gaming,18/06/2023 10:12:00,40.722516983122226,-73.93416409017252,40.782920417707935,-73.93283941733591,1.0,4.02528837209323,2.501197461055942,0,6,1,Rain,A,1281.344024433371,16.100056205367384
REC01478,John Rodriguez,3016744074.0,Capricorn,Purple,Photography,18/06/2023 10:29:00,40.80527771833684,-73.96040273919505,40.78137106647452,-73.96864859558306,1.0,,0.9220676856169857,20,4,0,Snow,A,428.6462031970698,6.690397702460645
REC01479,Robert Perez,3179488295.0,Aries,Red,Hiking,18/06/2023 10:46:00,40.7561690383129,-73.99180677120677,40.766634495668754,-74.0191877225759,5.0,,2.098603282226161,13,6,1,Clear,A,628.250033986687,12.794979846055346
REC01480,Isabel Torres,3506041872.0,Pisces,Green,Sports,18/06/2023 11:03:00,40.78915929665444,-74.04638032861314,40.790199043751976,-74.04476244514949,1.0,7.873169580560758,4.892159255442619,2,6,1,Clear,A,1137.074232263961,22.890166175397315
REC01481,Michael Brown,3061518118.0,Taurus,Green,Hiking,18/06/2023 11:20:00,,-73.95228701133892,40.72706028888402,-74.01661348237064,3.0,,5.239872950425005,6,0,0,Clear,C,1165.1808715796608,22.15846993991385
REC01482,Thomas Wilson,3606971606.0,Gemini,White,Gardening,18/06/2023 11:37:00,40.788156696687324,-73.9386533676721,40.73048559902647,-73.93129452570459,4.0,6.246042218015884,3.8811094990507478,3,4,0,Clear,A,838.3261528296208,17.086419271031755
REC01483,Thomas Ramirez,3697650086.0,Aries,Blue,Cooking,18/06/2023 11:54:00,40.7180261259658,-74.02766392529676,40.738203026423115,-73.98529334638097,2.0,3.6916522241610927,2.2938856341792024,5,2,0,Clear,A,586.8598572709045,10.699791885207814
REC01484,Maria Anderson,3202411107.0,Virgo,Red,Cooking,18/06/2023 12:11:00,40.76152727544923,-73.96175866645387,40.80952241453401,-73.97216648988893,3.0,3.9695089119905322,2.466537722152469,21,1,0,,A,891.8764930623901,12.887417262516443
REC01485,Laura Torres,3279653603.0,Aquarius,Yellow,Photography,18/06/2023 12:28:00,40.74854512801813,-73.98503447644778,40.69147869927986,-73.92317433208162,1.0,7.97559174268175,4.9558014167419016,10,3,0,Clear,A,1169.6507029156412,23.63539924306635
REC01486,Carmen Moore,3143149674.0,Capricorn,Gray,Dancing,18/06/2023 12:45:00,40.8096019051508,-74.02420317177763,40.78115063394192,-74.00611177857245,1.0,0.6314393543526303,0.39235810305344826,10,1,0,Clear,A,60.0,5.33913028573812
REC01487,Sofia Taylor,3702448964.0,Scorpio,Green,Hiking,18/06/2023 13:02:00,40.79160363142134,-74.00220810805739,40.808562529750425,-73.95845604337471,2.0,1.8297535691681635,1.136955805027591,3,4,0,Rain,A,684.5754444686303,9.953486687727017
REC01488,Ana Ramirez,3408078968.0,Taurus,Blue,Photography,18/06/2023 13:19:00,40.661714469825625,-73.98235337650927,40.65769914609295,-73.97077943606652,4.0,4.197674111837013,2.6083129605462765,15,1,0,Clear,A,924.0534660592012,13.988000683932759
REC01489,Maria Smith,3079175453.0,Taurus,Purple,Travel,18/06/2023 13:36:00,40.709479993153515,-74.04591725770327,40.72987021104965,-74.0293700858624,1.0,5.080954363404958,3.157157693743302,16,5,1,Clear,A,750.2759691874429,16.018446297855828
REC01490,Robert Hernandez,3951765821.0,Aries,Black,Sports,18/06/2023 13:53:00,,-73.95145894457676,40.740535993920936,-73.9471619344855,3.0,10.100465633646618,6.276136431244632,18,2,0,Clear,A,1217.7417883657583,26.328957360744784
REC01491,Isabel Ramirez,3186177343.0,Scorpio,Black,Hiking,18/06/2023 14:10:00,40.784586973010825,-74.01551700827024,40.79134196698109,-74.06255086573736,1.0,2.862378824970768,1.778599192850911,2,0,0,Clear,A,574.9908060005718,10.452075520930341
REC01492,Elena Thomas,3972215085.0,Aries,Black,Sports,18/06/2023 14:27:00,40.7252319569752,-74.01352426063082,40.778116382312746,-74.07248435782279,1.0,11.01625954481742,6.845184209622745,5,4,0,Clear,A,1825.0725979011502,31.33055388631547
REC01493,John Wilson,3051434038.0,Capricorn,Purple,Gaming,18/06/2023 14:44:00,40.695531739115125,-73.95472100038582,40.718106512057894,-73.96196007578108,2.0,7.474846248971556,4.644652688569704,23,4,0,Clear,C,1194.9380172301562,21.94522749841459
REC01494,Michael Lopez,3801707964.0,Pisces,Gray,Travel,18/06/2023 15:01:00,40.68176763178875,-74.00263702702975,40.64199715451405,-74.02071813411543,1.0,3.1620987503322917,1.9648364625927264,15,4,0,,A,466.52074012737745,10.36064372494657
REC01495,William Garcia,3694328577.0,Virgo,Yellow,Hiking,18/06/2023 15:18:00,40.78636767943541,-73.99077514101684,40.80739067814318,-74.00789313973998,1.0,1.7561927651080125,1.0912472546479308,12,2,0,Clear,A,222.95591987595142,6.3965220186131555
REC01496,Robert Davis,3862991975.0,Cancer,Red,Dancing,18/06/2023 15:35:00,40.64632324344543,-73.98527793693096,40.645344484428946,-74.02320412171547,1.0,1.2625833083135034,0.7845326528700699,1,6,1,Rain,A,713.7413302589922,9.802724368609574
REC01497,John Perez,3842723706.0,Taurus,Yellow,Travel,18/06/2023 15:52:00,40.802756856514364,-74.01875753967789,40.81918354076063,-73.98550073985982,5.0,6.678745296122158,4.149978643396722,21,1,0,Fog,A,1019.8406172729697,18.629864118969998
REC01498,David Rodriguez,3373941365.0,Cancer,Green,Sports,18/06/2023 16:09:00,40.685654405303524,-74.00589790915699,40.72069776150827,-74.03683345522732,2.0,7.442310449000522,4.624435886005903,6,4,0,Clear,A,1068.944577822167,19.824233673920855
REC01499,Sofia Torres,3370462655.0,Scorpio,Red,Reading,18/06/2023 16:26:00,40.72761411456894,-73.98088545067303,40.776077275196805,-74.01376132201149,1.0,2.503753680487865,1.5557599281984251,18,6,1,Rain,A,641.1950535034965,9.071735478618075
REC01500,Robert Johnson,3665875613.0,Taurus,Orange,Gaming,18/06/2023 16:43:00,40.69157482151919,-73.98077378065535,40.69410275852148,-73.97962268975301,1.0,2.5482115933149685,1.5833847859497152,0,6,1,Clear,A,555.9562797184308,8.99280639452921
REC01501,Ana Thomas,3672699565.0,Scorpio,White,Music,18/06/2023 17:00:00,40.70404217126404,-73.95364838929667,40.72919382075935,-73.92114538976112,1.0,,4.544110142705701,1,3,0,Clear,A,1166.3704462948149,21.987977450710403
REC01502,Ana Martinez,3591241848.0,Taurus,Gray,Gaming,18/06/2023 17:17:00,40.73882918980477,-73.95143591484936,40.70642301307198,-73.92598630625976,1.0,2.902654812370039,1.8036255234171834,20,4,0,Clear,A,572.926121425109,11.628160113825478
REC01503,Paula Gonzalez,3784795530.0,Capricorn,Purple,Dancing,18/06/2023 17:34:00,40.74316351985905,-73.9190665028271,40.72925482298626,-73.938554654437,3.0,2.4106919578574564,1.4979340725458457,16,1,0,Clear,A,324.5390189365721,8.428260214694495
REC01504,James Thomas,3574039878.0,Aquarius,Blue,Gaming,18/06/2023 17:51:00,40.672682720988014,-74.05531873525264,40.6558024811048,-74.06169011327017,,9.696148799803293,6.024905675882572,19,1,0,Rain,A,1515.3284657964223,27.418733741420784
REC01505,Ana Rodriguez,3370311314.0,Cancer,Purple,Photography,18/06/2023 18:08:00,40.72973151318034,-73.93435265550228,40.76075464407396,-73.8851435433373,3.0,1.2633111416473517,0.7849849073965566,14,6,1,Clear,A,229.63273576447062,4.129093365981043
REC01506,Marta Perez,3666196829.0,Capricorn,Gray,Reading,18/06/2023 18:25:00,40.75516167253201,-73.99702697986146,40.80697910962581,-73.96384494160893,2.0,1.0014909423798655,0.6222974283575194,21,6,1,Snow,A,844.4170005957371,8.961103409009334
REC01507,Ana Johnson,3668614200.0,Gemini,Purple,Gaming,18/06/2023 18:42:00,40.77339759023825,-73.94708643008252,40.86907521956226,-73.9207863764361,2.0,22.178544711884246,13.781104506168226,0,3,0,Clear,A,3206.480983354147,56.05516752852699
REC01508,Paula Hernandez,3420593215.0,Libra,Blue,Gaming,18/06/2023 18:59:00,40.64787907673315,-73.96302887588817,40.67371760204814,-73.95147113845728,1.0,0.30082638589959654,0.18692479223281822,5,0,0,Clear,A,483.6973830847564,5.59945177102085
REC01509,Lucia Moore,3270022565.0,Scorpio,Gray,Reading,18/06/2023 19:16:00,40.72605803124636,-74.00886117824011,40.75978388282465,-74.00585614478841,,3.5225658759617224,2.1888202809122115,11,4,0,Clear,A,494.37583407486966,11.369381580192876
REC01510,Robert Smith,3616696326.0,Capricorn,Blue,Sports,18/06/2023 19:33:00,40.64731910390269,-73.9039948657974,40.59540571952422,-73.84373768416211,,9.903728761263814,6.153889844115257,23,1,0,Fog,A,1617.8919267608414,29.374454990237368
REC01511,Maria Johnson,3000955637.0,Pisces,Gray,Gaming,18/06/2023 19:50:00,40.72458826345603,-73.94193951578225,40.67094814590346,-73.90808228986211,1.0,,2.4575367648013295,16,3,0,Fog,A,392.50538894263286,10.998309118176207
REC01512,Marta Thomas,3872293539.0,Capricorn,Red,Music,18/06/2023 20:07:00,40.728476860037176,-73.9589643256037,40.7024127138314,-73.95530127984136,,0.7525346475708268,0.4676032064957322,7,3,0,Clear,A,492.3651975793381,5.289802240343418
REC01513,Maria Perez,3128961549.0,Aquarius,Green,Music,18/06/2023 20:24:00,40.78145712815834,-73.87049534712375,40.74382814749851,-73.8487983797978,5.0,3.6811199283211913,2.287341170980867,23,2,0,Clear,A,393.6741672040496,10.620451187884667
REC01514,Thomas Anderson,3684100183.0,Pisces,Purple,Sports,18/06/2023 20:41:00,40.79867127317141,-74.02871338716184,40.81402332608959,-74.03619113902607,2.0,4.98522845003578,3.097676387227183,17,1,0,,A,617.4720489948895,15.10521515730205
REC01515,Maria Perez,3032106180.0,Leo,Blue,Cooking,18/06/2023 20:58:00,40.69891048952314,-73.97874595201749,40.75098967538149,-74.02687736827957,1.0,8.563973665828797,5.321404880709705,18,5,1,Rain,A,1685.981542294515,24.73667661682984
REC01516,Charles Torres,3768433738.0,Libra,Purple,Reading,18/06/2023 21:15:00,40.76471311862357,-73.95189379189657,40.765071735810785,-73.98256568562978,4.0,4.022487039548452,2.4994567942512615,21,1,0,Rain,A,978.4862357611876,15.610043322259012
REC01517,Robert Torres,3435947375.0,Libra,Green,Reading,18/06/2023 21:32:00,40.782750544204575,-74.03335080557827,40.763079032515265,-74.04717254942561,3.0,0.7527313510052319,0.467725432305472,14,1,0,Clear,A,222.3000723543496,4.185339610762104
REC01518,Sofia Johnson,3127975590.0,Virgo,Black,Gardening,18/06/2023 21:49:00,40.71264754004814,-74.01319829028945,40.72180795445183,-74.02896208812486,1.0,4.335931182851774,2.6942218950197896,23,2,0,Clear,A,501.4232577015361,13.346698953414789
REC01519,Laura Sanchez,3513018394.0,Gemini,Red,Gardening,18/06/2023 22:06:00,40.788650274465205,-73.9301656138869,40.76707599273781,-73.95185810761488,2.0,,1.5537573288608426,12,5,1,Clear,A,576.5095404212219,9.417987607277597
REC01520,Maria Miller,3487326617.0,Capricorn,Green,Dancing,18/06/2023 22:23:00,40.756798368772536,-74.00481963496337,40.74050535138686,-74.0251483120796,1.0,13.480527955633391,8.376409136319877,20,3,0,Rain,A,2215.0099081022227,38.22209468342528
REC01521,Elena Gonzalez,3746514383.0,Cancer,Pink,Gardening,18/06/2023 22:40:00,40.736327179994966,-73.93640571735416,40.73047723179923,-73.89722252535401,1.0,4.945037547956969,3.0727029262115697,15,6,1,Clear,A,962.9596141522774,16.761223101535915
REC01522,Michael Rodriguez,3173352177.0,Capricorn,Yellow,Sports,18/06/2023 22:57:00,40.75708811153796,-74.0114796788014,40.76872829300327,-73.95650018151218,,4.506350524307246,2.800115531639318,14,3,0,Snow,A,942.2446882224161,14.400493094805164
REC01523,James Smith,3432146168.0,Sagittarius,Gray,Sports,18/06/2023 23:14:00,40.67098991081582,-73.87899572105742,40.6209887278803,-73.83962500152855,2.0,5.109985399561872,3.17519673771116,13,6,1,Clear,A,966.1391638631014,17.445178138249858
REC01524,William Ramirez,3638104264.0,Capricorn,White,Sports,18/06/2023 23:31:00,40.75702319622595,-74.0971321269036,40.69613465815883,-74.16185391154642,5.0,1.8201643881059657,1.130997366001792,3,0,0,Rain,A,562.6618558196004,8.298997963616316
REC01525,Paula Johnson,3245595591.0,Aquarius,Yellow,Photography,18/06/2023 23:48:00,40.70770983168356,-73.92956839877913,40.6819239849323,-73.89723121014205,3.0,3.313376584531891,2.058836121707166,19,3,0,Clear,A,669.7664588693698,13.300995307042744
REC01526,Paula Torres,3014082206.0,Leo,Yellow,Music,19/06/2023 00:05:00,40.75144141027116,-73.96745536271607,40.76711155155667,-73.94536019623635,1.0,5.627291912151817,3.4966360027456864,23,5,1,Rain,A,1151.5137150512899,19.36799835823153
REC01527,Elena Miller,3103773069.0,Taurus,Yellow,Gaming,19/06/2023 00:22:00,40.72970901205354,-74.05653327265459,40.691754335479004,-74.05765011452243,4.0,8.116871516111527,5.043588570837735,12,1,0,Snow,A,1578.2004144527962,25.965089680954836
REC01528,William Taylor,3260058427.0,Scorpio,Green,Travel,19/06/2023 00:39:00,40.76441961066725,-73.99115196108092,40.81944819938048,-74.00606123683697,3.0,8.358126945985758,5.193497698554117,4,2,0,Clear,A,1209.1303125191398,24.209341670754732
REC01529,Joseph Sanchez,3385926949.0,Aquarius,White,Travel,19/06/2023 00:56:00,40.809593468489716,-74.07632570737834,40.83515526597525,-74.08547315083942,1.0,6.758874585446315,4.199768660033362,7,5,1,Clear,A,1064.3009151768147,19.55313655434578
REC01530,William Perez,3011975082.0,Pisces,White,Cooking,19/06/2023 01:13:00,40.756356946124306,-73.96238328546947,40.77643573536218,-73.93268367873942,2.0,11.325406596458272,7.037279222247873,0,5,1,Clear,A,1580.4116483036435,30.600586974795036
REC01531,Carmen Garcia,3191957596.0,Aquarius,Purple,Gaming,19/06/2023 01:30:00,40.80002261914128,-74.0098435211405,40.8256789292527,-73.99827303143225,1.0,4.146255504383262,2.576362929014132,12,5,1,Snow,A,1043.6703643040025,15.63854526120292
REC01532,Lucia Gonzalez,3420867615.0,Capricorn,Red,Hiking,19/06/2023 01:47:00,40.6988539275145,-74.0774901012447,40.71164958395085,-74.04090320888346,1.0,5.524537791005923,3.4327875717351413,4,0,0,Clear,A,981.5220969745687,17.381425205504385
REC01533,Richard Torres,3914643539.0,Taurus,Blue,Music,19/06/2023 02:04:00,,-73.97171632731308,40.83689265727187,-73.94727604979087,1.0,,2.519052127378151,7,3,0,Clear,A,710.3530330156754,12.756960990638673
REC01534,David Lopez,3603876524.0,Gemini,Gray,Photography,19/06/2023 02:21:00,40.69936344372482,-73.9727584307664,40.736623163475784,-73.92954283516318,1.0,6.148567735490661,3.8205416823695675,23,6,1,Fog,A,1092.009549568364,17.728814853613045
REC01535,Thomas Moore,3696110836.0,Aquarius,Orange,Travel,19/06/2023 02:38:00,40.68732808178883,-73.87465417647977,40.71732922454942,-73.85563521756603,1.0,7.293197707049455,4.531781552427026,6,2,0,Rain,A,1970.5385896514404,26.42943939658618
REC01536,David Smith,3616077781.0,Virgo,Pink,Gaming,19/06/2023 02:55:00,,-73.9385997703716,40.745271296040244,-73.97271657971758,1.0,1.3947038388789794,0.8666285190680704,18,4,0,Rain,A,557.8584623558199,7.9836069501955444
REC01537,James Hernandez,3453925562.0,Libra,Yellow,Reading,19/06/2023 03:12:00,40.727777006098435,-74.09937454867952,40.78548250745718,-74.14737672911315,2.0,,1.6441676916083992,9,3,0,Rain,A,634.5113895863842,11.97364528791331
REC01538,Maria Rodriguez,3691068544.0,Aquarius,Black,Dancing,19/06/2023 03:29:00,40.67090034575214,-74.00641782040464,40.67322416777183,-73.9870365827579,2.0,5.287976007015333,3.2857949394551245,9,2,0,Clear,A,1406.739038851798,19.36569116175557
REC01539,Joseph Taylor,3685125536.0,Taurus,Orange,Sports,19/06/2023 03:46:00,40.69360779679406,-73.92476392828348,40.67995769676592,-73.90674642069867,1.0,,1.197800257251493,6,1,0,Snow,A,5.0,11.147631799101058
REC01540,Michael Torres,3002574696.0,Sagittarius,Gray,Hiking,19/06/2023 04:03:00,40.57028712300375,-74.06133850775304,40.525791280224865,-74.0798529065568,5.0,1.9136638999117959,1.1890952511520925,18,5,1,Clear,A,409.1752923173666,8.227974713918405
REC01541,Ana Perez,3544790756.0,Virgo,Yellow,Travel,19/06/2023 04:20:00,40.682439002922614,-74.01857831284087,40.6607665740547,-74.01115918048828,3.0,2.417304099309124,1.5020426654918098,21,5,1,Rain,A,671.676974996531,9.507660931277417
REC01542,Sofia Lopez,3558016542.0,Aquarius,Gray,Hiking,19/06/2023 04:37:00,40.7170079862721,-73.9799095478244,40.75307787194533,-73.9935425702488,3.0,1.3072371414957538,0.812279249848358,13,4,0,Clear,A,163.34391294121792,4.086145166327189
REC01543,Elena Torres,3731443814.0,Scorpio,Blue,Dancing,19/06/2023 04:54:00,40.82449238129293,-74.00640201195091,40.82346902280722,-74.02119701988207,1.0,1.5097504708022025,0.9381151597928353,7,0,0,Fog,A,468.3452297643698,7.722447548883341
REC01544,Carmen Hernandez,3470031054.0,Gemini,Orange,Travel,19/06/2023 05:11:00,40.785652002014416,-73.90044068014687,40.80003243388861,-73.94343842606919,5.0,,1.16744988687608,3,0,0,,A,767.623489463866,10.478252802062642
REC01545,Maria Ramirez,3263707781.0,Libra,Orange,Gardening,19/06/2023 05:28:00,40.76617499859194,-73.9708428356796,40.76859935240204,-73.96949950491818,6.0,1.8805363844453136,1.168510773739169,14,1,0,Clear,A,289.50854348804705,7.376482905944067
REC01546,Richard Sanchez,3719802099.0,Cancer,Orange,Music,19/06/2023 05:45:00,40.85826438307793,-73.97833435758103,40.82217923289335,-73.99384066544907,1.0,1.349788206408972,0.8387192476045493,4,2,0,,A,463.63206506876725,6.555282511252883
REC01547,Carmen Sanchez,3537731360.0,Libra,Purple,Travel,19/06/2023 06:02:00,40.66037904179049,-74.02583638080309,40.65173851792879,-74.01448533865306,6.0,5.787046407070826,3.5959028130080064,3,4,0,Rain,A,1358.7207406931714,18.789131930446093
REC01548,Paula Ramirez,3120835141.0,Cancer,Purple,Dancing,19/06/2023 06:19:00,40.746615018176506,-74.03512159374114,40.7215930852329,-74.08772093315392,,4.867209300692442,3.0243427103805636,11,3,0,Clear,A,781.8366016539997,15.126469202236025
REC01549,Ana Anderson,3606530506.0,Aries,Pink,Dancing,19/06/2023 06:36:00,40.851772118408846,-73.97479890586,40.838720649930984,-73.95674238962023,1.0,,5.681013374771977,5,1,0,Clear,A,1477.1999225108452,26.706540694330304
REC01550,Robert Thomas,3919429166.0,Gemini,Blue,Gardening,19/06/2023 06:53:00,40.7246328446443,-73.98400969093133,40.698003388755694,-73.9994677866297,3.0,2.673214386726177,1.6610578966944314,7,5,1,Clear,A,1060.0713830992304,13.707339354116849
REC01551,John Gonzalez,3401310549.0,Taurus,Red,Gaming,19/06/2023 07:10:00,40.70861100427002,-74.04085555674173,40.72307053109388,-74.07285391035634,2.0,1.4182197097922298,0.8812405992933077,5,5,1,Clear,A,215.8859024574488,5.901494332155817
REC01552,Ana Hernandez,3727851665.0,Sagittarius,Gray,Music,19/06/2023 07:27:00,40.790866905969324,-73.96829836087115,40.81524026743208,-73.98149566599142,,1.9779532224748044,1.2290427718023917,4,1,0,Snow,A,627.0000356392977,9.98112225379518
REC01553,Thomas Ramirez,3613082741.0,Capricorn,Gray,Gaming,19/06/2023 07:44:00,40.72216404839131,-73.97713082659894,40.72321464097352,-74.02507705485226,1.0,8.884962652660032,5.520858128446017,8,6,1,,A,2132.717560386419,30.887442178457682
REC01554,Sofia Johnson,3711943369.0,Aquarius,Yellow,Dancing,19/06/2023 08:01:00,40.81296501201634,-73.99541181968904,40.75327743559124,-74.00413951394128,1.0,8.846941890207203,5.49723312925994,22,1,0,Fog,B,1215.716662409673,23.809193000073257
REC01555,Robert Rodriguez,3159006967.0,Virgo,White,Sports,19/06/2023 08:18:00,40.79157454286115,-73.92037476843592,40.75099398389741,-73.91667896313128,2.0,6.101227827210255,3.7911260362214634,18,1,0,Clear,A,890.4325345155585,17.442114651615295
REC01556,Sofia Anderson,3701098174.0,Leo,Green,Travel,19/06/2023 08:35:00,40.740475467323925,-73.98061799446171,40.75985297109176,-73.9784377557512,,,1.2619728619849222,9,6,1,Clear,A,620.2328916357015,8.773206525910666
REC01557,Maria Hernandez,3127541723.0,Capricorn,Purple,Dancing,19/06/2023 08:52:00,40.79902864119611,-73.99190213657312,40.776361893329344,-73.97810333090399,2.0,2.7827007528814707,1.7290895495187124,10,3,0,,A,770.3603671762104,12.663512181377676
REC01558,Joseph Martinez,3182057385.0,Virgo,Pink,Gardening,19/06/2023 09:09:00,40.73822261318261,-73.92344147291993,40.71558725294497,-73.94047150598537,1.0,4.934926840792544,3.066420425990104,17,6,1,Rain,A,1094.9960439473166,15.484916505493828
REC01559,Isabel Anderson,3620944217.0,Cancer,Blue,Music,19/06/2023 09:26:00,40.7566356187708,-73.9875460640246,40.75870408464336,-73.96416493928487,2.0,3.5685954734990717,2.217421737963592,20,1,0,Clear,A,269.5443064243234,9.167255628202595
REC01560,Ana Garcia,3106949753.0,Pisces,Green,Sports,19/06/2023 09:43:00,40.77926215180918,-74.00007418534977,40.755652270464026,-73.99208913038703,1.0,,3.7261094453781958,4,0,0,Clear,A,1036.0324201589124,18.293330683844605
REC01561,Charles Davis,3128025937.0,Capricorn,Blue,Music,19/06/2023 10:00:00,40.73052315832574,-74.03850611293397,40.666879267254835,-74.01402810164093,2.0,9.059884130539148,5.629549262077241,10,0,0,,A,1417.5840012180981,24.606693833624288
REC01562,David Anderson,3207643271.0,Pisces,Purple,Photography,19/06/2023 10:17:00,40.82551442896064,-73.97696818519056,40.79778289905108,-73.9271950670426,2.0,6.699577325583766,4.16292306237531,21,5,1,,A,909.5021283823505,17.17244330874013
REC01563,Joseph Anderson,3606247941.0,Aries,Green,Gardening,19/06/2023 10:34:00,40.7534992645439,-73.93337820190487,40.741388004732805,-73.97991513313224,5.0,3.6033703025285133,2.239029808252445,16,6,1,Clear,A,349.2372366200808,11.104539821229006
REC01564,Richard Brown,3136037878.0,Sagittarius,Gray,Photography,19/06/2023 10:51:00,40.76448239144586,-74.00084809947185,40.747837890884576,-74.01232692698511,2.0,12.946474705789438,8.044563934411089,20,1,0,Clear,A,1820.133281990531,33.61423608016021
REC01565,David Perez,3062915801.0,Aquarius,Purple,Photography,19/06/2023 11:08:00,,-74.04646553184801,40.705214098275,-74.06935100644576,2.0,9.680295032175405,6.015054604437863,22,5,1,Rain,C,1283.2448725514016,25.25511407647569
REC01566,David Wilson,3671134766.0,Scorpio,Blue,Gardening,19/06/2023 11:25:00,,-73.92945343579441,40.72043409637731,-73.86530616802968,4.0,0.25267189092745757,0.15700298553748523,10,2,0,Rain,A,131.73845830728243,2.674677333269264
REC01567,Ana Gonzalez,3408389150.0,Taurus,White,Gardening,19/06/2023 11:42:00,40.75814420433966,-73.92748570654292,40.758681277003916,-73.90956691506427,4.0,1.4360142342281983,0.8922976007366098,15,6,1,Clear,A,126.3744383780403,6.218381490678671
REC01568,John Davis,3017516384.0,Sagittarius,Green,Travel,19/06/2023 11:59:00,40.793436761992915,-73.9507523070836,40.82814311516021,-73.94213742419733,1.0,2.0076040294044812,1.247466923355092,8,0,0,Rain,A,609.5341283020422,8.353054302301661
REC01569,Marta Martinez,3374058204.0,Scorpio,Pink,Photography,19/06/2023 12:16:00,40.82064654185127,-73.97519467473077,40.773845538671054,-73.93931532787009,1.0,3.3452683938643086,2.0786527671638595,18,4,0,Clear,A,779.8253445456882,12.462747057088126
REC01570,Joseph Smith,3222094490.0,Scorpio,Yellow,Dancing,19/06/2023 12:33:00,,-73.95899478979942,40.74390602472181,-73.95862200821189,,8.711857441872361,5.413295570513671,22,5,1,Snow,A,1782.8189942991262,28.972736238897358
REC01571,Ana Garcia,3592065850.0,Aquarius,White,Gardening,19/06/2023 12:50:00,40.708669087646626,-74.05750744437931,40.758212262510476,-74.04350746223925,5.0,1.9571711518027588,1.216129395766832,6,2,0,Clear,A,501.0847243391348,10.192800554428693
REC01572,Sofia Garcia,3012774993.0,Aries,Pink,Dancing,19/06/2023 13:07:00,40.68850754413723,-74.0091074880261,40.68503863128388,-74.02278900689784,1.0,3.080742427389904,1.914284002849692,22,1,0,Clear,A,624.1147921344058,10.628068192278205
REC01573,Joseph Brown,3268035843.0,Pisces,Orange,Travel,19/06/2023 13:24:00,40.77468063955197,-73.94622076115934,40.762896472261396,-73.98715464780528,1.0,5.615866171957423,3.4895363791353557,19,3,0,Clear,A,644.3321815973503,16.530882227454523
REC01574,Marta Perez,3966950998.0,Taurus,Gray,Cooking,19/06/2023 13:41:00,40.82066646826894,-73.96308368056911,40.86094850048927,-73.93615977195252,1.0,3.298826240526714,2.049794959902325,2,5,1,Clear,A,513.9853636670882,10.59036660496246
REC01575,Richard Moore,3335708039.0,Gemini,Yellow,Gaming,19/06/2023 13:58:00,40.742101340952466,-73.9348726143361,40.73418593776994,-73.9636671901982,3.0,9.212630065663369,5.724461156531313,16,2,0,Clear,A,1354.9859187773973,24.04140154257904
REC01576,Laura Taylor,3594467815.0,Scorpio,Black,Gaming,19/06/2023 14:15:00,40.75291872044629,-73.90330742326053,40.763519438614956,-73.8808494898798,4.0,4.719307743465062,2.932440971864629,5,4,0,Clear,A,779.0114389936462,14.434337407336919
REC01577,Marta Moore,3105597079.0,Cancer,Green,Cooking,19/06/2023 14:32:00,40.75662651802109,-74.04175684614611,40.76497224672115,-74.00924781401659,1.0,4.565332167412094,2.83676501419702,19,5,1,Rain,A,1108.8470556527398,16.17943115627391
REC01578,Sofia Rodriguez,3994102148.0,Aries,Green,Travel,19/06/2023 14:49:00,40.72654649328468,-73.95582139153572,40.74122101099068,-74.02315484466384,2.0,3.7737063195623124,2.3448716694927536,14,2,0,Snow,A,1324.6430055841774,18.665399849320398
REC01579,Michael Wilson,3105569455.0,Leo,Purple,Travel,19/06/2023 15:06:00,40.68893458528731,-73.99291847537589,40.65593713457512,-73.96157392212614,4.0,1.840396881585766,1.143569250707829,13,0,0,Rain,A,729.5003153804239,8.452861431997542
REC01580,Ana Perez,3327720138.0,Virgo,Green,Gaming,19/06/2023 15:23:00,40.802998139527176,-74.00232366271617,40.816190924230334,-73.99468647105316,,,2.9573238835068274,23,0,0,Clear,A,1125.334340688417,16.455372732739896
REC01581,Carmen Lopez,3730325866.0,Leo,Gray,Reading,19/06/2023 15:40:00,40.75771265950997,-73.85640738096012,40.73124863110116,-73.8855008961362,1.0,1.3041797477304395,0.8103794740270109,5,6,1,Rain,A,671.0852719580146,9.126086669914057
REC01582,Lucia Miller,3150411768.0,Aquarius,Gray,Sports,19/06/2023 15:57:00,40.722590969673966,-74.05851202090207,40.70462393240151,-74.1107051298443,2.0,5.846493672000034,3.632841619464333,15,6,1,Fog,A,855.537207720707,18.653182207983214
REC01583,Sofia Martinez,3518974989.0,Taurus,Yellow,Gaming,19/06/2023 16:14:00,40.90025634020463,-73.98909813822317,40.92811216510328,-73.99122290534591,1.0,9.13765333465836,5.6778727902099995,21,6,1,Clear,A,1617.304182231584,28.500211404807693
REC01584,Richard Gonzalez,3697439882.0,Scorpio,Black,Hiking,19/06/2023 16:31:00,40.7498582305782,-73.99181348464919,40.73475692332584,-73.99717121302483,,4.68118047891608,2.9087497953645634,7,3,0,Clear,A,728.3942570827506,13.826698029034533
REC01585,Laura Lopez,3617006412.0,Cancer,Gray,Travel,19/06/2023 16:48:00,40.66439898795438,-73.97761651447934,40.64526072659553,-73.94485530676826,1.0,5.523353565760695,3.432051728510289,14,5,1,Clear,A,1005.2227996894045,17.35090175557032
REC01586,John Ramirez,3087659029.0,Scorpio,Gray,Gaming,19/06/2023 17:05:00,40.782740443166816,-74.07862060621315,40.78885438210685,-74.07667833846608,,3.0991684036960505,1.9257333701730186,20,5,1,Clear,A,562.0642678079699,10.377112208026348
REC01587,Carmen Rodriguez,3476242663.0,Aquarius,Pink,Gardening,19/06/2023 17:22:00,40.65792291016007,-74.02905556390084,40.69831955257178,-74.06168634618564,1.0,8.989481180925857,5.585802910873081,7,2,0,Clear,A,1362.1415466933206,26.087210568899003
REC01588,Maria Miller,3252700301.0,Scorpio,White,Photography,19/06/2023 17:39:00,40.7733005926135,-73.97755783282643,40.84544801262378,-74.02416986645274,1.0,3.7350984158392335,2.3208818377484404,0,5,1,Clear,A,710.7050694486695,13.917161157114307
REC01589,William Sanchez,3448583955.0,Leo,Green,Reading,19/06/2023 17:56:00,40.77197322533127,-74.04976576531801,40.80624490210734,-74.04537257523077,6.0,5.862571121910259,3.6428316805924994,1,5,1,Snow,A,1382.4729740351202,20.434796506215253
REC01590,Elena Moore,3498621056.0,Taurus,Green,Photography,19/06/2023 18:13:00,40.81899434069449,-73.93232725783281,40.85286920601303,-73.93220004749425,1.0,3.416588913815665,2.1229692699665534,23,3,0,Rain,A,538.7553600186533,11.436350574438622
REC01591,Lucia Smith,3305233428.0,Capricorn,White,Sports,19/06/2023 18:30:00,40.69988455671499,-73.9510189305515,40.699167678843686,-73.91140645637024,5.0,5.290190689428886,3.2871710788811166,16,2,0,,A,911.4609303385494,14.591320230359564
REC01592,John Anderson,3383913778.0,Aquarius,White,Gardening,19/06/2023 18:47:00,40.735316877384946,-74.05936088328005,40.812102485160175,-74.07411631748641,1.0,2.9940187762397006,1.8603964410108391,4,1,0,Clear,A,389.4167844914417,9.412582249008942
REC01593,Ana Miller,3433972315.0,Libra,Purple,Dancing,19/06/2023 19:04:00,40.74654629354147,-73.99151781742505,40.752505006181664,-73.97895746261719,5.0,6.340511595991293,3.9398100309127058,11,2,0,Clear,A,1038.9945918447283,19.207983256296902
REC01594,Marta Davis,3420624484.0,Taurus,Pink,Gaming,19/06/2023 19:21:00,40.7932877996161,-73.96122390497803,40.792218732548974,-73.96520711620695,,0.41227994066932006,0.25617879901363605,4,5,1,Rain,A,451.5327707803138,7.50650455326565
REC01595,Laura Gonzalez,3601043551.0,Leo,Green,Photography,19/06/2023 19:38:00,40.77171214954013,-74.04878849623721,40.783192463605346,-74.12985824156094,1.0,6.367009100340152,3.9562748116874604,1,2,0,,A,1337.940208017408,20.15523710035044
REC01596,Thomas Gonzalez,3767640247.0,Gemini,White,Gaming,19/06/2023 19:55:00,40.77593963784051,-74.05887294423162,40.78387280012272,-74.03739155255815,3.0,12.780351535556598,7.941339814000338,13,1,0,Clear,A,1457.9703697265961,29.12863699365343
REC01597,David Brown,3512133219.0,Pisces,Gray,Cooking,19/06/2023 20:12:00,40.810941299404064,-74.02787740105987,40.771527412421385,-74.04066033981739,1.0,7.377701230116824,4.584289591058921,11,4,0,Rain,A,1215.4947708986347,21.882141111591825
REC01598,Richard Ramirez,3627562531.0,Gemini,Pink,Reading,19/06/2023 20:29:00,,-73.84562643601538,40.71797799610102,-73.82585285814473,2.0,3.9461096172274828,2.451998078966258,1,0,0,,A,1200.2266428909895,16.557304234826457
REC01599,Joseph Brown,3192749953.0,Aries,Gray,Travel,19/06/2023 20:46:00,40.82313631147633,-73.92528309597849,40.83455355984406,-73.92020580335883,3.0,3.5377987400595274,2.1982855409095285,16,2,0,Clear,A,1165.9289756966025,14.609951555428916
REC01600,Isabel Miller,3194895143.0,Aries,Red,Reading,19/06/2023 21:03:00,40.745583212811475,-74.01042973901485,40.72190208802377,-74.04009288184993,1.0,6.2414645991134945,3.878265099415751,3,3,0,Rain,A,1268.861447549156,19.785271672657913
REC01601,James Davis,3232347804.0,Cancer,White,Gardening,19/06/2023 21:20:00,40.79477305521946,-74.04655488994008,40.81420240319389,-74.05178181546626,3.0,2.5224643403900426,1.5673861896525012,12,1,0,Clear,A,433.75923038457114,9.818023075876035
REC01602,Charles Hernandez,3113866671.0,Sagittarius,White,Gardening,19/06/2023 21:37:00,40.725224305494685,-74.02126602530784,40.726306177317156,-74.02220701435232,1.0,3.759931006083214,2.336312089180933,5,6,1,Clear,A,833.4740360798165,11.555877194510444
REC01603,Ana Torres,3284912749.0,Leo,Orange,Reading,19/06/2023 21:54:00,40.779751554571455,-73.90388242897998,40.80785377984232,-73.89836200859193,2.0,1.8701141378866883,1.1620346919727895,2,4,0,,A,320.8219803345245,8.663000517043049
REC01604,Lucia Sanchez,3141906319.0,Pisces,Black,Travel,19/06/2023 22:11:00,40.80790755700116,-73.87831166998845,40.804195337937976,-73.86294185378303,2.0,7.9302973815496625,4.927656814270895,3,0,0,Clear,A,1304.666539295853,22.74225609768964
REC01605,Paula Johnson,3352975834.0,Sagittarius,Green,Cooking,19/06/2023 22:28:00,40.69589638376495,-74.02059374844602,40.71034747713021,-74.01967830278068,,3.996827505878952,2.4835127041555105,7,0,0,Clear,A,866.9404454316829,14.374392301095481
REC01606,John Moore,3730175991.0,Pisces,Green,Gaming,19/06/2023 22:45:00,40.7972174907706,-73.96444545099875,40.74286496944501,-73.91205912985805,2.0,4.982867093749659,3.0962091089103194,1,3,0,Snow,A,1510.6980456579568,20.63700735826116
REC01607,Michael Moore,3247209068.0,Capricorn,Black,Hiking,19/06/2023 23:02:00,,-73.9931119678021,40.71065590139828,-73.96789581347338,3.0,1.7190556756440016,1.068171344230589,8,4,0,Clear,A,676.0073834117529,9.777134505257095
REC01608,Laura Miller,3415659518.0,Virgo,Orange,Music,19/06/2023 23:19:00,40.85191977801052,-73.9164841319998,40.82782045985483,-73.88660459159686,4.0,,3.8139530158115518,9,3,0,,A,1293.961403002886,19.830636089357636
REC01609,Maria Lopez,3919734456.0,Virgo,Orange,Gaming,19/06/2023 23:36:00,40.73680533290056,-74.03469690783506,40.74613275351443,-74.0099492523564,1.0,3.1153633778557532,1.9357964574616073,21,0,0,Clear,A,320.85691159587134,10.357978158891427
REC01610,Lucia Torres,3518270604.0,Gemini,Orange,Photography,19/06/2023 23:53:00,40.76467471149145,-73.93105022387603,40.74123848987408,-73.92875760441385,1.0,4.551803099631327,2.828358443821017,12,5,1,Snow,A,1068.3819067590944,16.547536226846677
REC01611,Joseph Torres,3734462852.0,Aquarius,Black,Gardening,20/06/2023 00:10:00,40.74219632655947,-74.04700703374849,40.76403628571271,-74.02505146458051,1.0,3.8689803412394035,2.4040721836162695,16,6,1,Clear,A,744.0574856068596,12.278622815289694
REC01612,Marta Garcia,3808602093.0,Cancer,Green,Dancing,20/06/2023 00:27:00,,-73.93261223050308,40.79474414248942,-73.89514791855244,,9.43206569928051,5.86081209562763,3,2,0,Clear,A,1415.711392869787,27.10407476843654
REC01613,Elena Brown,3862567472.0,Libra,Black,Reading,20/06/2023 00:44:00,,-74.02253646791796,40.62707691928586,-74.01875582749308,5.0,1.7271427217934463,1.0731964001835155,22,1,0,Fog,A,412.89379871963365,5.516594775452399
REC01614,Maria Garcia,3426847890.0,Cancer,Blue,Sports,20/06/2023 01:01:00,40.67948102956008,-73.99572241082299,40.68619678449655,-73.96419975417307,,11.969019355109221,7.437201525703572,9,1,0,Clear,A,1955.6588766987006,33.61534688084146
REC01615,David Sanchez,3286368772.0,Taurus,Yellow,Dancing,20/06/2023 01:18:00,,-74.01227119596467,40.77010730562244,-74.051338287108,,3.1086900381053684,1.9316498376675708,11,3,0,Snow,A,922.9536961634013,14.411627828142777
REC01616,James Sanchez,3939588831.0,Cancer,Yellow,Cooking,20/06/2023 01:35:00,40.7513260339957,-73.88194318764764,40.76077918489133,-73.84897285377747,3.0,1.112928106896741,0.6915412507105348,16,2,0,Clear,A,308.10339085502767,6.69868949296297
REC01617,Isabel Miller,3519102343.0,Pisces,Purple,Photography,20/06/2023 01:52:00,40.64982707915113,-73.93030036311512,40.634514626256966,-73.95342867550617,2.0,4.332816200386522,2.6922863352503734,0,0,0,Rain,A,990.131674613979,16.042903345126323
REC01618,Ana Thomas,3886104210.0,Cancer,Gray,Gaming,20/06/2023 02:09:00,40.71829675268274,-74.00056756926254,40.730191458940794,-74.03969954599314,3.0,4.098430038484219,2.5466455714429777,2,1,0,Rain,A,702.2042621630025,12.525235974568519
REC01619,Charles Wilson,3594936706.0,Capricorn,Orange,Dancing,20/06/2023 02:26:00,40.73035841202679,-74.0212375964537,40.77117695500536,-74.02961052144613,1.0,1.6703714986237697,1.0379204084713505,5,1,0,Fog,A,290.3771826069465,6.232689410909687
REC01620,Michael Garcia,3807724310.0,Scorpio,Orange,Gardening,20/06/2023 02:43:00,40.725745257588855,-73.91432000084002,40.68866964802407,-73.90809863586497,4.0,20.274324380704506,12.59787721476274,4,3,0,Clear,A,2926.6677716057384,52.71705429218991
REC01621,Charles Anderson,3314386218.0,Capricorn,Black,Hiking,20/06/2023 03:00:00,40.7965777864975,-74.14991642654877,40.77574816139253,-74.13987405758641,1.0,8.909845157548496,5.536319395391066,11,6,1,Clear,A,1481.9150019039628,26.386023528584364
REC01622,David Taylor,3122190601.0,Capricorn,Pink,Travel,20/06/2023 03:17:00,40.81281802212207,-73.95604110732515,40.793230650737875,-73.91732642316386,1.0,9.471596505564984,5.885375392259419,10,4,0,Clear,A,1284.8504231784361,26.756162474421703
REC01623,Carmen Johnson,3356126803.0,Scorpio,Orange,Reading,20/06/2023 03:34:00,40.63810621213191,-74.02796441293293,40.64744041668226,-74.04468090279036,1.0,9.14154943298926,5.68029371272597,20,1,0,Clear,A,1476.5816841299868,25.711696795880716
REC01624,Lucia Sanchez,3648999909.0,Pisces,Green,Gaming,20/06/2023 03:51:00,40.744025916474314,-73.86729189020481,40.76915564994241,-73.81797163306811,4.0,3.148704617583812,1.9565137369326708,8,5,1,Rain,A,875.0285139694895,14.154242631370266
REC01625,Sofia Taylor,3777814932.0,Pisces,Pink,Music,20/06/2023 04:08:00,40.75568740876732,-73.84346455638246,40.70350094176228,-73.79408041085362,1.0,17.158576461066872,10.661841814189584,14,3,0,Fog,A,2286.696736144729,42.265537359089755
REC01626,David Johnson,3935827346.0,Gemini,Orange,Gardening,20/06/2023 04:25:00,40.6759185301944,-73.97846549748829,40.67041455441024,-73.9716967088422,1.0,6.2610589052104615,3.89044043298953,13,0,0,Rain,A,1590.292237187169,23.30552944850565
REC01627,Paula Martinez,3340895053.0,Cancer,Gray,Reading,20/06/2023 04:42:00,40.812655842756534,-73.99827229777412,40.81350301830724,-74.02309763283846,4.0,,2.874836342682365,18,1,0,,A,715.9995172685316,14.752048607074562
REC01628,Michael Ramirez,3271757023.0,Libra,Green,Photography,20/06/2023 04:59:00,40.76854917452451,-73.97659965966965,40.79500664012175,-73.90187549607363,1.0,2.4708661366082447,1.5353245621704017,12,6,1,Rain,A,480.68179482717244,8.112469111413253
REC01629,Joseph Smith,3979358105.0,Leo,Blue,Hiking,20/06/2023 05:16:00,40.792525669292615,-74.01108070575282,40.7656507854155,-73.95933455022896,,4.408832770092333,2.7395208271850433,20,3,0,Rain,A,923.1196061736389,15.606030977981218
REC01630,Charles Perez,3712747428.0,Taurus,Blue,Reading,20/06/2023 05:33:00,40.72771043969807,-74.01972168727455,40.7496044715464,-74.01400794178437,2.0,3.6465146887163256,2.265838478642352,6,6,1,Clear,A,613.4138377806455,11.700277945436065
REC01631,Ana Wilson,3350750060.0,Cancer,Orange,Music,20/06/2023 05:50:00,40.71105376855266,-73.9682715696998,40.71984380248913,-74.00913825656785,1.0,5.793167926773109,3.599706547826934,10,4,0,Clear,A,1108.9883749819335,18.97085384153898
REC01632,Isabel Taylor,3035513451.0,Scorpio,Pink,Travel,20/06/2023 06:07:00,40.72152874330174,-73.94881244724466,40.77475119646399,-73.93019721422249,1.0,2.7909366274521545,1.7342070831365728,1,2,0,Snow,A,963.7853838291633,12.23683701018386
REC01633,Robert Brown,3744964007.0,Taurus,Orange,Gaming,20/06/2023 06:24:00,40.74449842748673,-73.97333625459456,40.81031623839079,-73.99103376024617,1.0,8.821100099783202,5.481175790102387,22,1,0,,A,1412.4967918499283,25.059808889931812
REC01634,Paula Garcia,3803859163.0,Libra,Orange,Gardening,20/06/2023 06:41:00,40.72872464642,-73.96549483127474,40.752599589046945,-73.93927468667353,1.0,3.357983601767494,2.0865536286138697,0,3,0,Rain,B,1054.5568989169376,14.177277884743553
REC01635,Carmen Gonzalez,3498236695.0,Taurus,Yellow,Music,20/06/2023 06:58:00,40.79527781981743,-74.01162780622792,40.78746478635522,-74.0047427266218,1.0,4.146789230633244,2.5766945710278097,6,2,0,Clear,A,622.3561337786555,12.43787065548059
REC01636,Marta Gonzalez,3776920977.0,Leo,Black,Gardening,20/06/2023 07:15:00,40.88330218869131,-74.02669094994282,40.89802240708652,-74.07457210334344,4.0,3.1894657304671363,1.981841510406095,1,4,0,Rain,A,893.3740542055474,12.322147738765695
REC01637,David Brown,3094359440.0,Capricorn,Green,Photography,20/06/2023 07:32:00,40.77912804887863,-74.02717829686769,40.796572827649335,-74.06257717435035,1.0,4.9092916003359255,3.0504914309923343,22,6,1,Clear,A,816.6938550976151,16.027638101931736
REC01638,Paula Davis,3554512682.0,Capricorn,Orange,Hiking,20/06/2023 07:49:00,40.65263776764239,-73.94140248213182,40.66843929952032,-73.96426779284504,1.0,6.685655627095166,4.15427252266375,18,5,1,Rain,A,1343.0509388949695,23.510634508601903
REC01639,James Lopez,3470152572.0,Taurus,Green,Cooking,20/06/2023 08:06:00,40.757753607580625,-73.97601922661264,40.77036469459449,-73.92679226206054,5.0,14.443122979109376,8.974537768652173,13,1,0,Clear,A,2104.6590111682794,38.33474939116466
REC01640,John Torres,3728012782.0,Gemini,Purple,Gaming,20/06/2023 08:23:00,,-73.96992369090242,40.70663410935367,-73.98942169874036,1.0,3.431766005551048,2.13239987463526,10,3,0,Clear,A,659.2983884687843,14.036460344335099
REC01641,Marta Miller,3911674276.0,Gemini,White,Cooking,20/06/2023 08:40:00,40.72961637292149,-73.96293329707218,40.76110583297274,-74.03114585610358,2.0,3.5599762853352828,2.21206602439507,4,2,0,Clear,A,598.51944739865,12.450929910199758
REC01642,David Lopez,3385973875.0,Cancer,White,Music,20/06/2023 08:57:00,40.74821900021398,-73.98289094265822,40.81415910065979,-73.98893867784781,4.0,4.266513197574467,2.651087572090044,10,0,0,,A,747.7092018890316,12.910022876452501
REC01643,Lucia Martinez,3152587922.0,Aquarius,Red,Sports,20/06/2023 09:14:00,,-73.97457713989758,40.682762510881695,-73.98241774542693,2.0,,1.1931411039356767,13,0,0,,A,624.3582682574593,10.115244473478345
REC01644,John Martinez,3888211276.0,Cancer,Orange,Sports,20/06/2023 09:31:00,40.6982476298134,-73.91520938895233,40.73723973609905,-73.86751505887258,3.0,0.9018274820708871,0.5603694443618692,8,3,0,Clear,A,868.6591362230955,9.557010387307637
REC01645,Ana Torres,3133244307.0,Aquarius,Pink,Hiking,20/06/2023 09:48:00,40.77609697518494,-73.94115419817322,40.78034442446635,-73.89571725266609,,2.2081639197134333,1.3720890229562557,0,2,0,Rain,A,820.407114016635,12.050767980646055
REC01646,Michael Garcia,3616718032.0,Taurus,Yellow,Gaming,20/06/2023 10:05:00,40.6503056033195,-73.9886178690819,40.62661013201819,-74.02788073824763,2.0,1.2744300147314473,0.7918938526836942,5,0,0,,A,348.63742248293755,6.28845740701336
REC01647,Isabel Garcia,3255446810.0,Cancer,Yellow,Gardening,20/06/2023 10:22:00,40.769317850911996,-74.0036093605556,40.72879395328323,-73.99180679547428,,3.04833824606897,1.8941489842981218,6,1,0,Clear,A,521.5563212268413,11.508342116173075
REC01648,William Perez,3016939634.0,Pisces,Orange,Gardening,20/06/2023 10:39:00,40.70489814717493,-73.92863597994567,40.71406348999974,-73.90488348016882,2.0,3.8894374909976337,2.4167836632186908,12,3,0,Rain,A,1109.570739382985,14.618609785827818
REC01649,Marta Taylor,3396124931.0,Libra,White,Cooking,20/06/2023 10:56:00,40.763934918610225,-73.9633614594435,40.76501551372252,-73.96699602014348,1.0,,0.8700899348141925,9,4,0,Clear,A,368.07823163508976,7.245220262048127
REC01650,John Gonzalez,3524802590.0,Aries,Orange,Dancing,20/06/2023 11:13:00,40.68276569824705,-73.99539943412516,40.650404270490206,-73.99011707590697,1.0,3.7795716215545405,2.3485161980569664,19,6,1,Clear,A,447.8940288691362,10.873444859672581
REC01651,Paula Lopez,3301798971.0,Virgo,Purple,Travel,20/06/2023 11:30:00,40.76157458534797,-74.04456743758129,40.7606540428506,-74.0113993565246,1.0,500.0,3.027419455532337,8,5,1,Clear,A,728.6008506246711,15.235984189120742
REC01652,Thomas Anderson,3258688601.0,Aquarius,Orange,Cooking,20/06/2023 11:47:00,40.818865670379026,-73.89529786121564,40.84997018907659,-73.88651566750936,1.0,6.917485687096082,4.29832499887658,16,1,0,Rain,A,1566.6566588636824,22.942956081454554
REC01653,Robert Hernandez,3834158372.0,Scorpio,Yellow,Hiking,20/06/2023 12:04:00,,-74.03635239983953,40.766810654965475,-74.01623798026579,2.0,,1.8939375635125955,3,3,0,Clear,A,806.5348860978731,10.796590520222377
REC01654,Marta Anderson,3103728192.0,Virgo,Blue,Music,20/06/2023 12:21:00,40.71916894632806,-73.965778658783,40.72299129703244,-73.92357195351534,2.0,2.279134962970305,1.4161883710758212,13,6,1,Clear,A,509.6148736555666,8.36362958903582
REC01655,Robert Davis,3577830795.0,Scorpio,Red,Music,20/06/2023 12:38:00,40.7716249735635,-73.88873793209115,40.77535805690522,-73.90213503966181,2.0,1.906025731057228,1.1843491145327607,5,0,0,Clear,A,330.74768562012,7.210258252229424
REC01656,John Perez,3525510697.0,Aquarius,Black,Music,20/06/2023 12:55:00,40.76055347721327,-73.99706109240118,40.77924029880997,-73.9731773458537,,4.023850139039506,2.5003037847451166,22,4,0,Clear,A,612.2385930850359,11.765158013806333
REC01657,Charles Lopez,3917300588.0,Libra,Gray,Gaming,20/06/2023 13:12:00,40.680913291906165,-73.98227386529827,40.715865644871016,-73.99560648806161,2.0,5.637718738645264,3.5031149303507463,0,1,0,Clear,A,1291.7506376390913,20.170739933270855
REC01658,Paula Hernandez,3863828466.0,Gemini,Gray,Reading,20/06/2023 13:29:00,40.80538135627522,-73.93731361156256,40.81088608497249,-73.905107581341,1.0,4.305036815809538,2.6750250312763884,10,5,1,Clear,A,731.9206354156858,13.963904913544749
REC01659,Sofia Garcia,3886025295.0,Libra,Pink,Gardening,20/06/2023 13:46:00,40.79044744755477,-74.03965678361158,40.80095544089773,-74.05829859269659,1.0,3.437412441303934,2.1359084060654667,10,2,0,Snow,A,1175.4865210858964,14.205438339530717
REC01660,Richard Ramirez,3443713402.0,Leo,Orange,Cooking,20/06/2023 14:03:00,40.81410453602157,-74.06349004171601,40.80212730451245,-74.0504545361868,1.0,14.79734729409965,9.194642485481994,16,4,0,Rain,A,2294.0541547519756,39.91594064421793
REC01661,William Anderson,3250787809.0,Gemini,Purple,Travel,20/06/2023 14:20:00,40.77729507426864,-73.99785523142937,40.77256379048942,-74.00469304062248,4.0,-5.0,3.3185096681097677,6,5,1,Rain,A,1141.2376283819895,17.277057728497937
REC01662,Maria Sanchez,3667154263.0,Capricorn,Red,Music,20/06/2023 14:37:00,40.8443905122742,-73.9759647707408,40.82531225455537,-73.95835390341142,2.0,2.8309420899504243,1.7590653173745852,8,0,0,Clear,A,771.698791227269,11.973512295871968
REC01663,Maria Sanchez,3704912680.0,Libra,Gray,Travel,20/06/2023 14:54:00,40.656369509338134,-73.97653032617836,40.62533018155258,-74.00187383919148,3.0,3.868665708773918,2.403876680126558,15,6,1,Clear,A,1015.7901027516008,15.344777228821632
REC01664,Maria Johnson,3200746647.0,Pisces,Yellow,Music,20/06/2023 15:11:00,40.826195687444304,-73.90913989790394,40.79004759634383,-73.91746661546688,1.0,1.1425420132841504,0.7099424733363858,20,5,1,,A,315.16566377968513,7.0612359581202195
REC01665,Marta Johnson,3752594980.0,Gemini,Blue,Reading,20/06/2023 15:28:00,,-74.02729504389832,40.70464042053799,-74.02887414757859,2.0,6.498053168829969,4.037701795569046,8,6,1,Snow,A,1760.7432128391226,24.26705563468954
REC01666,Thomas Thomas,3624925945.0,Taurus,Pink,Dancing,20/06/2023 15:45:00,40.72280155104238,-73.9871855429257,40.69487294116803,-74.01942089748987,2.0,3.0851607454268177,1.9170294175466072,4,4,0,Rain,A,762.9261295209872,12.816259394765886
REC01667,David Johnson,3809313322.0,Libra,Gray,Sports,20/06/2023 16:02:00,40.71427738474094,-73.90463658852492,40.72323952425911,-73.92286520012077,3.0,3.659015520967067,2.2736061332788275,5,0,0,Clear,A,696.5051329192266,10.627168926067798
REC01668,Richard Garcia,3703755971.0,Aries,Green,Gaming,20/06/2023 16:19:00,,-73.99389223449347,40.78890647601501,-74.04308100969371,,5.9817954128109285,3.7169141974537396,7,3,0,Clear,A,1181.1354211764985,17.260621726313094
REC01669,Lucia Taylor,3177484018.0,Aries,Pink,Music,20/06/2023 16:36:00,40.7900121631205,-73.88065121645022,40.77739439887048,-73.8693361091766,3.0,6.1006751957636185,3.7907826470668353,8,5,1,Rain,A,1338.4767297219978,20.155142244731355
REC01670,Lucia Miller,3002378616.0,Leo,Black,Gardening,20/06/2023 16:53:00,40.72668283473818,-73.99171482244299,40.701510025353194,-73.96788865112521,5.0,7.298913674251265,4.535333288683183,12,1,0,Snow,A,1666.0979920518866,24.35008304436379
REC01671,Lucia Ramirez,3147489927.0,Taurus,Blue,Reading,20/06/2023 17:10:00,40.76367890134744,-74.01470205783693,40.82823290920007,-74.05644380664728,5.0,0.6748447932383322,0.41932898401929575,2,6,1,Clear,A,141.41570306326958,5.422607258936726
REC01672,David Perez,3934484602.0,Aries,Gray,Gardening,20/06/2023 17:27:00,,-73.98195821046319,40.87496118658361,-74.0170920619321,1.0,2.9995105251783363,1.863808854540588,17,5,1,Clear,A,666.4244830763673,11.345834211168947
REC01673,Sofia Sanchez,3590680399.0,Scorpio,Yellow,Gaming,20/06/2023 17:44:00,40.716506090514315,-73.96702040463231,40.69870822288709,-73.99578475087822,2.0,1.92313514097225,1.194980405681068,4,3,0,,A,443.8666762613473,8.243653520829167
REC01674,Maria Gonzalez,3740638704.0,Aries,White,Photography,20/06/2023 18:01:00,40.730276070858224,-74.00057730063011,40.68308593812808,-74.03877816472571,1.0,5.743423839358179,3.568797014485831,21,4,0,Rain,A,1078.7003629505841,18.629243966777093
REC01675,Joseph Wilson,3878526186.0,Sagittarius,Orange,Photography,20/06/2023 18:18:00,40.820994616053056,-73.96009303957182,40.836505000737205,-73.9481123714198,4.0,6.016025558534165,3.7381838173319326,23,3,0,Clear,A,952.9810067856453,17.36992127187998
REC01676,Isabel Hernandez,3303636090.0,Aquarius,Green,Cooking,20/06/2023 18:35:00,40.67122437497991,-73.98745881302877,40.72579863692973,-74.0082135287748,5.0,3.016156929675055,1.8741524475491187,19,1,0,Rain,A,1053.4784083420493,14.86135316053656
REC01677,Joseph Ramirez,3529634312.0,Pisces,Pink,Music,20/06/2023 18:52:00,40.76225579357945,-73.91652580468815,40.75665574864498,-73.9090198654732,1.0,7.923113362751978,4.923192873326559,0,4,0,Clear,A,1207.0330938245029,23.083785696733504
REC01678,Michael Moore,3143245032.0,Scorpio,Yellow,Cooking,20/06/2023 19:09:00,,-73.95460536888939,40.61882148573466,-73.97703088359337,5.0,4.4327662298133,2.7543923849853202,12,3,0,Snow,A,1322.0949695512293,17.503085453647
REC01679,Sofia Davis,3071129943.0,Aries,Gray,Hiking,20/06/2023 19:26:00,40.68102494097602,-73.97946191214645,40.68932558685927,-73.9896734653052,3.0,11.349170077292483,7.0520451600973075,19,5,1,Clear,A,1754.5319245335652,30.590589189334054
REC01680,Ana Gonzalez,3972820262.0,Libra,Purple,Photography,20/06/2023 19:43:00,40.69049613954687,-73.99582534128704,40.69972175824589,-73.96467057286988,2.0,0.7684536836343177,0.4774948338535396,23,3,0,Clear,A,385.7990542962965,4.812564988392642
REC01681,Thomas Rodriguez,3084689792.0,Gemini,Green,Hiking,20/06/2023 20:00:00,,-73.93985792401028,40.63130646065286,-73.97452283148816,2.0,4.209276217799257,2.615522172730142,17,3,0,Clear,A,536.7934686351266,13.665038789987252
REC01682,James Martinez,3785118338.0,Virgo,Gray,Photography,20/06/2023 20:17:00,40.68764009185608,-73.9784415701106,40.70706618176477,-73.99529718359798,1.0,,2.4122123570412324,9,2,0,Rain,A,896.0998066479841,15.54844108697993
REC01683,Robert Rodriguez,3498098824.0,Capricorn,Blue,Gardening,20/06/2023 20:34:00,40.760049154643156,-74.00262375312396,40.81630150639616,-73.99009384739679,5.0,2.126393641674576,1.3212793435209729,23,6,1,Clear,A,325.9891267371432,8.066336347615904
REC01684,Laura Ramirez,3632005295.0,Taurus,Pink,Gaming,20/06/2023 20:51:00,40.819992225562736,-74.01615701873297,40.82166940551753,-74.0257125943336,1.0,6.48889010763055,4.032008135068502,19,4,0,Rain,A,1385.773084897152,21.60725816873255
REC01685,Michael Martinez,3817518957.0,Aquarius,Pink,Reading,20/06/2023 21:08:00,40.8519529935632,-73.9450301675736,40.84869298831629,-73.93937052193581,,7.79587466543831,4.844130436738069,17,6,1,Clear,A,1256.2072349355017,21.640637496710582
REC01686,Lucia Brown,3656728884.0,Aries,White,Photography,20/06/2023 21:25:00,40.69852899701917,-74.00358175684285,40.722368946776086,-74.00352966617429,1.0,,0.3587515922697215,3,1,0,Snow,A,774.3224223223265,9.510116841403674
REC01687,James Taylor,3996050350.0,Leo,Yellow,Sports,20/06/2023 21:42:00,40.78642135835621,-73.99499610948057,40.80669922355519,-74.04019811269066,3.0,8.072113216772776,5.015777061619317,0,4,0,Fog,A,1223.7573551309545,22.816903241362837
REC01688,Elena Gonzalez,3007296995.0,Libra,Blue,Photography,20/06/2023 21:59:00,40.810425219667756,-73.95233712865678,40.81561675920931,-73.91036464520985,1.0,,7.463050728118122,6,5,1,Clear,A,1526.9510854527746,28.997568085844026
REC01689,Laura Gonzalez,3911518894.0,Scorpio,Purple,Reading,20/06/2023 22:16:00,40.75604611771202,-73.92645511064802,40.77923708857648,-73.92943520370144,1.0,5.254866414551982,3.2652215988765794,14,4,0,,A,765.5740888855863,15.961133623225246
REC01690,Isabel Wilson,3692131518.0,Leo,Yellow,Travel,20/06/2023 22:33:00,40.78542456144683,-73.95024235274686,40.81003952948563,-73.90239914209786,5.0,1.7251502472017424,1.0719583342539938,13,3,0,Rain,A,685.7298870196425,9.122255439712509
REC01691,Robert Perez,3377198841.0,Libra,Green,Photography,20/06/2023 22:50:00,40.773002095789764,-73.93736185818217,40.73780690519034,-73.92721951262423,,7.449493033081922,4.628898935459147,2,0,0,Fog,A,1132.6487362437435,20.492083646188423
REC01692,Lucia Garcia,3573719306.0,Taurus,Gray,Cooking,20/06/2023 23:07:00,40.77292663715458,-73.94452112696695,40.738467451406244,-73.90502129602315,1.0,1.6988109242634737,1.0555918428205189,19,3,0,Clear,A,436.4033388432448,7.09403127459462
REC01693,Marta Garcia,3946387120.0,Aquarius,Blue,Gardening,20/06/2023 23:24:00,40.713168203592005,-73.9795848648131,40.67442575409816,-73.94891657502399,,9.364165662212603,5.818620981694707,18,0,0,Clear,A,1135.7770452919276,23.430437823955234
REC01694,Paula Gonzalez,3376485928.0,Aries,Blue,Gaming,20/06/2023 23:41:00,40.65030338271136,-73.96027080422783,40.6048961723367,-73.92340434643151,1.0,1.299003508707926,0.8071631092093526,7,2,0,Clear,A,499.09156546945445,8.321864250176016
REC01695,Robert Gonzalez,3399077302.0,Aries,Gray,Gaming,20/06/2023 23:58:00,40.7325654853292,-73.88870539290224,40.75688058491645,-73.89538895497115,1.0,,5.704596781872465,18,6,1,Clear,A,1016.1635795209814,22.638530536985552
REC01696,James Hernandez,3634051692.0,Capricorn,Purple,Sports,21/06/2023 00:15:00,,-73.98979683712581,40.73604301989798,-73.93618325583995,2.0,1.1057136601670101,0.6870584027316352,22,2,0,Rain,A,331.2418215480859,6.45751115945759
REC01697,Thomas Johnson,3378696962.0,Aries,Orange,Travel,21/06/2023 00:32:00,40.7361061562412,-74.03462246706282,40.749538967151246,-74.04878236815108,6.0,3.5116165998541984,2.1820167182680033,17,0,0,Clear,A,468.695593752118,11.976300878185967
REC01698,Richard Davis,3822698721.0,Gemini,Gray,Gaming,21/06/2023 00:49:00,40.79807256126491,-74.10631885272323,40.84793041459936,-74.09543820119455,3.0,6.881821204857981,4.276164123883809,13,3,0,Snow,A,1236.71375271243,21.077417260666053
REC01699,Laura Wilson,3908534882.0,Leo,Yellow,Sports,21/06/2023 01:06:00,40.821783765218726,-73.8832212291416,40.81253353194887,-73.857327292207,1.0,7.9554392804357486,4.943279261123641,5,3,0,Rain,A,1325.8350736879615,24.135731850230943
REC01700,Thomas Hernandez,3504961359.0,Scorpio,Orange,Sports,21/06/2023 01:23:00,40.75753656876878,-73.88095965240558,40.736836973135716,-73.78579224801061,3.0,7.6744124328839245,4.768657327833517,18,6,1,Clear,A,1242.863225511995,23.73191903835755
REC01701,Joseph Martinez,3282259213.0,Libra,Green,Reading,21/06/2023 01:40:00,40.690799159771124,-74.02954286721524,40.6944783126143,-73.99672490919669,1.0,12.611301336854499,7.836296922982617,11,6,1,Clear,A,2054.599941351613,33.68877898220838
REC01702,David Garcia,3928377699.0,Taurus,Gray,Music,21/06/2023 01:57:00,,-73.91570179070925,40.76479835318885,-73.93148423045338,1.0,7.426535092504426,4.6146335369645675,14,4,0,Clear,A,1063.915490577466,21.596929984784634
REC01703,Maria Gonzalez,3938043970.0,Sagittarius,Purple,Cooking,21/06/2023 02:14:00,40.711380982634296,-73.92837318094226,40.69365602007249,-73.92029246470723,4.0,1.6930270688883466,1.051997922822221,23,6,1,Clear,A,285.2715585287372,8.606833883703928
REC01704,Thomas Ramirez,3356604015.0,Virgo,Orange,Cooking,21/06/2023 02:31:00,40.756197977422595,-73.94793882130425,40.814458875065945,-73.98832804724675,1.0,1.8488096195615196,1.148796682116561,23,4,0,,A,642.3935180518403,10.0824912196131
REC01705,Lucia Perez,3593493627.0,Scorpio,Gray,Music,21/06/2023 02:48:00,40.72666232299631,-73.95484012727742,40.724511025541325,-73.91074247560125,1.0,5.124299215201582,3.184090927649022,21,2,0,Rain,A,1048.1562287661263,16.943364943211172
REC01706,John Martinez,3479220869.0,Cancer,Black,Gaming,21/06/2023 03:05:00,40.795133113728156,-74.01723166829169,40.81052242913026,-74.11103510480616,1.0,2.8464897813161523,1.768726201906199,3,4,0,,A,373.4066091974973,10.129682286441877
REC01707,Ana Moore,3109224975.0,Taurus,Gray,Dancing,21/06/2023 03:22:00,40.70760226596049,-73.97353415886305,40.71247993092406,-73.97870864494651,5.0,7.334593521962553,4.557503711335394,18,4,0,Rain,A,1485.655916931698,23.13730926747934
REC01708,Charles Taylor,3749124531.0,Scorpio,White,Photography,21/06/2023 03:39:00,40.859171631618885,-73.96260160430477,40.84726200403449,-73.89673062635751,3.0,4.169258896165174,2.5906565695690507,4,4,0,Clear,A,677.3682796365993,16.441615368528414
REC01709,Carmen Davis,3856347239.0,Taurus,Green,Reading,21/06/2023 03:56:00,40.6763817580111,-73.97651313698844,40.70369045480726,-73.95371964678634,1.0,6.695947317684684,4.16066748073705,3,2,0,Fog,A,945.2413739990386,19.211063548685516
REC01710,William Moore,3591133599.0,Cancer,Yellow,Photography,21/06/2023 04:13:00,,-73.98273653215753,40.661034708310275,-73.96804316120787,1.0,2.8779176085232248,1.7882545423256848,8,4,0,,A,607.5021869714899,8.506922757265446
REC01711,David Sanchez,3405792033.0,Aquarius,Green,Photography,21/06/2023 04:30:00,40.66947296666376,-73.91498042923294,40.65931460974603,-73.9507346656002,1.0,8.279939742376728,5.14491443766037,22,0,0,Clear,A,1696.1840869705657,25.315687153454434
REC01712,Michael Martinez,3122680415.0,Taurus,Red,Sports,21/06/2023 04:47:00,,-73.92921570653165,40.82625136489821,-73.88929052333216,1.0,3.993512681064115,2.48145296814549,18,1,0,Fog,A,846.5989379918884,14.854203930490263
REC01713,Isabel Brown,3483217916.0,Leo,Blue,Gaming,21/06/2023 05:04:00,40.75234414313281,-73.93628784045376,40.708790477832736,-73.96372039460319,4.0,6.6108602855272345,4.107796866478343,5,1,0,Clear,A,991.5241596550513,18.152123831019615
REC01714,Robert Moore,3938443104.0,Scorpio,Gray,Photography,21/06/2023 05:21:00,40.7602876899268,-73.93338070292849,40.73926163538658,-73.96056492992341,3.0,5.391201879493446,3.3499365030627217,7,4,0,Snow,A,1083.1028943847368,16.849873476877697
REC01715,Joseph Anderson,3193396684.0,Capricorn,Purple,Hiking,21/06/2023 05:38:00,,-73.9685337160486,40.6903429251087,-73.92866111109035,6.0,4.590893506227836,2.8526480888582966,20,4,0,Clear,A,479.2670738865597,12.659109389482067
REC01716,William Perez,3124478171.0,Gemini,Gray,Gardening,21/06/2023 05:55:00,40.804297568186136,-73.92170009772438,40.79439579123665,-73.95012968735398,1.0,2.376166504528257,1.4764809570852275,1,6,1,Clear,A,509.2223211848373,9.649817089121314
REC01717,Michael Miller,3158051473.0,Pisces,Green,Gardening,21/06/2023 06:12:00,40.78214213661941,-74.03990581857096,40.764071508346426,-74.08381009203923,2.0,1.7047796498951078,1.059300635834973,7,6,1,Clear,A,502.70437526861366,8.133703326549496
REC01718,Paula Johnson,3389057844.0,Taurus,Red,Gardening,21/06/2023 06:29:00,40.722729239232685,-73.97652211908952,40.69217066670594,-74.0054435751731,1.0,,7.496874159233563,10,4,0,Fog,A,1565.2083063304697,31.192260148108616
REC01719,David Johnson,3341726116.0,Taurus,Black,Reading,21/06/2023 06:46:00,40.74917216844065,-73.94459752674427,40.74704282529518,-73.93892221625866,,5.787338740422989,3.5960844604753732,1,6,1,Clear,A,920.1742406773794,19.96485977207087
REC01720,Elena Torres,3371770327.0,Virgo,Red,Travel,21/06/2023 07:03:00,40.70548386118629,-73.95282764597738,40.72965097309553,-73.96790175304687,3.0,,1.7878110493228068,13,6,1,Rain,A,665.7451390386433,10.551479815464258
REC01721,Robert Sanchez,3528252928.0,Gemini,Red,Reading,21/06/2023 07:20:00,40.701542595125765,-73.96128235601331,40.71301728714144,-73.90678133021375,1.0,2.3742713699686817,1.4753033754288098,16,0,0,Clear,A,377.9922161869907,7.53203789862125
REC01722,Paula Martinez,3118516207.0,Aquarius,White,Gardening,21/06/2023 07:37:00,40.719234648492396,-73.93364562043163,40.75003863328121,-73.93261973402987,1.0,3.1274002540761794,1.9432758232755696,4,2,0,Snow,C,1041.619373499207,13.548801616617165
REC01723,Charles Moore,3158513820.0,Leo,Pink,Reading,21/06/2023 07:54:00,40.73630234367691,-73.90794789900714,40.73028495421533,-73.94515338449087,1.0,4.324177311885446,2.6869183804635717,4,1,0,Clear,A,567.8899829333345,13.609340768895938
REC01724,Michael Miller,3912152410.0,Aquarius,Red,Gardening,21/06/2023 08:11:00,40.75008738066274,-74.03317707253899,40.787862872845324,-74.08921698985955,2.0,7.330364972498618,4.554876213326438,0,6,1,Clear,A,898.1862277157851,19.988095828541045
REC01725,Laura Torres,3718209421.0,Taurus,Purple,Hiking,21/06/2023 08:28:00,40.747783793338215,-73.9649820412299,40.70951246792194,-73.93796780194278,1.0,1.0757183185279402,0.6684201673020247,5,6,1,Rain,A,318.21478161368447,5.208496166256924
REC01726,Lucia Miller,3825308927.0,Virgo,Blue,Dancing,21/06/2023 08:45:00,40.70674044295962,-74.01611655936887,40.746077530036125,-74.0071090939383,1.0,1.350934150966895,0.8394313043204505,6,3,0,Clear,A,285.4142255914638,5.797963182872915
REC01727,Paula Smith,3748109463.0,Gemini,Gray,Photography,21/06/2023 09:02:00,40.78795206860271,-73.92649804100114,40.820717898655744,-73.90824670528157,2.0,3.1650125791427106,1.9666470313144853,13,4,0,Clear,A,312.82231715092627,9.857017756173963
REC01728,Ana Miller,3026826574.0,Libra,Orange,Cooking,21/06/2023 09:19:00,40.80447545710893,-73.94380062296827,40.757146597319746,-73.95660870902178,,4.111272163125054,2.554625295273178,13,6,1,Clear,A,1116.926575980278,14.540482910301431
REC01729,David Sanchez,3196767945.0,Scorpio,Purple,Gardening,21/06/2023 09:36:00,40.79568005273831,-74.02851669773837,40.8097240743356,-74.02389072268454,3.0,4.609381018828594,2.864135693050542,15,3,0,,A,1436.4661630220153,19.591496544106562
REC01730,James Anderson,3566615703.0,Aquarius,Blue,Gaming,21/06/2023 09:53:00,40.78531034991742,-73.98033389299793,40.78152277698667,-73.94461452652634,1.0,9.916490963265002,6.161819906334937,8,5,1,Clear,A,1768.540602660485,29.731842216235002
REC01731,William Perez,3773385231.0,Cancer,Pink,Gardening,21/06/2023 10:10:00,40.62487277315018,-74.05505676627138,40.621686419908684,-74.05489082211083,,3.1800961944093014,1.976019552416302,17,0,0,Clear,A,440.4507677515239,10.801835270908905
REC01732,Elena Johnson,3937934942.0,Leo,Purple,Music,21/06/2023 10:27:00,40.700076862151484,-73.93250699964396,40.70205762019794,-73.96692585068078,4.0,0.3915299943341568,0.24328538410940936,23,5,1,Clear,A,78.9949983221797,3.3479504913363067
REC01733,Thomas Rodriguez,3043074204.0,Leo,Blue,Music,21/06/2023 10:44:00,40.67558022540291,-74.00679132980918,40.65700150958745,-73.98510800472356,,3.7110649714938297,2.3059481524020926,8,2,0,Clear,A,564.9510586926916,11.981055079584527
REC01734,James Hernandez,3982072712.0,Gemini,Blue,Sports,21/06/2023 11:01:00,40.66136781726562,-74.0365104830938,40.689531675271475,-74.0469790661386,1.0,8.96134363161591,5.568319053720809,3,3,0,,A,2173.8085617127153,30.9383844495229
REC01735,Thomas Taylor,3646486691.0,Taurus,Black,Dancing,21/06/2023 11:18:00,40.80719552919845,-73.99728066583675,40.807318188833705,-73.96829477872771,1.0,6.19988030341532,3.8524258240134808,6,4,0,Rain,A,1480.194488243357,21.575460972857744
REC01736,Michael Torres,3885922378.0,Gemini,Black,Sports,21/06/2023 11:35:00,,-73.95080725804392,40.80101757538072,-73.95004310522697,1.0,2.232519629629895,1.3872229547827575,4,4,0,Clear,A,595.7104070525448,8.169008283187287
REC01737,Charles Wilson,3723352594.0,Leo,Pink,Cooking,21/06/2023 11:52:00,,-73.96565500346345,40.74924926662757,-73.9398005052102,1.0,0.43755157459231536,0.2718818594560016,16,0,0,Rain,A,455.96709766939887,8.073928728284391
REC01738,Ana Brown,3013550991.0,Scorpio,Red,Cooking,21/06/2023 12:09:00,40.77356649624267,-74.00445534182275,40.75934027740875,-73.98924471050108,4.0,8.242479515920868,5.121637739287266,9,5,1,Rain,A,1588.1282204701504,25.459261026512646
REC01739,Charles Anderson,3986615560.0,Cancer,Black,Music,21/06/2023 12:26:00,,-73.98524721731775,40.75051251441429,-73.94630665446249,1.0,10.113601551135758,6.284298709430778,23,4,0,Clear,A,1606.060054153505,28.94865010093415
REC01740,Paula Davis,3287170859.0,Leo,Green,Gaming,21/06/2023 12:43:00,,-73.99458834474473,40.76902697552957,-73.96572608637426,1.0,1.2627558769143752,0.7846398819941622,1,3,0,Clear,A,634.276160542338,8.926311942144572
REC01741,Carmen Perez,3149694644.0,Scorpio,Green,Hiking,21/06/2023 13:00:00,40.764001331303504,-74.02670401031006,40.82408403350387,-74.06584826039537,1.0,5.703287789512793,3.543857637057354,2,2,0,Rain,A,1288.5427189357229,22.144017951278293
REC01742,Robert Wilson,3610823642.0,Libra,Black,Dancing,21/06/2023 13:17:00,40.72392902318948,-74.07328322399576,40.72754485567471,-74.12949218211003,6.0,7.364374119906291,4.576008511260292,20,4,0,Rain,A,1191.7753839424622,20.699647264076955
REC01743,Robert Hernandez,3523567713.0,Capricorn,Blue,Photography,21/06/2023 13:34:00,40.77811483599091,-73.98032203229663,40.7410273974607,-73.98263065044576,1.0,0.3439695481245692,0.2137327020877117,6,4,0,Clear,A,87.45704644357657,4.781603624809337
REC01744,Isabel Wilson,3259332682.0,Capricorn,Yellow,Reading,21/06/2023 13:51:00,40.74091810391286,-73.95074966130785,40.73486085268064,-73.9326949968764,,6.6853330711705405,4.15407209576631,4,3,0,Clear,A,1146.700064993011,20.076141211079264
REC01745,Marta Perez,3792080850.0,Scorpio,Yellow,Reading,21/06/2023 14:08:00,,-73.98079709617417,40.74530098826859,-74.00255731049135,1.0,6.544046790732313,4.066280898404128,9,2,0,Rain,A,1278.3529303085236,19.643349904280946
REC01746,Michael Hernandez,3293941959.0,Cancer,Yellow,Reading,21/06/2023 14:25:00,40.78466650545935,-73.87751265873683,40.76081544736019,-73.86414290959057,1.0,9.801582437019793,6.090419080473426,3,3,0,Clear,A,1389.0386300541422,26.216165798976597
REC01747,Michael Brown,3117557418.0,Taurus,Blue,Travel,21/06/2023 14:42:00,40.93800776242876,-74.00978923466833,40.95075934025582,-73.99768351729413,2.0,3.0921017938623754,1.921342383754058,1,0,0,Clear,A,860.0389372553243,14.59167330095824
REC01748,Elena Lopez,3960466298.0,Taurus,Green,Sports,21/06/2023 14:59:00,40.83931072730484,-73.98209426557278,40.90622444721034,-73.98428383741788,2.0,1.7218234857667203,1.0698911811743528,16,4,0,Rain,A,590.7374868928036,8.579043485391548
REC01749,David Brown,3448792431.0,Sagittarius,Green,Gaming,21/06/2023 15:16:00,40.75750084665555,-73.9556951419554,40.81358238648271,-73.97473440824854,2.0,6.511765100220238,4.04622199208895,18,1,0,Rain,A,995.9442761639368,18.531731451060274
REC01750,James Torres,3315698131.0,Taurus,Orange,Gaming,21/06/2023 15:33:00,40.70301347407334,-73.9579649434152,40.70905239484328,-73.98854619199817,4.0,7.8481192610354515,4.87659371334886,21,6,1,Snow,A,2215.3865750185346,27.52979624174413
REC01751,Michael Garcia,3152385320.0,Aries,Orange,Photography,21/06/2023 15:50:00,40.637323241895665,-73.99279467183905,40.613904695645246,-73.91841945546189,1.0,3.392501707135029,2.1080021782642,8,6,1,Clear,A,973.5903899711554,15.022131071274318
REC01752,John Davis,3416165898.0,Leo,Red,Music,21/06/2023 16:07:00,40.81421223905096,-73.98271083275851,40.82260927221929,-74.04633258196317,2.0,6.979001073568888,4.336548876084573,20,0,0,Clear,A,1089.77026861064,20.84683024929603
REC01753,Elena Moore,3019136652.0,Sagittarius,Yellow,Hiking,21/06/2023 16:24:00,40.8059910634353,-73.98416628752639,40.828133528683615,-74.0213315682553,1.0,,3.6531748930873924,18,5,1,Clear,A,954.7490915429215,17.38475339321312
REC01754,Michael Perez,3301599952.0,Sagittarius,Purple,Hiking,21/06/2023 16:41:00,40.718601908547164,-73.9458367992777,40.724710675192306,-73.86782297942943,2.0,,5.261185230698518,2,5,1,Clear,A,914.8724199149113,20.625320932152896
REC01755,David Taylor,3200932266.0,Aquarius,Red,Travel,21/06/2023 16:58:00,40.745620535944965,-74.01474507065598,40.76797306486477,-74.04573565049084,4.0,2.349805694723734,1.4601011143361813,6,5,1,Fog,A,419.4415719676315,8.614152070210876
REC01756,David Garcia,3012561194.0,Virgo,Blue,Travel,21/06/2023 17:15:00,40.76040004528712,-74.10168710823604,40.77371671345265,-74.11856633079839,5.0,4.929492195085316,3.0630434947523577,11,1,0,Snow,A,1176.7470607094842,17.07968358368338
REC01757,Robert Rodriguez,3006089174.0,Cancer,Black,Reading,21/06/2023 17:32:00,40.779703447532995,-73.99715568243201,40.78824401160554,-73.97675345937094,2.0,5.734137615598684,3.56302682434217,22,3,0,Clear,A,954.4999214379393,17.91261258806163
REC01758,Marta Martinez,3447406389.0,Sagittarius,Purple,Dancing,21/06/2023 17:49:00,,-73.89560763327103,40.79623899633135,-73.88117552344922,5.0,4.166951983433055,2.5892231208977807,11,1,0,Clear,A,1023.0203195994235,16.680690481806355
REC01759,Elena Ramirez,3431984049.0,Taurus,Purple,Photography,21/06/2023 18:06:00,40.684847181021226,-73.9399359404486,40.680936924445035,-73.92664407348295,2.0,,3.9730771278420423,18,2,0,Clear,A,1103.2349533491874,20.547672388419954
REC01760,David Rodriguez,3690890635.0,Cancer,Pink,Cooking,21/06/2023 18:23:00,40.783682643140644,-74.05843153550397,40.84100763049243,-74.0135695391094,5.0,7.675587352010949,4.769387388506396,6,4,0,Rain,A,1798.632416462683,27.823364192429047
REC01761,John Thomas,3023540552.0,Virgo,Green,Dancing,21/06/2023 18:40:00,40.76094121760608,-73.94624503278826,40.77563239085684,-73.97498647186384,,9.21762092858947,5.727562334018568,7,2,0,Clear,A,1295.4145503289112,26.71390597889921
REC01762,Richard Smith,3696871898.0,Aries,Gray,Music,21/06/2023 18:57:00,40.72449319692859,-73.96957839161045,40.75954409746307,-73.96432966378303,1.0,4.0073483346376975,2.4900500420421605,2,2,0,Clear,A,431.37358418306667,10.337069557239898
REC01763,Ana Johnson,3521891928.0,Taurus,Blue,Cooking,21/06/2023 19:14:00,40.79032303659586,-73.99874667945713,40.850662825266255,-74.00035758581052,1.0,4.8653750430258595,3.0232029558600213,4,3,0,Rain,A,1285.7981317699596,16.605305389788292
REC01764,Charles Gonzalez,3663885526.0,Taurus,Red,Sports,21/06/2023 19:31:00,40.7444351983444,-74.03390601772502,40.70905802734977,-74.06027689544472,1.0,2.9658227517618236,1.8428762490849961,12,2,0,Snow,A,1070.2151629306238,14.230871880036855
REC01765,Michael Hernandez,3704050486.0,Aries,Orange,Music,21/06/2023 19:48:00,40.74597976397473,-74.02067952337936,40.823952033642115,-74.01756697485926,1.0,3.826705402347273,2.3778037625619275,23,1,0,Rain,A,1009.2405064603669,13.945801665865627
REC01766,Richard Brown,3136767603.0,Sagittarius,Purple,Photography,21/06/2023 20:05:00,40.76568951153896,-74.00799675398028,40.794882804533486,-73.99118652557718,1.0,18.688563173408276,11.612531187623874,22,5,1,Clear,A,2642.0469197555844,47.42713672232094
REC01767,Thomas Johnson,3346802470.0,Aries,Pink,Music,21/06/2023 20:22:00,,-73.88823744238938,40.76196359444238,-73.87069088683671,1.0,1.9710436328657657,1.2247493531974336,0,6,1,,A,715.3082743500786,10.636067383085589
REC01768,Thomas Anderson,3568149128.0,Aries,Blue,Sports,21/06/2023 20:39:00,40.782719784899825,-73.94799474600184,40.76261609268079,-73.91591166287024,1.0,8.750724372658187,5.43744635416299,17,6,1,Fog,A,1458.9208111089354,25.87423532652839
REC01769,David Lopez,3360248553.0,Cancer,Pink,Reading,21/06/2023 20:56:00,40.73013244356967,-74.01547931622822,40.75185855916565,-74.0166796826454,1.0,4.557726724011439,2.832039212225712,21,0,0,Rain,A,1067.1216115941081,16.145047430000137
REC01770,Marta Perez,3594964696.0,Aquarius,Gray,Cooking,21/06/2023 21:13:00,,-74.00710009283715,40.81046973734588,-74.03732112822668,,3.586760269772384,2.228708815588736,14,5,1,Clear,A,550.6137472814772,12.162191696785117
REC01771,Charles Moore,3502338264.0,Aries,Orange,Gardening,21/06/2023 21:30:00,40.761416686722775,-73.98187242640708,40.76590534070021,-74.02339478018064,5.0,3.7932614625437937,2.3570226682422994,12,0,0,Clear,A,1100.146348763763,16.740389993666895
REC01772,Charles Lopez,3370041097.0,Sagittarius,Yellow,Gardening,21/06/2023 21:47:00,40.71649800936967,-74.0016588346975,40.726603103822264,-74.01550116860118,3.0,0.3868322964618586,0.24036637088480156,7,0,0,Clear,A,398.04246200672424,6.573969727593484
REC01773,David Ramirez,3427499899.0,Scorpio,Gray,Gardening,21/06/2023 22:04:00,40.76543882398911,-73.97921603123058,40.75827450212459,-74.0197959052627,5.0,,2.3221903832962125,4,1,0,Clear,A,637.4066637622045,11.85975892668777
REC01774,Lucia Johnson,3820758158.0,Pisces,Yellow,Gardening,21/06/2023 22:21:00,40.79947503185792,-73.98728664636738,40.83399288522499,-74.00860782818414,4.0,1.8411113558530685,1.144013204297777,6,4,0,Snow,A,840.8393638100134,10.982393927599901
REC01775,Maria Sanchez,3680711076.0,Scorpio,Yellow,Music,21/06/2023 22:38:00,40.67124055351401,-73.97513644209612,40.65564441517128,-74.01059096814683,2.0,2.5263214745374167,1.5697829009547892,14,1,0,Rain,A,814.8334389181116,11.631730085022054
REC01776,Isabel Rodriguez,3900756587.0,Libra,Black,Travel,21/06/2023 22:55:00,40.81335288802794,-74.07991582373296,40.75298784431093,-74.09956028828935,2.0,6.582899728771865,4.090422987366702,6,0,0,Clear,A,1005.2801973379999,18.343754042722534
REC01777,Carmen Rodriguez,3449281202.0,Capricorn,Red,Dancing,21/06/2023 23:12:00,40.76701435135827,-73.93998547834946,40.75970134908049,-73.88648210550068,1.0,5.500711976793014,3.417982901731852,2,4,0,Rain,A,780.8499118483111,17.195785593476685
REC01778,Richard Lopez,3390998530.0,Sagittarius,Black,Dancing,21/06/2023 23:29:00,40.74848161059376,-74.00800658075707,40.7860874628474,-74.01170693046498,1.0,8.043030109953722,4.997705662452055,16,3,0,Clear,A,1195.934696495728,22.31137281425856
REC01779,Thomas Anderson,3766697111.0,Libra,Pink,Cooking,21/06/2023 23:46:00,40.715684842917604,-73.93465754648942,40.78936181388235,-73.8874889594531,2.0,4.7932654174594385,2.9783961257121887,21,1,0,,A,617.7333157227445,12.542830320445308
REC01780,Robert Garcia,3480310359.0,Capricorn,Pink,Photography,22/06/2023 00:03:00,40.76735262145688,-73.87019634387815,40.806823746530156,-73.85766610518222,1.0,5.5378900355351535,3.441084269270514,20,2,0,Rain,A,1199.1510388760425,18.757212611681517
REC01781,Richard Wilson,3029105657.0,Aquarius,Pink,Dancing,22/06/2023 00:20:00,40.705817406479746,-74.05263346058678,40.737823523468975,-74.07130620249208,1.0,4.844899457709027,3.0104800209361158,8,6,1,Clear,A,964.1143823505166,15.094437916819151
REC01782,Laura Ramirez,3602949128.0,Scorpio,Green,Gardening,22/06/2023 00:37:00,40.65053924418962,-73.97507848263788,40.63917941419998,-73.97877735025826,,3.8317133385795117,2.38091554890649,0,2,0,Clear,A,566.3020986822504,10.145067336133938
REC01783,Maria Perez,3951931889.0,Aries,Red,Hiking,22/06/2023 00:54:00,,-74.00100387326748,40.78345244985433,-74.05052433189996,1.0,9.15156281581117,5.686515738423402,14,2,0,Clear,A,1557.3951695280584,26.906479952868402
REC01784,Elena Moore,3135142688.0,Virgo,Blue,Gaming,22/06/2023 01:11:00,40.736372646601396,-73.96025936080093,40.75690172078861,-73.97019234961982,1.0,9.025692636420818,5.60830365918544,20,1,0,Rain,A,1598.6868685454224,25.128205336949545
REC01785,William Rodriguez,3074050573.0,Gemini,Purple,Gaming,22/06/2023 01:28:00,40.78065715974269,-74.08536735018923,40.80235679457177,-74.12469242391879,3.0,8.113774277312357,5.041664036467857,2,3,0,Rain,A,1423.1755523720844,25.089108050256264
REC01786,David Rodriguez,3506167042.0,Taurus,Black,Photography,22/06/2023 01:45:00,40.7390597983922,-73.9979119504984,40.757906374566474,-73.97995538006768,2.0,4.04962052918055,2.5163167578374477,5,4,0,Clear,A,649.3708265186424,14.02474702663831
REC01787,Isabel Martinez,3117448503.0,Aries,Gray,Gardening,22/06/2023 02:02:00,,-74.02093111297155,40.657997601118154,-74.03397785179668,1.0,,2.597592788517006,4,1,0,Clear,A,662.611585052105,14.427848271622622
REC01788,Marta Perez,3414451653.0,Aries,Blue,Music,22/06/2023 02:19:00,40.716944738612554,-73.89864856431615,40.72846138726124,-73.90775692936437,1.0,7.895560547567969,4.906072353002857,3,1,0,Clear,A,1313.4481878048016,23.556514786236328
REC01789,Isabel Sanchez,3002539599.0,Pisces,Purple,Cooking,22/06/2023 02:36:00,40.75103199518275,-73.88703487655981,40.707391823016984,-73.89957291500689,1.0,7.145913741397094,4.440263567405654,23,1,0,Clear,A,982.9651625075057,19.320369864573173
REC01790,Marta Smith,3225339810.0,Pisces,Orange,Photography,22/06/2023 02:53:00,40.78227985690418,-73.99430605363365,40.807089264143215,-73.96735423836178,1.0,1.573235449710832,0.9775628846222695,10,4,0,Clear,A,400.3202314350254,7.197671132597821
REC01791,Elena Taylor,3323706768.0,Aries,Blue,Hiking,22/06/2023 03:10:00,40.79065923470983,-74.03736280994728,40.800745223996614,-74.06405788216745,1.0,10.49963420716685,6.524168206941472,10,3,0,,A,1475.2239371943692,27.584911001660227
REC01792,James Lopez,3379224004.0,Aquarius,Orange,Gaming,22/06/2023 03:27:00,40.68190149219723,-74.02192969439676,40.66294141722743,-74.05060492160447,3.0,5.852041862703389,3.636289104269868,13,6,1,Clear,A,836.7205101704792,15.03614860718142
REC01793,Isabel Johnson,3606546365.0,Gemini,Red,Music,22/06/2023 03:44:00,40.75255782143438,-73.97804731101002,40.786344547592925,-73.96776940722053,3.0,2.565073756589573,1.5938624452058197,16,1,0,Clear,A,603.6590613198749,12.039013046547563
REC01794,Charles Gonzalez,3896799631.0,Pisces,Pink,Gaming,22/06/2023 04:01:00,40.78868602797786,-74.05006674116878,40.777934074807355,-74.0174769005264,1.0,3.033559626540083,1.8849659787028379,19,5,1,Rain,A,652.1197652295291,12.118828809823427
REC01795,Richard Sanchez,3612260726.0,Pisces,Pink,Hiking,22/06/2023 04:18:00,40.70634671320851,-73.95404707123406,40.69631890932675,-73.94410871077736,2.0,8.585111585940234,5.33453937126727,19,0,0,Clear,A,1406.9784358186848,23.8931818266024
REC01796,Carmen Anderson,3502241292.0,Cancer,Yellow,Sports,22/06/2023 04:35:00,40.84001098627136,-73.98981346154827,40.856030101562226,-73.92420786780752,1.0,6.355312953767671,3.9490071653955714,8,4,0,Rain,A,1464.6413125859885,21.693228438597686
REC01797,Paula Ramirez,3626932586.0,Cancer,Pink,Cooking,22/06/2023 04:52:00,40.725275583666985,-73.96218369728577,40.72480045054131,-73.99021133637801,5.0,11.871874151034621,7.3768383131025335,0,5,1,Rain,A,2226.0052834316703,35.11653048454215
REC01798,Isabel Wilson,3943711499.0,Virgo,Black,Gaming,22/06/2023 05:09:00,40.80099802719244,-73.96028024707985,40.80800013592268,-74.0252769715029,3.0,11.720263606578879,7.282631917483524,13,3,0,Clear,A,1410.4619638538265,29.709522749378547
REC01799,Michael Gonzalez,3790202441.0,Taurus,Red,Reading,22/06/2023 05:26:00,40.78455843306105,-73.91102919009897,40.815528549792795,-73.89641228027229,2.0,10.494676182631405,6.521087434277859,4,0,0,Clear,A,1748.724818415725,29.788259491147276
REC01800,Isabel Wilson,3969853449.0,Leo,Orange,Music,22/06/2023 05:43:00,40.71561235019181,-73.94824884312122,40.69346144461328,-73.95284743851245,2.0,4.612864466399148,2.866300206350905,23,1,0,Rain,A,974.4430795149425,16.116776739691037
